scientificName,taxonKey,individualCount,organismQuantity,organismQuantityType,sex,lifeStage,occurrenceStatus,continent,countryCode,stateProvince,island,decimalLatitude,decimalLongitude,elevation,elevationAccuracy,coordinateUncertaintyInMeters,eventDate,year,month,day
"Katsuwonus pelamis (Linnaeus, 1758)",2374191,,,,,,PRESENT,ASIA,TW,Taiwan,,25.128225,121.740675,,,,2026-01-01T02:53:13,2026.0,1.0,1.0
"Katsuwonus pelamis (Linnaeus, 1758)",2374191,,,,,,PRESENT,ASIA,MV,,,4.179925,73.509617,,,,2025-02-09T20:06:43,2025.0,2.0,9.0
"Katsuwonus pelamis (Linnaeus, 1758)",2374191,,,,,,PRESENT,ASIA,LK,Gampaha,,7.210245,79.831384,,,183.0,2025-02-22T05:41:15,2025.0,2.0,22.0
"Katsuwonus pelamis (Linnaeus, 1758)",2374191,,,,,,PRESENT,ASIA,PH,Batangas,,13.7108,120.897259,,,985.0,2025-03-02T15:15,2025.0,3.0,2.0
"Katsuwonus pelamis (Linnaeus, 1758)",2374191,,,,,,PRESENT,ASIA,LK,Galle,,6.033374,80.217667,,,,2025-04-21T07:06,2025.0,4.0,21.0
"Katsuwonus pelamis (Linnaeus, 1758)",2374191,,,,,,PRESENT,ASIA,LK,Matara,,5.971575,80.426917,,,4.0,2025-04-20T16:50,2025.0,4.0,20.0
"Katsuwonus pelamis (Linnaeus, 1758)",2374191,,,,,,PRESENT,ASIA,IN,Karnataka,,13.346714,74.701211,,,,2025-05-08T06:30:23,2025.0,5.0,8.0
"Katsuwonus pelamis (Linnaeus, 1758)",2374191,,,,,,PRESENT,ASIA,ID,Sulawesi Utara,,1.513511,124.890417,,,,2025-06-25T18:24:35,2025.0,6.0,25.0
"Katsuwonus pelamis (Linnaeus, 1758)",2374191,1.0,,,,,PRESENT,ASIA,VN,Phú Yên,,13.088,109.309,,,,2025-08-24,2025.0,8.0,24.0
"Katsuwonus pelamis (Linnaeus, 1758)",2374191,1.0,,,,,PRESENT,ASIA,VN,Phú Yên,,13.088,109.309,,,,2025-08-24,2025.0,8.0,24.0
"Katsuwonus pelamis (Linnaeus, 1758)",2374191,,,,,,PRESENT,ASIA,ID,Bali,,-8.356305,115.715422,,,4.0,2025-12-12T07:37:01,2025.0,12.0,12.0
"Katsuwonus pelamis (Linnaeus, 1758)",2374191,,,,,Adult,PRESENT,ASIA,PH,Camarines Sur,,13.710148,123.597992,,,122.0,2024-02-09T06:39,2024.0,2.0,9.0
"Katsuwonus pelamis (Linnaeus, 1758)",2374191,,,,,,PRESENT,ASIA,PH,Oriental Mindoro,,13.4999,120.955795,,,9.0,2024-04-25T13:32:30,2024.0,4.0,25.0
"Katsuwonus pelamis (Linnaeus, 1758)",2374191,,,,,,PRESENT,ASIA,IN,Lakshadweep,,10.558459,72.632411,,,2385.0,2024-04-20T19:09,2024.0,4.0,20.0
"Katsuwonus pelamis (Linnaeus, 1758)",2374191,,,,,,PRESENT,ASIA,VN,Quảng Ngãi,,15.379307,109.095116,,,,2024-08-30T05:50,2024.0,8.0,30.0
"Katsuwonus pelamis (Linnaeus, 1758)",2374191,,,,,,PRESENT,ASIA,VN,Quảng Ngãi,,15.379371,109.095413,,,,2024-08-23T06:54,2024.0,8.0,23.0
"Katsuwonus pelamis (Linnaeus, 1758)",2374191,,,,,,PRESENT,ASIA,PH,Camarines Sur,,13.691023,123.674362,,,31.0,2024-10-27T19:03,2024.0,10.0,27.0
"Katsuwonus pelamis (Linnaeus, 1758)",2374191,,,,,,PRESENT,ASIA,AE,Dubay,,25.026684,55.082694,,,6697.0,2024-10-06T11:24:21,2024.0,10.0,6.0
"Katsuwonus pelamis (Linnaeus, 1758)",2374191,,,,,,PRESENT,ASIA,ID,Sulawesi Tengah,,-1.392706,120.737869,,,1903.0,2024-12-28T13:20,2024.0,12.0,28.0
"Katsuwonus pelamis (Linnaeus, 1758)",2374191,,,,,,PRESENT,ASIA,CN,Zhejiang,,28.407316,121.655715,,,89.0,2023-01-14T15:36,2023.0,1.0,14.0
"Katsuwonus pelamis (Linnaeus, 1758)",2374191,,,,,Adult,PRESENT,ASIA,LK,Matara,,5.936804,80.565383,,,31368.0,2023-03-02T11:08,2023.0,3.0,2.0
"Katsuwonus pelamis (Linnaeus, 1758)",2374191,,,,,,PRESENT,ASIA,ID,Nusa Tenggara Timur,,-8.555287,119.431291,,,31279.0,2023-08-05T16:53,2023.0,8.0,5.0
"Katsuwonus pelamis (Linnaeus, 1758)",2374191,,,,,,PRESENT,ASIA,LK,Matara,,5.885442,80.566516,,,31368.0,2023-11-13T10:19,2023.0,11.0,13.0
"Katsuwonus pelamis (Linnaeus, 1758)",2374191,,,,,,PRESENT,ASIA,PH,Maguindanao,,7.099752,124.022381,,,3733.0,2023-11-24T12:10:37,2023.0,11.0,24.0
"Katsuwonus pelamis (Linnaeus, 1758)",2374191,,,,,,PRESENT,ASIA,TW,Taiwan,,23.098756,121.380387,,,15.0,2023-12-29T13:54:18,2023.0,12.0,29.0
"Katsuwonus pelamis (Linnaeus, 1758)",2374191,,,,,,PRESENT,ASIA,CN,Guangxi,,21.05,109.117,,,,2022-04-21,2022.0,4.0,21.0
"Katsuwonus pelamis (Linnaeus, 1758)",2374191,,,,,,PRESENT,ASIA,TW,Taiwan,,23.082754,121.391218,,,975.0,2022-05-20T09:27,2022.0,5.0,20.0
"Katsuwonus pelamis (Linnaeus, 1758)",2374191,,,,,,PRESENT,ASIA,IN,Tamil Nadu,,13.12512,80.295542,,,299.0,2022-08-21,2022.0,8.0,21.0
"Katsuwonus pelamis (Linnaeus, 1758)",2374191,,,,,,PRESENT,ASIA,JP,Kagoshima,,29.683333,129.516667,,,,2022-08-09,2022.0,8.0,9.0
"Katsuwonus pelamis (Linnaeus, 1758)",2374191,,,,,,PRESENT,ASIA,IN,,,10.56,72.64,,,,2021-04-11,2021.0,4.0,11.0
BOLD:AAA5421,9877823,,,,,,PRESENT,ASIA,IN,,,10.5593,72.6358,,,,2021-04-11,2021.0,4.0,11.0
"Katsuwonus pelamis (Linnaeus, 1758)",2374191,,,,,,PRESENT,ASIA,ID,Lampung,,-5.318201,105.198376,,,205.0,2021-05-12,2021.0,5.0,12.0
"Katsuwonus pelamis (Linnaeus, 1758)",2374191,,,,,,PRESENT,ASIA,MV,,,4.179908,73.5097,,,47.0,2021-06-11T08:18:42,2021.0,6.0,11.0
"Katsuwonus pelamis (Linnaeus, 1758)",2374191,,,,,,PRESENT,ASIA,LK,Gampaha,,7.203172,79.829033,,,19.0,2021-07-05T05:18:25,2021.0,7.0,5.0
"Katsuwonus pelamis (Linnaeus, 1758)",2374191,,,,,,PRESENT,ASIA,MV,,,3.48326,72.8028,0.0,0.0,100.0,2021-10-11T09:23Z,2021.0,10.0,11.0
"Katsuwonus pelamis (Linnaeus, 1758)",2374191,,,,,Adult,PRESENT,ASIA,LK,Gampaha,,7.203076,79.829305,,,17.0,2020-02-03T07:01:54,2020.0,2.0,3.0
"Katsuwonus pelamis (Linnaeus, 1758)",2374191,,,,,,PRESENT,ASIA,ID,Lampung,,-5.500125,104.620667,,,,2018-04-19T07:02:27,2018.0,4.0,19.0
"Katsuwonus pelamis (Linnaeus, 1758)",2374191,,,,Indeterminate,,PRESENT,ASIA,JP,Kagoshima,,30.833333,131.033333,,,,2018-12-20,2018.0,12.0,20.0
"Katsuwonus pelamis (Linnaeus, 1758)",2374191,,,,,,PRESENT,ASIA,PH,Ilocos Sur,,17.795177,120.394878,,,200.0,2017-01-06T18:33,2017.0,1.0,6.0
"Katsuwonus pelamis (Linnaeus, 1758)",2374191,,,,,,PRESENT,ASIA,ID,,,-8.71548,115.456,0.0,0.0,100.0,2017-05-01T11:00Z,2017.0,5.0,1.0
"Katsuwonus pelamis (Linnaeus, 1758)",2374191,,,,,,PRESENT,ASIA,ID,Jakarta Raya,,-6.198425,106.889533,,,225.0,2017-06-15T19:06,2017.0,6.0,15.0
"Katsuwonus pelamis (Linnaeus, 1758)",2374191,,,,,,PRESENT,ASIA,JP,Kagoshima,,31.428889,130.196944,,,,2017-12-21,2017.0,12.0,21.0
"Katsuwonus pelamis (Linnaeus, 1758)",2374191,,,,,,PRESENT,ASIA,TH,Ranong,,9.691164,98.344544,,,22308.0,2016-01-24,2016.0,1.0,24.0
"Katsuwonus pelamis (Linnaeus, 1758)",2374191,1.0,,,,,PRESENT,ASIA,PH,Cagayan,Luzon,18.2473,122.328,,,15000.0,2016-05-15,2016.0,5.0,15.0
"Katsuwonus pelamis (Linnaeus, 1758)",2374191,1.0,,,,,PRESENT,ASIA,PH,Cagayan,Luzon,18.2473,122.328,,,15000.0,2016-05-15,2016.0,5.0,15.0
"Katsuwonus pelamis (Linnaeus, 1758)",2374191,1.0,,,,,PRESENT,ASIA,PH,Zambales,Luzon,14.9335,120.2,,,6401.0,2016-07-12,2016.0,7.0,12.0
"Katsuwonus pelamis (Linnaeus, 1758)",2374191,1.0,,,,,PRESENT,ASIA,PH,Zambales,Luzon,14.9335,120.2,,,6401.0,2016-07-12,2016.0,7.0,12.0
BOLD:AAA5421,9877823,,,,,,PRESENT,ASIA,PH,Zambales,,14.933,120.2,,,,2016-07-12,2016.0,7.0,12.0
"Katsuwonus pelamis (Linnaeus, 1758)",2374191,,,,,,PRESENT,ASIA,JP,Kagoshima,,30.489722,130.141111,,,,2016-10-06,2016.0,10.0,6.0
"Katsuwonus pelamis (Linnaeus, 1758)",2374191,,,,,,PRESENT,ASIA,IN,Andhra Pradesh,,16.984138,82.28005,,,1.0,2015-02-21T05:34:30,2015.0,2.0,21.0
"Katsuwonus pelamis (Linnaeus, 1758)",2374191,,,,,,PRESENT,ASIA,JP,Kagoshima,,28.316667,130.05,,,,2015-05-03,2015.0,5.0,3.0
"Katsuwonus pelamis (Linnaeus, 1758)",2374191,,,,,,PRESENT,ASIA,KR,,,34.75,126.916667,,,,2015-08-24,2015.0,8.0,24.0
"Katsuwonus pelamis (Linnaeus, 1758)",2374191,,,,,,PRESENT,ASIA,KR,,,34.75,126.916667,,,,2015-08-24,2015.0,8.0,24.0
"Katsuwonus pelamis (Linnaeus, 1758)",2374191,,,,,,PRESENT,ASIA,JP,Okinawa,,24.438056,123.005556,,,,2015-09-18,2015.0,9.0,18.0
"Katsuwonus pelamis (Linnaeus, 1758)",2374191,,,,,,PRESENT,ASIA,KR,,,34.75,126.75,,,,2015-09-19,2015.0,9.0,19.0
"Katsuwonus pelamis (Linnaeus, 1758)",2374191,,,,,,PRESENT,ASIA,JP,Kagoshima,,31.7,129.766667,,,,2015-10-16,2015.0,10.0,16.0
"Katsuwonus pelamis (Linnaeus, 1758)",2374191,,,,,,PRESENT,ASIA,MV,,,3.5788,72.9021,0.0,0.0,100.0,2014-02-14T11:30Z,2014.0,2.0,14.0
"Katsuwonus pelamis (Linnaeus, 1758)",2374191,1.0,,,,Larva,PRESENT,ASIA,TW,,,21.943004,120.774427,,,,2014-04-08,2014.0,4.0,8.0
"Katsuwonus pelamis (Linnaeus, 1758)",2374191,,,,,,PRESENT,ASIA,JP,Kagoshima,,31.083333,130.833333,,,,2014-06-19,2014.0,6.0,19.0
"Katsuwonus pelamis (Linnaeus, 1758)",2374191,1.0,,,,Larva,PRESENT,ASIA,TW,,,22.368465,120.389905,,,,2014-07-29,2014.0,7.0,29.0
"Katsuwonus pelamis (Linnaeus, 1758)",2374191,,,,,,PRESENT,ASIA,EG,Janub Sina',,28.437915,34.534415,,,184.0,2013-04-04T09:04,2013.0,4.0,4.0
"Katsuwonus pelamis (Linnaeus, 1758)",2374191,,,,,,PRESENT,ASIA,MV,,,4.09572,72.8691,0.0,0.0,100.0,2013-05-06T06:30Z,2013.0,5.0,6.0
"Katsuwonus pelamis (Linnaeus, 1758)",2374191,1.0,,,,,PRESENT,ASIA,PH,Antique,Panay,10.7426,121.943,,,389.0,2013-06-19,2013.0,6.0,19.0
"Katsuwonus pelamis (Linnaeus, 1758)",2374191,1.0,,,,,PRESENT,ASIA,PH,Antique,Panay,10.7426,121.943,,,389.0,2013-06-19,2013.0,6.0,19.0
"Katsuwonus pelamis (Linnaeus, 1758)",2374191,1.0,,,,,PRESENT,ASIA,PH,Antique,Panay,10.7426,121.943,,,389.0,2013-06-19,2013.0,6.0,19.0
BOLD:AAA5421,9877823,,,,,,PRESENT,ASIA,PH,Antique,,10.743,121.943,,,,2013-06-19,2013.0,6.0,19.0
"Katsuwonus pelamis (Linnaeus, 1758)",2374191,,,,Indeterminate,,PRESENT,ASIA,JP,Kagoshima,,28.25,129.416667,,,,2013-07-09,2013.0,7.0,9.0
"Katsuwonus pelamis (Linnaeus, 1758)",2374191,,,,,,PRESENT,ASIA,LK,Moneragala,,7.248271,81.384944,,,366097.0,2012-01-03T16:11,2012.0,1.0,3.0
BOLD:AAA5421,9877823,,,,,,PRESENT,ASIA,MY,Sabah,,5.98278,116.07167,,,,2012-02-20,2012.0,2.0,20.0
BOLD:AAA5421,9877823,,,,,,PRESENT,ASIA,MY,Sabah,,5.98278,116.07167,,,,2012-02-20,2012.0,2.0,20.0
BOLD:AAA5421,9877823,,,,,,PRESENT,ASIA,MY,Sabah,,5.98278,116.07167,,,,2012-02-20,2012.0,2.0,20.0
BOLD:AAA5421,9877823,,,,,,PRESENT,ASIA,MY,Sabah,,5.98278,116.07167,,,,2012-02-20,2012.0,2.0,20.0
"Katsuwonus pelamis (Linnaeus, 1758)",2374191,,,,,,PRESENT,ASIA,ID,,,-8.34076,116.094,0.0,0.0,100.0,2012-07-23T14:30Z,2012.0,7.0,23.0
"Katsuwonus pelamis (Linnaeus, 1758)",2374191,1.0,,,,Larva,PRESENT,ASIA,TW,,,21.954529,120.754975,,,,2012-12-12,2012.0,12.0,12.0
"Katsuwonus pelamis (Linnaeus, 1758)",2374191,,,,,Adult,PRESENT,ASIA,ID,Sulawesi Tenggara,,-5.467298,123.768247,,,488.0,2011-03-30T18:10,2011.0,3.0,30.0
"Katsuwonus pelamis (Linnaeus, 1758)",2374191,1.0,,,,,PRESENT,ASIA,PH,Metro Manila,Luzon,14.6567,121.02,,,,2011-05-22,2011.0,5.0,22.0
"Katsuwonus pelamis (Linnaeus, 1758)",2374191,1.0,,,,,PRESENT,ASIA,PH,Metro Manila,Luzon,14.6567,121.02,,,,2011-05-22,2011.0,5.0,22.0
"Katsuwonus pelamis (Linnaeus, 1758)",2374191,1.0,,,,,PRESENT,ASIA,PH,Metro Manila,Luzon,14.6567,121.02,,,,2011-05-22,2011.0,5.0,22.0
"Katsuwonus pelamis (Linnaeus, 1758)",2374191,1.0,,,,,PRESENT,ASIA,PH,Metro Manila,Luzon,14.6567,121.02,,,,2011-05-22,2011.0,5.0,22.0
"Katsuwonus pelamis (Linnaeus, 1758)",2374191,1.0,,,,,PRESENT,ASIA,PH,Metro Manila,Luzon,14.6567,121.02,,,,2011-05-22,2011.0,5.0,22.0
"Katsuwonus pelamis (Linnaeus, 1758)",2374191,1.0,,,,,PRESENT,ASIA,PH,Metro Manila,Luzon,14.6567,121.02,,,,2011-05-22,2011.0,5.0,22.0
"Katsuwonus pelamis (Linnaeus, 1758)",2374191,1.0,,,,,PRESENT,ASIA,PH,Metro Manila,Luzon,14.6567,121.02,,,,2011-05-22,2011.0,5.0,22.0
"Katsuwonus pelamis (Linnaeus, 1758)",2374191,1.0,,,,,PRESENT,ASIA,PH,Metro Manila,Luzon,14.6567,121.02,,,,2011-05-22,2011.0,5.0,22.0
"Katsuwonus pelamis (Linnaeus, 1758)",2374191,1.0,,,,,PRESENT,ASIA,PH,Metro Manila,Luzon,14.6567,121.02,,,,2011-05-22,2011.0,5.0,22.0
BOLD:AAA5421,9877823,,,,,,PRESENT,ASIA,PH,,,14.657,121.02,,,,2011-05-22,2011.0,5.0,22.0
BOLD:AAA5421,9877823,,,,,,PRESENT,ASIA,PH,,,14.657,121.02,,,,2011-05-22,2011.0,5.0,22.0
BOLD:AAA5421,9877823,,,,,,PRESENT,ASIA,PH,,,14.657,121.02,,,,2011-05-22,2011.0,5.0,22.0
BOLD:AAA5421,9877823,,,,,,PRESENT,ASIA,ID,Jawa Barat,,-7.03333,106.533,,,,2010-03-21,2010.0,3.0,21.0
BOLD:AAA5421,9877823,,,,,,PRESENT,ASIA,ID,Jawa Barat,,-7.03333,106.533,,,,2010-03-21,2010.0,3.0,21.0
"Katsuwonus pelamis (Linnaeus, 1758)",2374191,,,,,,PRESENT,ASIA,ID,,,-7.03,106.53,,,,2010-03-21,2010.0,3.0,21.0
"Katsuwonus pelamis (Linnaeus, 1758)",2374191,,,,,,PRESENT,ASIA,ID,,,-7.03,106.53,,,,2010-03-21,2010.0,3.0,21.0
"Katsuwonus pelamis (Linnaeus, 1758)",2374191,,1.0,individuals,,,PRESENT,ASIA,ID,,,-7.033333,106.533333,,,1000.0,2010-03-21,2010.0,3.0,21.0
"Katsuwonus pelamis (Linnaeus, 1758)",2374191,,1.0,individuals,,,PRESENT,ASIA,ID,,,-7.033333,106.533333,,,1000.0,2010-03-21,2010.0,3.0,21.0
BOLD:AAA5421,9877823,,,,,,PRESENT,ASIA,MY,Sabah,,5.833,118.117,,,,2010-07-03,2010.0,7.0,3.0
BOLD:AAA5421,9877823,,,,,,PRESENT,ASIA,MY,Sabah,,5.833,118.117,,,,2010-07-03,2010.0,7.0,3.0
"Katsuwonus pelamis (Linnaeus, 1758)",2374191,,,,,,PRESENT,ASIA,TW,,,23.07,121.32,,,,2008-05-22,2008.0,5.0,22.0
"Katsuwonus pelamis (Linnaeus, 1758)",2374191,,,,,,PRESENT,ASIA,PH,Bohol,,9.695211,123.859269,,,1070.0,2007-03-30T07:39,2007.0,3.0,30.0
"Katsuwonus pelamis (Linnaeus, 1758)",2374191,,,,,,PRESENT,ASIA,TW,,,21.931,120.757,1.0,0.0,,2007-06-01,2007.0,6.0,1.0
"Katsuwonus pelamis (Linnaeus, 1758)",2374191,,,,,,PRESENT,ASIA,TW,,,21.931,120.757,1.0,0.0,,2007-06-01,2007.0,6.0,1.0
"Katsuwonus pelamis (Linnaeus, 1758)",2374191,,,,,,PRESENT,ASIA,ID,,,-5.118865,119.412486,,,100000.0,2006-07-23,2006.0,7.0,23.0
"Katsuwonus pelamis (Linnaeus, 1758)",2374191,,,,,,PRESENT,ASIA,ID,,,-5.118865,119.412486,,,100000.0,2006-07-23,2006.0,7.0,23.0
"Katsuwonus pelamis (Linnaeus, 1758)",2374191,,,,,,PRESENT,ASIA,ID,,,-5.118865,119.412486,,,100000.0,2006-07-23,2006.0,7.0,23.0
"Katsuwonus pelamis (Linnaeus, 1758)",2374191,,,,,,PRESENT,ASIA,ID,,,-5.118865,119.412486,,,100000.0,2006-07-23,2006.0,7.0,23.0
"Katsuwonus pelamis (Linnaeus, 1758)",2374191,,,,Indeterminate,,PRESENT,ASIA,JP,Kagoshima,,31.433333,130.168056,,,,2006-08-27,2006.0,8.0,27.0
"Katsuwonus pelamis (Linnaeus, 1758)",2374191,,,,,,PRESENT,ASIA,ID,,,3.59154,98.6693,,,100000.0,2006-08-18,2006.0,8.0,18.0
"Katsuwonus pelamis (Linnaeus, 1758)",2374191,,,,,,PRESENT,ASIA,ID,,,3.59154,98.6693,,,100000.0,2006-08-18,2006.0,8.0,18.0
"Katsuwonus pelamis (Linnaeus, 1758)",2374191,,,,,,PRESENT,ASIA,ID,,,3.59154,98.6693,,,100000.0,2006-08-18,2006.0,8.0,18.0
"Katsuwonus pelamis (Linnaeus, 1758)",2374191,,,,,,PRESENT,ASIA,ID,,,3.59154,98.6693,,,100000.0,2006-08-18,2006.0,8.0,18.0
"Katsuwonus pelamis (Linnaeus, 1758)",2374191,,,,,,PRESENT,ASIA,ID,,,3.59154,98.6693,,,100000.0,2006-08-18,2006.0,8.0,18.0
"Katsuwonus pelamis (Linnaeus, 1758)",2374191,,,,,,PRESENT,ASIA,ID,,,3.59154,98.6693,,,100000.0,2006-08-18,2006.0,8.0,18.0
"Katsuwonus pelamis (Linnaeus, 1758)",2374191,,,,,,PRESENT,ASIA,ID,,,3.59154,98.6693,,,100000.0,2006-08-18,2006.0,8.0,18.0
"Katsuwonus pelamis (Linnaeus, 1758)",2374191,,,,,,PRESENT,ASIA,ID,,,3.59154,98.6693,,,100000.0,2006-08-18,2006.0,8.0,18.0
"Katsuwonus pelamis (Linnaeus, 1758)",2374191,,,,,,PRESENT,ASIA,ID,,,3.59154,98.6693,,,100000.0,2006-08-18,2006.0,8.0,18.0
"Katsuwonus pelamis (Linnaeus, 1758)",2374191,,,,,,PRESENT,ASIA,ID,,,3.59154,98.6693,,,100000.0,2006-08-18,2006.0,8.0,18.0
"Katsuwonus pelamis (Linnaeus, 1758)",2374191,,,,,,PRESENT,ASIA,ID,,,3.59154,98.6693,,,100000.0,2006-08-18,2006.0,8.0,18.0
"Katsuwonus pelamis (Linnaeus, 1758)",2374191,,,,,,PRESENT,ASIA,ID,,,3.59154,98.6693,,,100000.0,2006-08-18,2006.0,8.0,18.0
"Katsuwonus pelamis (Linnaeus, 1758)",2374191,,,,,,PRESENT,ASIA,ID,,,3.59154,98.6693,,,100000.0,2006-08-18,2006.0,8.0,18.0
"Katsuwonus pelamis (Linnaeus, 1758)",2374191,,,,,,PRESENT,ASIA,ID,,,3.59154,98.6693,,,100000.0,2006-08-18,2006.0,8.0,18.0
"Katsuwonus pelamis (Linnaeus, 1758)",2374191,,,,,,PRESENT,ASIA,ID,,,3.59154,98.6693,,,100000.0,2006-08-18,2006.0,8.0,18.0
"Katsuwonus pelamis (Linnaeus, 1758)",2374191,,,,,,PRESENT,ASIA,ID,,,1.125528,97.524724,,,100000.0,2006-08-17,2006.0,8.0,17.0
"Katsuwonus pelamis (Linnaeus, 1758)",2374191,,,,,,PRESENT,ASIA,ID,,,1.125528,97.524724,,,100000.0,2006-08-17,2006.0,8.0,17.0
"Katsuwonus pelamis (Linnaeus, 1758)",2374191,,,,,,PRESENT,ASIA,ID,,,1.125528,97.524724,,,100000.0,2006-08-16,2006.0,8.0,16.0
"Katsuwonus pelamis (Linnaeus, 1758)",2374191,,,,,,PRESENT,ASIA,ID,,,5.616417,95.699667,,,,2005-05-05,2005.0,5.0,5.0
"Katsuwonus pelamis (Linnaeus, 1758)",2374191,,,,,,PRESENT,ASIA,ID,,,5.616417,95.699667,,,,2005-05-05,2005.0,5.0,5.0
"Katsuwonus pelamis (Linnaeus, 1758)",2374191,,,,,,PRESENT,ASIA,ID,,,5.616417,95.699667,,,,2005-05-05,2005.0,5.0,5.0
"Katsuwonus pelamis (Linnaeus, 1758)",2374191,,,,,,PRESENT,ASIA,ID,,,5.616417,95.699667,,,,2005-05-05,2005.0,5.0,5.0
"Katsuwonus pelamis (Linnaeus, 1758)",2374191,,,,,,PRESENT,ASIA,ID,,,5.616417,95.699667,,,,2005-05-05,2005.0,5.0,5.0
"Katsuwonus pelamis (Linnaeus, 1758)",2374191,,,,,,PRESENT,ASIA,ID,,,5.616417,95.699667,,,,2005-05-05,2005.0,5.0,5.0
"Katsuwonus pelamis (Linnaeus, 1758)",2374191,,,,,,PRESENT,ASIA,ID,,,5.616417,95.699667,,,,2005-05-05,2005.0,5.0,5.0
"Katsuwonus pelamis (Linnaeus, 1758)",2374191,,,,,,PRESENT,ASIA,ID,,,5.616417,95.699667,,,,2005-05-05,2005.0,5.0,5.0
"Katsuwonus pelamis (Linnaeus, 1758)",2374191,,,,,,PRESENT,ASIA,ID,,,5.616417,95.699667,,,,2005-05-05,2005.0,5.0,5.0
"Katsuwonus pelamis (Linnaeus, 1758)",2374191,,,,,,PRESENT,ASIA,ID,,,5.616417,95.699667,,,,2005-05-05,2005.0,5.0,5.0
"Katsuwonus pelamis (Linnaeus, 1758)",2374191,,,,,,PRESENT,ASIA,ID,,,5.616417,95.699667,,,,2005-05-05,2005.0,5.0,5.0
"Katsuwonus pelamis (Linnaeus, 1758)",2374191,,,,,,PRESENT,ASIA,ID,,,5.616417,95.699667,,,,2005-05-05,2005.0,5.0,5.0
"Katsuwonus pelamis (Linnaeus, 1758)",2374191,,,,,,PRESENT,ASIA,ID,,,5.616417,95.699667,,,,2005-05-05,2005.0,5.0,5.0
"Katsuwonus pelamis (Linnaeus, 1758)",2374191,,,,,,PRESENT,ASIA,ID,,,5.616417,95.699667,,,,2005-05-05,2005.0,5.0,5.0
"Katsuwonus pelamis (Linnaeus, 1758)",2374191,,,,,,PRESENT,ASIA,ID,,,0.783333,127.366667,,,100000.0,2005-05-26,2005.0,5.0,26.0
"Katsuwonus pelamis (Linnaeus, 1758)",2374191,,,,,,PRESENT,ASIA,ID,,,0.783333,127.366667,,,100000.0,2005-05-26,2005.0,5.0,26.0
"Katsuwonus pelamis (Linnaeus, 1758)",2374191,,,,,,PRESENT,ASIA,ID,,,5.616417,95.699667,,,,2005-05-05,2005.0,5.0,5.0
"Katsuwonus pelamis (Linnaeus, 1758)",2374191,,,,,,PRESENT,ASIA,ID,,,0.783333,127.366667,,,100000.0,2005-05-26,2005.0,5.0,26.0
"Katsuwonus pelamis (Linnaeus, 1758)",2374191,,,,,,PRESENT,ASIA,ID,,,0.783333,127.366667,,,100000.0,2005-05-26,2005.0,5.0,26.0
"Katsuwonus pelamis (Linnaeus, 1758)",2374191,,,,,,PRESENT,ASIA,ID,,,0.783333,127.366667,,,100000.0,2005-05-26,2005.0,5.0,26.0
"Katsuwonus pelamis (Linnaeus, 1758)",2374191,,,,,,PRESENT,ASIA,ID,,,0.783333,127.366667,,,100000.0,2005-05-26,2005.0,5.0,26.0
"Katsuwonus pelamis (Linnaeus, 1758)",2374191,,,,,,PRESENT,ASIA,ID,,,5.616417,95.699667,,,,2005-05-05,2005.0,5.0,5.0
"Katsuwonus pelamis (Linnaeus, 1758)",2374191,,,,,,PRESENT,ASIA,ID,,,5.616417,95.699667,,,,2005-05-05,2005.0,5.0,5.0
"Katsuwonus pelamis (Linnaeus, 1758)",2374191,,,,,,PRESENT,ASIA,ID,,,5.616417,95.699667,,,,2005-05-05,2005.0,5.0,5.0
"Katsuwonus pelamis (Linnaeus, 1758)",2374191,,,,,,PRESENT,ASIA,ID,,,5.616417,95.699667,,,,2005-05-05,2005.0,5.0,5.0
"Katsuwonus pelamis (Linnaeus, 1758)",2374191,,,,,,PRESENT,ASIA,ID,,,5.616417,95.699667,,,,2005-05-05,2005.0,5.0,5.0
"Katsuwonus pelamis (Linnaeus, 1758)",2374191,,,,,,PRESENT,ASIA,ID,,,5.616417,95.699667,,,,2005-05-05,2005.0,5.0,5.0
"Katsuwonus pelamis (Linnaeus, 1758)",2374191,,,,,,PRESENT,ASIA,ID,,,5.616417,95.699667,,,,2005-05-05,2005.0,5.0,5.0
"Katsuwonus pelamis (Linnaeus, 1758)",2374191,,,,,,PRESENT,ASIA,ID,,,0.783333,127.366667,,,100000.0,2005-05-26,2005.0,5.0,26.0
"Katsuwonus pelamis (Linnaeus, 1758)",2374191,,,,,,PRESENT,ASIA,ID,,,0.783333,127.366667,,,100000.0,2005-05-26,2005.0,5.0,26.0
"Katsuwonus pelamis (Linnaeus, 1758)",2374191,,,,,,PRESENT,ASIA,ID,,,0.783333,127.366667,,,100000.0,2005-05-26,2005.0,5.0,26.0
"Katsuwonus pelamis (Linnaeus, 1758)",2374191,,,,,,PRESENT,ASIA,ID,,,0.783333,127.366667,,,100000.0,2005-05-26,2005.0,5.0,26.0
"Katsuwonus pelamis (Linnaeus, 1758)",2374191,,,,,,PRESENT,ASIA,ID,,,0.783333,127.366667,,,100000.0,2005-05-26,2005.0,5.0,26.0
"Katsuwonus pelamis (Linnaeus, 1758)",2374191,,,,,,PRESENT,ASIA,ID,,,0.783333,127.366667,,,100000.0,2005-05-26,2005.0,5.0,26.0
"Katsuwonus pelamis (Linnaeus, 1758)",2374191,,,,,,PRESENT,ASIA,ID,,,0.783333,127.366667,,,100000.0,2005-05-26,2005.0,5.0,26.0
"Katsuwonus pelamis (Linnaeus, 1758)",2374191,,,,,,PRESENT,ASIA,ID,,,0.783333,127.366667,,,100000.0,2005-05-26,2005.0,5.0,26.0
"Katsuwonus pelamis (Linnaeus, 1758)",2374191,,,,,,PRESENT,ASIA,ID,,,0.783333,127.366667,,,100000.0,2005-05-26,2005.0,5.0,26.0
"Katsuwonus pelamis (Linnaeus, 1758)",2374191,,,,,,PRESENT,ASIA,ID,,,0.783333,127.366667,,,100000.0,2005-05-26,2005.0,5.0,26.0
"Katsuwonus pelamis (Linnaeus, 1758)",2374191,,,,,,PRESENT,ASIA,ID,,,0.783333,127.366667,,,100000.0,2005-05-26,2005.0,5.0,26.0
"Katsuwonus pelamis (Linnaeus, 1758)",2374191,,,,,,PRESENT,ASIA,ID,,,0.783333,127.366667,,,100000.0,2005-05-26,2005.0,5.0,26.0
"Katsuwonus pelamis (Linnaeus, 1758)",2374191,,,,,,PRESENT,ASIA,ID,,,0.783333,127.366667,,,100000.0,2005-05-26,2005.0,5.0,26.0
"Katsuwonus pelamis (Linnaeus, 1758)",2374191,,,,,,PRESENT,ASIA,ID,,,0.783333,127.366667,,,100000.0,2005-05-26,2005.0,5.0,26.0
"Katsuwonus pelamis (Linnaeus, 1758)",2374191,,,,,,PRESENT,ASIA,TW,,,23.05,121.23,,,,2005-07-25,2005.0,7.0,25.0
"Katsuwonus pelamis (Linnaeus, 1758)",2374191,,,,,,PRESENT,ASIA,MV,,,1.97725,73.5361,0.0,0.0,100.0,1999-06-21T10:45Z,1999.0,6.0,21.0
"Katsuwonus pelamis (Linnaeus, 1758)",2374191,,,,,,PRESENT,ASIA,JP,Chiba-ken,,35.136631,140.275039,,,,1999-09-12,1999.0,9.0,12.0
"Katsuwonus pelamis (Linnaeus, 1758)",2374191,0.0,,,,,PRESENT,ASIA,PH,,,13.75,123.75,,,,1998,1998.0,,
"Katsuwonus pelamis (Linnaeus, 1758)",2374191,0.0,,,,,PRESENT,ASIA,ID,,,3.75,98.75,,,,1998,1998.0,,
"Katsuwonus pelamis (Linnaeus, 1758)",2374191,,,,,,PRESENT,ASIA,YE,,,12.721448,45.033333,,,,1997-03,1997.0,3.0,
"Katsuwonus pelamis (Linnaeus, 1758)",2374191,,,,,,PRESENT,ASIA,TW,,,25.07,121.92,,,,1985-08-15,1985.0,8.0,15.0
"Katsuwonus pelamis (Linnaeus, 1758)",2374191,,,,,,PRESENT,ASIA,JP,Okinawa,,26.266667,127.716667,,,,1971-09-10,1971.0,9.0,10.0
"Katsuwonus pelamis (Linnaeus, 1758)",2374191,,,,,,PRESENT,ASIA,TW,,,24.58,121.86,,,,1969-12-23,1969.0,12.0,23.0
"Katsuwonus pelamis (Linnaeus, 1758)",2374191,0.0,,,,,PRESENT,ASIA,ID,Maluku,Ternate I.,0.854737,127.374907,,,21901.0,1929-06-11,1929.0,6.0,11.0
"Katsuwonus pelamis (Linnaeus, 1758)",2374191,,,,,,PRESENT,ASIA,JP,Shizuoka,,35.017511,138.497581,,,,1929-07-01,1929.0,7.0,1.0
"Katsuwonus pelamis (Linnaeus, 1758)",2374191,,,,,,PRESENT,ASIA,MV,,,3.25,73.0,,,,,,,
"Katsuwonus pelamis (Linnaeus, 1758)",2374191,2.0,,,,,PRESENT,ASIA,JP,Kanto,Honshu Island,35.66667,139.75,,,,,,,
"Katsuwonus pelamis (Linnaeus, 1758)",2374191,,,,Indeterminate,,PRESENT,ASIA,MY,Sabah,,6.004604,116.101828,,,,,,,
BOLD:AAA5421,9877823,,,,,,PRESENT,ASIA,TR,,,38.932076,35.568867,,,,,,,
BOLD:AAA5421,9877823,,,,,,PRESENT,ASIA,SA,,,24.136038,44.60096,,,,,,,
BOLD:AAA5421,9877823,,,,,,PRESENT,ASIA,SA,,,24.136038,44.60096,,,,,,,
"Katsuwonus pelamis (Linnaeus, 1758)",2374191,,,,,,PRESENT,ASIA,ID,,,1.491701,124.842843,,,100000.0,,,,
"Katsuwonus pelamis (Linnaeus, 1758)",2374191,,,,,,PRESENT,ASIA,ID,,,1.491701,124.842843,,,100000.0,,,,
"Katsuwonus pelamis (Linnaeus, 1758)",2374191,,,,,,PRESENT,ASIA,ID,,,1.482034,125.148879,,,100000.0,,,,
"Katsuwonus pelamis (Linnaeus, 1758)",2374191,,,,,,PRESENT,ASIA,ID,,,1.482034,125.148879,,,100000.0,,,,
"Katsuwonus pelamis (Linnaeus, 1758)",2374191,,,,,,PRESENT,ASIA,ID,,,1.491701,124.842843,,,100000.0,,,,
"Katsuwonus pelamis (Linnaeus, 1758)",2374191,,,,,,PRESENT,ASIA,ID,,,1.491701,124.842843,,,100000.0,,,,
"Katsuwonus pelamis (Linnaeus, 1758)",2374191,,,,,,PRESENT,ASIA,ID,,,1.491701,124.842843,,,100000.0,,,,
"Katsuwonus pelamis (Linnaeus, 1758)",2374191,,,,,,PRESENT,ASIA,ID,,,1.482034,125.148879,,,100000.0,,,,
"Katsuwonus pelamis (Linnaeus, 1758)",2374191,,,,,,PRESENT,ASIA,ID,,,1.482034,125.148879,,,100000.0,,,,
"Katsuwonus pelamis (Linnaeus, 1758)",2374191,,,,,,PRESENT,ASIA,ID,,,1.491701,124.842843,,,100000.0,,,,
"Katsuwonus pelamis (Linnaeus, 1758)",2374191,,,,,,PRESENT,ASIA,ID,,,1.491701,124.842843,,,100000.0,,,,
"Katsuwonus pelamis (Linnaeus, 1758)",2374191,,,,,,PRESENT,ASIA,ID,,,1.491701,124.842843,,,100000.0,,,,
"Katsuwonus pelamis (Linnaeus, 1758)",2374191,,,,,,PRESENT,ASIA,ID,,,1.491701,124.842843,,,100000.0,,,,
"Katsuwonus pelamis (Linnaeus, 1758)",2374191,,,,,,PRESENT,ASIA,ID,,,1.491701,124.842843,,,100000.0,,,,
"Katsuwonus pelamis (Linnaeus, 1758)",2374191,,,,,,PRESENT,ASIA,ID,,,1.491701,124.842843,,,100000.0,,,,
"Katsuwonus pelamis (Linnaeus, 1758)",2374191,,,,,,PRESENT,ASIA,ID,,,1.482034,125.148879,,,100000.0,,,,
"Katsuwonus pelamis (Linnaeus, 1758)",2374191,,,,,,PRESENT,ASIA,ID,,,1.491701,124.842843,,,100000.0,,,,
"Katsuwonus pelamis (Linnaeus, 1758)",2374191,,,,,,PRESENT,ASIA,ID,,,1.491701,124.842843,,,100000.0,,,,
"Katsuwonus pelamis (Linnaeus, 1758)",2374191,,,,,,PRESENT,ASIA,ID,,,1.491701,124.842843,,,100000.0,,,,
"Katsuwonus pelamis (Linnaeus, 1758)",2374191,,,,,,PRESENT,ASIA,ID,,,1.491701,124.842843,,,100000.0,,,,
"Katsuwonus pelamis (Linnaeus, 1758)",2374191,,,,,,PRESENT,ASIA,ID,,,1.491701,124.842843,,,100000.0,,,,
"Katsuwonus pelamis (Linnaeus, 1758)",2374191,,,,,,PRESENT,ASIA,ID,,,1.491701,124.842843,,,100000.0,,,,
BOLD:AAA5421,9877823,,,,,,PRESENT,ASIA,ID,,,5.585424,95.318535,,,,,,,
"Katsuwonus pelamis (Linnaeus, 1758)",2374191,,,,,,PRESENT,ASIA,JP,,,34.838853,139.136498,,,,,,,
BOLD:AAA5421,9877823,,,,,,PRESENT,ASIA,PH,Davao del Sur,,7.08175,125.6233,,,,,,,
"Pampus argenteus (Euphrasen, 1788)",2397682,,,,,,PRESENT,ASIA,CN,Zhejiang,,29.822387,122.337021,,,29433.0,2025-05-17T15:24:22,2025.0,5.0,17.0
"Pampus argenteus (Euphrasen, 1788)",2397682,,,,,,PRESENT,ASIA,CN,Shandong,,36.181158,120.277306,,,,2025-09-07T09:50:27,2025.0,9.0,7.0
"Pampus argenteus (Euphrasen, 1788)",2397682,,,,,,PRESENT,ASIA,CN,Shandong,,36.181064,120.277314,,,,2025-09-07T10:04:19,2025.0,9.0,7.0
"Pampus argenteus (Euphrasen, 1788)",2397682,,,,,,PRESENT,ASIA,TW,Taipei,,25.10776,121.510359,,,30003.0,2025-12-10T08:28:54,2025.0,12.0,10.0
"Pampus argenteus (Euphrasen, 1788)",2397682,,,,,Adult,PRESENT,ASIA,TH,Chanthaburi,,12.619717,102.094189,,,,2024-07-01T16:33:04,2024.0,7.0,1.0
"Pampus cinereus (Bloch, 1795)",2397674,,,,,,PRESENT,ASIA,ID,Jawa Barat,,-7.713099,108.500387,,,22.0,2024-11-17T07:55:52,2024.0,11.0,17.0
"Pampus argenteus (Euphrasen, 1788)",2397682,,9.0,DNA Sequence reads,,,PRESENT,ASIA,BD,,,21.756639,89.222982,,,,2023-01-09,2023.0,1.0,9.0
"Pampus argenteus (Euphrasen, 1788)",2397682,,,,,Adult,PRESENT,ASIA,TH,Nonthaburi,,13.878297,100.406614,,,,2023-04-21T10:42:17,2023.0,4.0,21.0
"Pampus argenteus (Euphrasen, 1788)",2397682,,,,,,PRESENT,ASIA,CN,Shandong,,36.056671,120.369789,,,,2023-10-23T08:30:59,2023.0,10.0,23.0
"Pampus argenteus (Euphrasen, 1788)",2397682,,,,Indeterminate,Adult,PRESENT,ASIA,ID,Jawa Barat,,-7.702888,108.657706,,,,2022-07-17T12:40,2022.0,7.0,17.0
"Pampus argenteus (Euphrasen, 1788)",2397682,,,,,,PRESENT,ASIA,IN,Kerala,,8.879189,76.578101,,,1047.0,2020-10-16T12:53:52,2020.0,10.0,16.0
"Pampus argenteus (Euphrasen, 1788)",2397682,,,,,,PRESENT,ASIA,TW,Tainan,,23.189639,120.085841,,,8.0,2020-10-10T13:37,2020.0,10.0,10.0
"Pampus argenteus (Euphrasen, 1788)",2397682,,,,,,PRESENT,ASIA,TW,Tainan,,23.189653,120.085889,,,,2020-11-11T13:44:40,2020.0,11.0,11.0
"Pampus argenteus (Euphrasen, 1788)",2397682,,,,,,PRESENT,ASIA,IN,Karnataka,,14.823343,74.125696,,,22.0,2019-04-02T16:32,2019.0,4.0,2.0
"Pampus argenteus (Euphrasen, 1788)",2397682,,,,,,PRESENT,ASIA,KR,,,36.881211,126.736153,,,,2019-05-22,2019.0,5.0,22.0
"Pampus argenteus (Euphrasen, 1788)",2397682,,,,,,PRESENT,ASIA,KR,,,36.881211,126.736153,,,,2019-05-22,2019.0,5.0,22.0
"Pampus argenteus (Euphrasen, 1788)",2397682,,,,,,PRESENT,ASIA,IN,Goa,,15.589296,73.811212,,,,2019-07-19T08:57,2019.0,7.0,19.0
"Pampus argenteus (Euphrasen, 1788)",2397682,,,,,,PRESENT,ASIA,RU,Sakhalin,,46.698818,142.516854,,,31.0,2019-07-31T14:51Z,2019.0,7.0,31.0
"Pampus argenteus (Euphrasen, 1788)",2397682,,,,,,PRESENT,ASIA,KR,Jeollanam-do,,34.676506,127.783047,,,,2019-10-22,2019.0,10.0,22.0
"Pampus argenteus (Euphrasen, 1788)",2397682,,,,,,PRESENT,ASIA,IR,,,27.19,56.28,,,,2019-12-01,2019.0,12.0,1.0
"Pampus argenteus (Euphrasen, 1788)",2397682,,,,,,PRESENT,ASIA,IN,,,10.92,79.87,,,,2018-12-15,2018.0,12.0,15.0
"Pampus argenteus (Euphrasen, 1788)",2397682,,,,,,PRESENT,ASIA,KR,Jeju-do,,33.51275,126.528278,,,,2017-11-01,2017.0,11.0,1.0
"Pampus argenteus (Euphrasen, 1788)",2397682,,,,,,PRESENT,ASIA,KR,Gyeongsangbuk-do,,36.094219,129.486556,,,,2017-12-30,2017.0,12.0,30.0
"Pampus argenteus (Euphrasen, 1788)",2397682,,,,,,PRESENT,ASIA,KR,Gyeongsangbuk-do,,36.094219,129.486556,,,,2017-12-30,2017.0,12.0,30.0
"Pampus argenteus (Euphrasen, 1788)",2397682,,,,,,PRESENT,ASIA,KR,Gyeongsangbuk-do,,36.094219,129.486556,,,,2017-12-30,2017.0,12.0,30.0
"Pampus argenteus (Euphrasen, 1788)",2397682,,,,,,PRESENT,ASIA,KR,Gyeongsangbuk-do,,36.094219,129.486556,,,,2017-12-30,2017.0,12.0,30.0
"Pampus argenteus (Euphrasen, 1788)",2397682,,,,,Adult,PRESENT,ASIA,IN,Gujarat,,20.9,70.37,,,,2016-01-08,2016.0,1.0,8.0
"Pampus argenteus (Euphrasen, 1788)",2397682,,,,,,PRESENT,ASIA,KR,Chungcheongnam-do,,36.157836,126.500108,,,,2016-08-26,2016.0,8.0,26.0
"Pampus argenteus (Euphrasen, 1788)",2397682,,,,,,PRESENT,ASIA,KR,Chungcheongnam-do,,36.157836,126.500108,,,,2016-08-26,2016.0,8.0,26.0
"Pampus argenteus (Euphrasen, 1788)",2397682,,,,,,PRESENT,ASIA,KR,Jeollabuk-do,,36.028922,126.559772,,,,2016-11-16,2016.0,11.0,16.0
"Pampus argenteus (Euphrasen, 1788)",2397682,,,,,,PRESENT,ASIA,KR,Jeollabuk-do,,36.028922,126.559772,,,,2016-11-16,2016.0,11.0,16.0
"Pampus argenteus (Euphrasen, 1788)",2397682,,,,,,PRESENT,ASIA,KR,Jeollabuk-do,,36.028922,126.559772,,,,2016-11-16,2016.0,11.0,16.0
"Pampus argenteus (Euphrasen, 1788)",2397682,,,,,,PRESENT,ASIA,KR,Jeollabuk-do,,36.028922,126.559772,,,,2016-11-16,2016.0,11.0,16.0
"Pampus argenteus (Euphrasen, 1788)",2397682,,,,,,PRESENT,ASIA,KR,Jeollabuk-do,,36.028922,126.559772,,,,2016-11-16,2016.0,11.0,16.0
"Pampus argenteus (Euphrasen, 1788)",2397682,,,,,,PRESENT,ASIA,KR,Jeollabuk-do,,36.028922,126.559772,,,,2016-11-16,2016.0,11.0,16.0
"Pampus argenteus (Euphrasen, 1788)",2397682,,,,,,PRESENT,ASIA,KR,Jeollabuk-do,,36.028922,126.559772,,,,2016-11-16,2016.0,11.0,16.0
"Pampus argenteus (Euphrasen, 1788)",2397682,,,,,,PRESENT,ASIA,KR,Jeollabuk-do,,35.937547,126.533128,,,,2016-11-01,2016.0,11.0,1.0
"Pampus argenteus (Euphrasen, 1788)",2397682,,,,,,PRESENT,ASIA,KR,Jeollabuk-do,,35.937547,126.533128,,,,2016-11-01,2016.0,11.0,1.0
"Pampus argenteus (Euphrasen, 1788)",2397682,,,,,,PRESENT,ASIA,KR,Jeollabuk-do,,35.937547,126.533128,,,,2016-11-01,2016.0,11.0,1.0
"Pampus argenteus (Euphrasen, 1788)",2397682,,,,,,PRESENT,ASIA,KR,Jeollanam-do,,34.732203,125.409289,,,,2015-02-10,2015.0,2.0,10.0
"Pampus argenteus (Euphrasen, 1788)",2397682,,,,,,PRESENT,ASIA,KR,Jeollanam-do,,34.732203,125.409289,,,,2015-02-10,2015.0,2.0,10.0
"Pampus argenteus (Euphrasen, 1788)",2397682,,,,,,PRESENT,ASIA,KR,Jeollanam-do,,34.732203,125.409289,,,,2015-02-10,2015.0,2.0,10.0
"Pampus argenteus (Euphrasen, 1788)",2397682,,,,,,PRESENT,ASIA,KR,Jeollanam-do,,34.732203,125.409289,,,,2015-02-10,2015.0,2.0,10.0
"Pampus argenteus (Euphrasen, 1788)",2397682,,,,,,PRESENT,ASIA,AE,Abu Dhabi,,24.514417,54.375083,,,,2015-04-27,2015.0,4.0,27.0
"Pampus argenteus (Euphrasen, 1788)",2397682,,,,,,PRESENT,ASIA,KR,Jeollanam-do,,34.787347,126.38935,,,,2015-10-20,2015.0,10.0,20.0
"Pampus argenteus (Euphrasen, 1788)",2397682,,,,,,PRESENT,ASIA,KR,Jeollanam-do,,34.787347,126.38935,,,,2015-10-20,2015.0,10.0,20.0
"Pampus argenteus (Euphrasen, 1788)",2397682,,,,,,PRESENT,ASIA,KR,Jeollanam-do,,34.787347,126.38935,,,,2015-10-20,2015.0,10.0,20.0
"Pampus argenteus (Euphrasen, 1788)",2397682,,,,,,PRESENT,ASIA,KR,Jeollanam-do,,34.787347,126.38935,,,,2015-10-20,2015.0,10.0,20.0
"Pampus argenteus (Euphrasen, 1788)",2397682,,,,,,PRESENT,ASIA,KR,Jeollanam-do,,34.787347,126.38935,,,,2015-10-20,2015.0,10.0,20.0
"Pampus argenteus (Euphrasen, 1788)",2397682,,,,,Adult,PRESENT,ASIA,IN,Gujarat,,20.9,70.37,,,,2015-11-18,2015.0,11.0,18.0
"Pampus argenteus (Euphrasen, 1788)",2397682,,,,,,PRESENT,ASIA,IN,,,18.97,72.82,,,,2014-01-13,2014.0,1.0,13.0
"Pampus argenteus (Euphrasen, 1788)",2397682,,,,,,PRESENT,ASIA,IN,,,18.97,72.82,,,,2014-01-13,2014.0,1.0,13.0
"Pampus argenteus (Euphrasen, 1788)",2397682,,,,,,PRESENT,ASIA,KR,Gyeongsangnam-do,,34.932883,128.031714,,,,2014-05-26,2014.0,5.0,26.0
"Pampus argenteus (Euphrasen, 1788)",2397682,,,,,,PRESENT,ASIA,KR,Gyeongsangnam-do,,34.932883,128.031714,,,,2014-06-18,2014.0,6.0,18.0
"Pampus argenteus (Euphrasen, 1788)",2397682,,,,,,PRESENT,ASIA,KR,Jeollabuk-do,,35.976106,126.478497,,,,2014-06-06,2014.0,6.0,6.0
"Pampus argenteus (Euphrasen, 1788)",2397682,,,,,,PRESENT,ASIA,KR,Incheon,,37.518,126.59,,,,2014-09-14,2014.0,9.0,14.0
"Pampus argenteus (Euphrasen, 1788)",2397682,,,,,,PRESENT,ASIA,KR,Incheon,,37.518003,126.590028,,,,2014-09-14,2014.0,9.0,14.0
"Pampus argenteus (Euphrasen, 1788)",2397682,,,,,,PRESENT,ASIA,KR,Incheon,,37.518006,126.590056,,,,2014-09-14,2014.0,9.0,14.0
"Pampus argenteus (Euphrasen, 1788)",2397682,,,,,,PRESENT,ASIA,KR,Incheon,,37.518011,126.590111,,,,2014-09-14,2014.0,9.0,14.0
"Pampus argenteus (Euphrasen, 1788)",2397682,,,,,,PRESENT,ASIA,KR,Incheon,,37.518008,126.590083,,,,2014-09-14,2014.0,9.0,14.0
"Pampus argenteus (Euphrasen, 1788)",2397682,,,,,,PRESENT,ASIA,KR,Jeollanam-do,,35.273892,126.190808,,,,2014-10-07,2014.0,10.0,7.0
"Pampus argenteus (Euphrasen, 1788)",2397682,,,,,,PRESENT,ASIA,KR,Chungcheongnam-do,,36.101278,126.478,,,,2014-10-26,2014.0,10.0,26.0
"Pampus argenteus (Euphrasen, 1788)",2397682,,,,,,PRESENT,ASIA,KR,Jeollanam-do,,35.307172,126.245506,,,,2014-10-25,2014.0,10.0,25.0
"Pampus argenteus (Euphrasen, 1788)",2397682,,,,,,PRESENT,ASIA,KR,Jeollanam-do,,35.307169,126.245503,,,,2014-10-25,2014.0,10.0,25.0
"Pampus argenteus (Euphrasen, 1788)",2397682,,,,,,PRESENT,ASIA,KR,Jeollanam-do,,35.307178,126.245511,,,,2014-10-25,2014.0,10.0,25.0
"Pampus argenteus (Euphrasen, 1788)",2397682,,,,,,PRESENT,ASIA,KR,Jeollanam-do,,35.307175,126.245508,,,,2014-10-25,2014.0,10.0,25.0
"Pampus argenteus (Euphrasen, 1788)",2397682,,,,,,PRESENT,ASIA,KR,Jeollanam-do,,35.307167,126.2455,,,,2014-10-25,2014.0,10.0,25.0
"Pampus argenteus (Euphrasen, 1788)",2397682,,,,,,PRESENT,ASIA,KR,Jeollabuk-do,,35.648542,126.249903,,,,2014-10-25,2014.0,10.0,25.0
"Pampus argenteus (Euphrasen, 1788)",2397682,,,,,,PRESENT,ASIA,KR,Jeollabuk-do,,35.648528,126.249889,,,,2014-10-25,2014.0,10.0,25.0
"Pampus argenteus (Euphrasen, 1788)",2397682,,,,,,PRESENT,ASIA,KR,Jeollabuk-do,,35.648556,126.249917,,,,2014-10-25,2014.0,10.0,25.0
"Pampus argenteus (Euphrasen, 1788)",2397682,,,,,,PRESENT,ASIA,KR,Jeollanam-do,,34.227089,127.353983,,,,2014-10-30,2014.0,10.0,30.0
"Pampus argenteus (Euphrasen, 1788)",2397682,,,,,,PRESENT,ASIA,KR,Jeollanam-do,,34.227089,127.353983,,,,2014-10-30,2014.0,10.0,30.0
"Pampus argenteus (Euphrasen, 1788)",2397682,,,,,,PRESENT,ASIA,KR,Gyeongsangnam-do,,34.521556,128.3175,,,,2014-10-30,2014.0,10.0,30.0
"Pampus argenteus (Euphrasen, 1788)",2397682,,,,,,PRESENT,ASIA,CN,,,29.97,113.68,,,,2013-07-13,2013.0,7.0,13.0
"Pampus argenteus (Euphrasen, 1788)",2397682,,,,,,PRESENT,ASIA,CN,,,29.97,113.68,,,,2013-07-13,2013.0,7.0,13.0
"Pampus argenteus (Euphrasen, 1788)",2397682,,,,,,PRESENT,ASIA,IN,Gujarat,,23.2333,68.5764,4.7,0.0,,2013-12-30,2013.0,12.0,30.0
"Pampus argenteus (Euphrasen, 1788)",2397682,,,,,,PRESENT,ASIA,KR,Jeollanam-do,,34.650025,127.674722,,,,2012-01-10,2012.0,1.0,10.0
"Pampus argenteus (Euphrasen, 1788)",2397682,,,,,,PRESENT,ASIA,KR,,,35.016667,128.95,,,,2012-02-11,2012.0,2.0,11.0
"Pampus argenteus (Euphrasen, 1788)",2397682,,,,,,PRESENT,ASIA,KR,,,34.790667,128.782,,,,2012-04-13,2012.0,4.0,13.0
"Pampus argenteus (Euphrasen, 1788)",2397682,,,,,,PRESENT,ASIA,KR,,,34.612667,128.1755,,,,2012-04-14,2012.0,4.0,14.0
"Pampus argenteus (Euphrasen, 1788)",2397682,,,,,,PRESENT,ASIA,KR,,,34.196167,127.333,,,,2012-04-16,2012.0,4.0,16.0
"Pampus argenteus (Euphrasen, 1788)",2397682,,,,,,PRESENT,ASIA,KR,,,34.852167,128.1325,,,,2012-05-30,2012.0,5.0,30.0
"Pampus argenteus (Euphrasen, 1788)",2397682,,,,,,PRESENT,ASIA,KR,Gyeongsangnam-do,,34.863,128.161317,,,,2012-05-30,2012.0,5.0,30.0
"Pampus argenteus (Euphrasen, 1788)",2397682,,,,,,PRESENT,ASIA,KR,Jeju-do,,33.347867,126.162783,,,,2012-05-14,2012.0,5.0,14.0
"Pampus argenteus (Euphrasen, 1788)",2397682,,,,,,PRESENT,ASIA,KR,Jeju-do,,33.5562,126.70045,,,,2012-05-17,2012.0,5.0,17.0
"Pampus argenteus (Euphrasen, 1788)",2397682,,,,,,PRESENT,ASIA,KR,Jeju-do,,33.298117,126.774994,,,,2012-05-16,2012.0,5.0,16.0
"Pampus argenteus (Euphrasen, 1788)",2397682,,,,,,PRESENT,ASIA,KR,Jeju-do,,33.220817,126.31185,,,,2012-05-18,2012.0,5.0,18.0
"Pampus argenteus (Euphrasen, 1788)",2397682,,,,,,PRESENT,ASIA,KR,Incheon,,37.727544,126.517553,,,,2012-07-17,2012.0,7.0,17.0
"Pampus argenteus (Euphrasen, 1788)",2397682,,,,,,PRESENT,ASIA,KR,Busan,,35.016667,129.083333,,,,2012-08-25,2012.0,8.0,25.0
"Pampus argenteus (Euphrasen, 1788)",2397682,,,,,,PRESENT,ASIA,KR,Busan,,35.033333,129.0,,,,2012-08-25,2012.0,8.0,25.0
"Pampus argenteus (Euphrasen, 1788)",2397682,,,,,,PRESENT,ASIA,KR,Jeju-do,,33.21795,126.313267,,,,2011-03-15,2011.0,3.0,15.0
"Pampus argenteus (Euphrasen, 1788)",2397682,,,,,,PRESENT,ASIA,KR,Jeju-do,,33.232683,126.466167,,,,2011-04-28,2011.0,4.0,28.0
"Pampus argenteus (Euphrasen, 1788)",2397682,,,,,,PRESENT,ASIA,KR,Jeju-do,,33.566283,126.687125,,,,2011-04-12,2011.0,4.0,12.0
"Pampus argenteus (Euphrasen, 1788)",2397682,,,,,,PRESENT,ASIA,KR,Gyeongsangnam-do,,34.606833,128.166833,,,,2011-04-29,2011.0,4.0,29.0
"Pampus argenteus (Euphrasen, 1788)",2397682,,,,,,PRESENT,ASIA,KR,Jeju-do,,33.291283,126.679167,,,,2011-04-13,2011.0,4.0,13.0
"Pampus argenteus (Euphrasen, 1788)",2397682,,,,,,PRESENT,ASIA,KR,Jeju-do,,33.21795,126.313267,,,,2011-05-16,2011.0,5.0,16.0
"Pampus argenteus (Euphrasen, 1788)",2397682,,,,,,PRESENT,ASIA,KR,Incheon,,37.609722,125.714733,,,,2011-05-05,2011.0,5.0,5.0
"Pampus argenteus (Euphrasen, 1788)",2397682,,,,,,PRESENT,ASIA,KR,Chungcheongnam-do,,36.604522,126.420594,,,,2011-05-05,2011.0,5.0,5.0
"Pampus argenteus (Euphrasen, 1788)",2397682,,,,,,PRESENT,ASIA,KR,Jeollanam-do,,34.1919,127.32315,,,,2011-05-02,2011.0,5.0,2.0
"Pampus argenteus (Euphrasen, 1788)",2397682,,,,,,PRESENT,ASIA,KR,Jeollanam-do,,34.766667,127.511833,,,,2011-05-18,2011.0,5.0,18.0
"Pampus argenteus (Euphrasen, 1788)",2397682,,,,,,PRESENT,ASIA,KR,Jeollanam-do,,34.762833,127.515167,,,,2011-05-18,2011.0,5.0,18.0
"Pampus argenteus (Euphrasen, 1788)",2397682,,,,,,PRESENT,ASIA,KR,Chungcheongnam-do,,35.991667,126.611333,,,,2011-05-21,2011.0,5.0,21.0
"Pampus argenteus (Euphrasen, 1788)",2397682,,,,,,PRESENT,ASIA,KR,Jeju-do,,33.404722,126.233056,,,,2011-05-12,2011.0,5.0,12.0
"Pampus argenteus (Euphrasen, 1788)",2397682,,,,,,PRESENT,ASIA,KR,Jeju-do,,33.404722,126.233056,,,,2011-05-11,2011.0,5.0,11.0
"Pampus argenteus (Euphrasen, 1788)",2397682,,,,,,PRESENT,ASIA,KR,Jeju-do,,33.566283,126.687125,,,,2011-06-08,2011.0,6.0,8.0
"Pampus argenteus (Euphrasen, 1788)",2397682,,,,,,PRESENT,ASIA,KR,Busan,,35.043775,129.008664,,,,2011-06-27,2011.0,6.0,27.0
"Pampus argenteus (Euphrasen, 1788)",2397682,,,,,,PRESENT,ASIA,KR,Busan,,35.041489,128.984406,,,,2011-06-16,2011.0,6.0,16.0
"Pampus argenteus (Euphrasen, 1788)",2397682,,,,,,PRESENT,ASIA,KR,Incheon,,37.661944,125.693747,,,,2011-06-04,2011.0,6.0,4.0
"Pampus argenteus (Euphrasen, 1788)",2397682,,,,,,PRESENT,ASIA,KR,Jeju-do,,33.291283,126.679167,,,,2011-06-09,2011.0,6.0,9.0
"Pampus argenteus (Euphrasen, 1788)",2397682,,,,,,PRESENT,ASIA,KR,Gyeonggi-do,,37.665,126.5361,,,,2011-06-18,2011.0,6.0,18.0
"Pampus argenteus (Euphrasen, 1788)",2397682,,,,,,PRESENT,ASIA,KR,Incheon,,37.398467,126.74025,,,,2011-06-05,2011.0,6.0,5.0
"Pampus argenteus (Euphrasen, 1788)",2397682,,,,,,PRESENT,ASIA,KR,Incheon,,37.398467,126.74025,,,,2011-06-20,2011.0,6.0,20.0
"Pampus argenteus (Euphrasen, 1788)",2397682,,,,,,PRESENT,ASIA,KR,Gyeonggi-do,,37.665,126.5361,,,,2011-06-23,2011.0,6.0,23.0
"Pampus argenteus (Euphrasen, 1788)",2397682,,,,,,PRESENT,ASIA,KR,Jeollanam-do,,35.412222,126.3975,,,,2011-06-08,2011.0,6.0,8.0
"Pampus argenteus (Euphrasen, 1788)",2397682,,,,,,PRESENT,ASIA,KR,Jeollanam-do,,35.412222,126.3975,,,,2011-06-11,2011.0,6.0,11.0
"Pampus argenteus (Euphrasen, 1788)",2397682,,,,,,PRESENT,ASIA,KR,Jeollanam-do,,35.412222,126.3975,,,,2011-06-20,2011.0,6.0,20.0
"Pampus argenteus (Euphrasen, 1788)",2397682,,,,,,PRESENT,ASIA,KR,Jeju-do,,33.21795,126.313267,,,,2011-07-26,2011.0,7.0,26.0
"Pampus argenteus (Euphrasen, 1788)",2397682,,,,,,PRESENT,ASIA,KR,Jeju-do,,33.465761,126.94595,,,,2011-07-06,2011.0,7.0,6.0
"Pampus argenteus (Euphrasen, 1788)",2397682,,,,,,PRESENT,ASIA,KR,Incheon,,37.661944,125.693747,,,,2011-07-05,2011.0,7.0,5.0
"Pampus argenteus (Euphrasen, 1788)",2397682,,,,,,PRESENT,ASIA,KR,Jeollanam-do,,34.675186,127.821219,,,,2011-07-20,2011.0,7.0,20.0
"Pampus argenteus (Euphrasen, 1788)",2397682,,,,,,PRESENT,ASIA,KR,Jeollanam-do,,34.675186,127.821219,,,,2011-07-20,2011.0,7.0,20.0
"Pampus argenteus (Euphrasen, 1788)",2397682,,,,,,PRESENT,ASIA,KR,Jeollanam-do,,34.675186,127.821219,,,,2011-07-20,2011.0,7.0,20.0
"Pampus argenteus (Euphrasen, 1788)",2397682,,,,,,PRESENT,ASIA,KR,,,34.998308,128.853969,,,,2011-07-29,2011.0,7.0,29.0
"Pampus argenteus (Euphrasen, 1788)",2397682,,,,,,PRESENT,ASIA,KR,,,34.998308,128.853969,,,,2011-07-29,2011.0,7.0,29.0
"Pampus argenteus (Euphrasen, 1788)",2397682,,,,,,PRESENT,ASIA,KR,,,35.033789,128.993944,,,,2011-07-29,2011.0,7.0,29.0
"Pampus argenteus (Euphrasen, 1788)",2397682,,,,,,PRESENT,ASIA,KR,Jeju-do,,33.566283,126.687125,,,,2011-08-10,2011.0,8.0,10.0
"Pampus argenteus (Euphrasen, 1788)",2397682,,,,,,PRESENT,ASIA,KR,Jeollanam-do,,34.675186,127.821219,,,,2011-08-30,2011.0,8.0,30.0
"Pampus argenteus (Euphrasen, 1788)",2397682,,,,,,PRESENT,ASIA,KR,Jeollanam-do,,34.675186,127.821219,,,,2011-08-30,2011.0,8.0,30.0
"Pampus argenteus (Euphrasen, 1788)",2397682,,,,,,PRESENT,ASIA,KR,Jeollanam-do,,34.675186,127.821219,,,,2011-08-30,2011.0,8.0,30.0
"Pampus argenteus (Euphrasen, 1788)",2397682,,,,,,PRESENT,ASIA,KR,Jeollanam-do,,34.675186,127.821219,,,,2011-08-15,2011.0,8.0,15.0
"Pampus argenteus (Euphrasen, 1788)",2397682,,,,,,PRESENT,ASIA,KR,Jeollanam-do,,34.675186,127.821219,,,,2011-08-15,2011.0,8.0,15.0
"Pampus argenteus (Euphrasen, 1788)",2397682,,,,,,PRESENT,ASIA,KR,,,35.206667,129.220333,,,,2011-08-27,2011.0,8.0,27.0
"Pampus argenteus (Euphrasen, 1788)",2397682,,,,,,PRESENT,ASIA,KR,Gyeongsangnam-do,,34.685833,127.9725,,,,2011-08-30,2011.0,8.0,30.0
"Pampus argenteus (Euphrasen, 1788)",2397682,,,,,,PRESENT,ASIA,KR,Gyeongsangnam-do,,34.716667,128.310833,,,,2011-08-20,2011.0,8.0,20.0
"Pampus argenteus (Euphrasen, 1788)",2397682,,,,,,PRESENT,ASIA,KR,Gyeongsangnam-do,,34.698333,127.961111,,,,2011-08-31,2011.0,8.0,31.0
"Pampus argenteus (Euphrasen, 1788)",2397682,,,,,,PRESENT,ASIA,KR,Jeju-do,,33.291283,126.679167,,,,2011-08-11,2011.0,8.0,11.0
"Pampus argenteus (Euphrasen, 1788)",2397682,,,,,,PRESENT,ASIA,KR,Jeollanam-do,,34.556167,127.0695,,,,2011-08-24,2011.0,8.0,24.0
"Pampus argenteus (Euphrasen, 1788)",2397682,,,,,,PRESENT,ASIA,KR,Jeollanam-do,,34.603667,127.071167,,,,2011-08-24,2011.0,8.0,24.0
"Pampus argenteus (Euphrasen, 1788)",2397682,,,,,,PRESENT,ASIA,KR,Chungcheongnam-do,,35.991667,126.611333,,,,2011-08-11,2011.0,8.0,11.0
"Pampus argenteus (Euphrasen, 1788)",2397682,,,,,,PRESENT,ASIA,KR,Jeollanam-do,,34.3755,126.1085,,,,2011-08-08,2011.0,8.0,8.0
"Pampus argenteus (Euphrasen, 1788)",2397682,,,,,,PRESENT,ASIA,KR,Jeollanam-do,,34.298333,126.119,,,,2011-08-08,2011.0,8.0,8.0
"Pampus argenteus (Euphrasen, 1788)",2397682,,,,,,PRESENT,ASIA,KR,Jeju-do,,33.21795,126.313267,,,,2011-09-08,2011.0,9.0,8.0
"Pampus argenteus (Euphrasen, 1788)",2397682,,,,,,PRESENT,ASIA,KR,,,37.761225,126.588494,,,,2011-09-16,2011.0,9.0,16.0
"Pampus argenteus (Euphrasen, 1788)",2397682,,,,,,PRESENT,ASIA,KR,,,37.547397,126.368992,,,,2011-09-15,2011.0,9.0,15.0
"Pampus argenteus (Euphrasen, 1788)",2397682,,,,,,PRESENT,ASIA,KR,Gyeongsangnam-do,,34.78305,128.437758,,,,2011-09-01,2011.0,9.0,1.0
"Pampus argenteus (Euphrasen, 1788)",2397682,,,,,,PRESENT,ASIA,KR,Jeju-do,,33.574167,126.520556,,,,2011-09-17,2011.0,9.0,17.0
"Pampus argenteus (Euphrasen, 1788)",2397682,,,,,,PRESENT,ASIA,KR,Jeollanam-do,,34.766667,127.511833,,,,2011-09-16,2011.0,9.0,16.0
"Pampus argenteus (Euphrasen, 1788)",2397682,,,,,,PRESENT,ASIA,KR,Jeollanam-do,,34.775333,127.487333,,,,2011-09-16,2011.0,9.0,16.0
"Pampus argenteus (Euphrasen, 1788)",2397682,,,,,,PRESENT,ASIA,KR,Jeollanam-do,,34.743833,127.521167,,,,2011-09-16,2011.0,9.0,16.0
"Pampus argenteus (Euphrasen, 1788)",2397682,,,,,,PRESENT,ASIA,KR,Jeju-do,,33.566283,126.687125,,,,2011-10-06,2011.0,10.0,6.0
"Pampus argenteus (Euphrasen, 1788)",2397682,,,,,,PRESENT,ASIA,KR,Gyeonggi-do,,37.968889,124.741586,,,,2011-10-12,2011.0,10.0,12.0
"Pampus argenteus (Euphrasen, 1788)",2397682,,,,,,PRESENT,ASIA,KR,Gyeongsangnam-do,,35.009,128.604167,,,,2011-10-31,2011.0,10.0,31.0
"Pampus argenteus (Euphrasen, 1788)",2397682,,,,,,PRESENT,ASIA,KR,Jeju-do,,33.291283,126.679167,,,,2011-10-07,2011.0,10.0,7.0
"Pampus argenteus (Euphrasen, 1788)",2397682,,,,,,PRESENT,ASIA,KR,,,35.25,126.25,,,,2011-10-27,2011.0,10.0,27.0
"Pampus argenteus (Euphrasen, 1788)",2397682,,,,,,PRESENT,ASIA,KR,Jeollanam-do,,35.412697,126.423592,,,,2011-11-02,2011.0,11.0,2.0
"Pampus argenteus (Euphrasen, 1788)",2397682,,,,,,PRESENT,ASIA,KR,,,34.606833,128.166833,,,,2011-11-08,2011.0,11.0,8.0
"Pampus argenteus (Euphrasen, 1788)",2397682,,,,,,PRESENT,ASIA,KR,Gyeongsangnam-do,,34.716389,128.326667,,,,2011-11-16,2011.0,11.0,16.0
"Pampus argenteus (Euphrasen, 1788)",2397682,,,,,,PRESENT,ASIA,KR,Gyeongsangnam-do,,34.991667,128.539167,,,,2011-11-17,2011.0,11.0,17.0
"Pampus argenteus (Euphrasen, 1788)",2397682,,,,,,PRESENT,ASIA,KR,Incheon,,37.6495,125.713783,,,,2010-05-24,2010.0,5.0,24.0
"Pampus argenteus (Euphrasen, 1788)",2397682,,,,,,PRESENT,ASIA,TW,,,22.09,120.71,,,,2010-07-10,2010.0,7.0,10.0
"Pampus argenteus (Euphrasen, 1788)",2397682,,,,,,PRESENT,ASIA,TW,,,22.0595,120.674,,,,2010-07-10,2010.0,7.0,10.0
"Pampus argenteus (Euphrasen, 1788)",2397682,,,,,,PRESENT,ASIA,ID,,,-7.73,109.02,,,,2010-08-08,2010.0,8.0,8.0
"Pampus argenteus (Euphrasen, 1788)",2397682,,,,,,PRESENT,ASIA,KR,Incheon,,37.913883,124.746533,,,,2009-05-30,2009.0,5.0,30.0
"Pampus argenteus (Euphrasen, 1788)",2397682,,,,,,PRESENT,ASIA,KR,Incheon,,37.6495,125.713783,,,,2009-06-27,2009.0,6.0,27.0
"Pampus argenteus (Euphrasen, 1788)",2397682,,,,,,PRESENT,ASIA,KR,Incheon,,37.6495,125.713783,,,,2009-06-27,2009.0,6.0,27.0
"Pampus argenteus (Euphrasen, 1788)",2397682,,,,,,PRESENT,ASIA,KR,Incheon,,37.6495,125.713783,,,,2009-06-28,2009.0,6.0,28.0
"Pampus argenteus (Euphrasen, 1788)",2397682,,,,,,PRESENT,ASIA,KR,Incheon,,37.594,125.6614,,,,2009-06-28,2009.0,6.0,28.0
"Pampus argenteus (Euphrasen, 1788)",2397682,,,,,,PRESENT,ASIA,ID,,,-7.0,106.5,,,,2009-10-10,2009.0,10.0,10.0
"Pampus argenteus (Euphrasen, 1788)",2397682,,,,,,PRESENT,ASIA,ID,,,-7.0,106.5,,,,2009-10-10,2009.0,10.0,10.0
"Pampus argenteus (Euphrasen, 1788)",2397682,,,,,,PRESENT,ASIA,IN,,,11.48,76.76,,,,2008-01-09,2008.0,1.0,9.0
"Pampus argenteus (Euphrasen, 1788)",2397682,,,,,,PRESENT,ASIA,IN,,,11.48,76.76,,,,2008-01-09,2008.0,1.0,9.0
"Pampus argenteus (Euphrasen, 1788)",2397682,,,,,,PRESENT,ASIA,TW,P'ing-tung County,,22.46786,120.442701,,,407.0,2008-11-15,2008.0,11.0,15.0
"Pampus argenteus (Euphrasen, 1788)",2397682,,,,,,PRESENT,ASIA,TW,Taichung,,24.294611,120.521611,,,,2008-11-12,2008.0,11.0,12.0
"Pampus argenteus (Euphrasen, 1788)",2397682,,,,,,PRESENT,ASIA,TW,,,23.471361,120.458028,,,,2008-11-14,2008.0,11.0,14.0
"Pampus cinereus (Bloch, 1795)",2397674,,,,,,PRESENT,ASIA,CN,,,23.3,116.78,,,,2006-07-27,2006.0,7.0,27.0
"Pampus cinereus (Bloch, 1795)",2397674,,,,,,PRESENT,ASIA,CN,,,23.26,116.83,,,,2006-07-27,2006.0,7.0,27.0
"Pampus cinereus (Bloch, 1795)",2397674,,,,,,PRESENT,ASIA,CN,,,23.3,116.78,,,,2006-07-27,2006.0,7.0,27.0
"Pampus argenteus (Euphrasen, 1788)",2397682,,,,,,PRESENT,ASIA,CN,Guangdong,,20.476,109.825,,,,2006-08-18,2006.0,8.0,18.0
"Pampus argenteus (Euphrasen, 1788)",2397682,,,,,,PRESENT,ASIA,CN,Guangdong,,20.476,109.825,,,,2006-08-18,2006.0,8.0,18.0
"Pampus argenteus (Euphrasen, 1788)",2397682,,,,,,PRESENT,ASIA,CN,Guangdong,,20.454,109.889,,,,2006-08-18,2006.0,8.0,18.0
"Pampus argenteus (Euphrasen, 1788)",2397682,,,,,,PRESENT,ASIA,CN,Guangdong,,20.454,109.889,,,,2006-08-18,2006.0,8.0,18.0
"Pampus argenteus (Euphrasen, 1788)",2397682,,,,,,PRESENT,ASIA,CN,,,20.45,109.89,,,,2006-08-18,2006.0,8.0,18.0
"Pampus argenteus (Euphrasen, 1788)",2397682,,,,,,PRESENT,ASIA,CN,,,20.48,109.82,,,,2006-08-18,2006.0,8.0,18.0
"Pampus argenteus (Euphrasen, 1788)",2397682,,,,,,PRESENT,ASIA,CN,,,20.48,109.82,,,,2006-08-18,2006.0,8.0,18.0
"Pampus cinereus (Bloch, 1795)",2397674,,,,,,PRESENT,ASIA,CN,,,20.48,109.82,,,,2006-08-18,2006.0,8.0,18.0
"Pampus argenteus (Euphrasen, 1788)",2397682,,,,,,PRESENT,ASIA,CN,,,20.45,109.89,,,,2006-08-18,2006.0,8.0,18.0
"Pampus cinereus (Bloch, 1795)",2397674,,,,,,PRESENT,ASIA,CN,,,21.09,110.45,,,,2006-08-16,2006.0,8.0,16.0
"Pampus argenteus (Euphrasen, 1788)",2397682,,,,,,PRESENT,ASIA,TW,,,24.25,120.52,,,,2005-03-11,2005.0,3.0,11.0
"Pampus argenteus (Euphrasen, 1788)",2397682,,,,,,PRESENT,ASIA,TW,,,24.25,120.52,,,,2005-03-11,2005.0,3.0,11.0
"Pampus argenteus (Euphrasen, 1788)",2397682,,,,,,PRESENT,ASIA,TW,,,24.25,120.52,,,,2005-03-11,2005.0,3.0,11.0
"Pampus argenteus (Euphrasen, 1788)",2397682,,,,,,PRESENT,ASIA,TW,,,24.25,120.52,,,,2005-03-11,2005.0,3.0,11.0
"Pampus argenteus (Euphrasen, 1788)",2397682,,,,,,PRESENT,ASIA,TW,,,24.25,120.52,,,,2005-03-11,2005.0,3.0,11.0
"Pampus argenteus (Euphrasen, 1788)",2397682,,,,,,PRESENT,ASIA,TW,,,24.25,120.52,,,,2005-03-11,2005.0,3.0,11.0
"Pampus argenteus (Euphrasen, 1788)",2397682,,,,,,PRESENT,ASIA,TW,,,24.25,120.52,,,,2005-03-11,2005.0,3.0,11.0
"Pampus argenteus (Euphrasen, 1788)",2397682,,,,,,PRESENT,ASIA,TW,,,24.25,120.52,,,,2005-03-11,2005.0,3.0,11.0
"Pampus argenteus (Euphrasen, 1788)",2397682,,,,,,PRESENT,ASIA,TW,,,24.25,120.52,,,,2005-03-11,2005.0,3.0,11.0
"Pampus argenteus (Euphrasen, 1788)",2397682,,,,,,PRESENT,ASIA,TW,Taichung City,,24.25,120.52,,,,2005-03-11,2005.0,3.0,11.0
"Pampus argenteus (Euphrasen, 1788)",2397682,,,,,,PRESENT,ASIA,TW,Taichung City,,24.25,120.52,,,,2005-03-11,2005.0,3.0,11.0
"Pampus argenteus (Euphrasen, 1788)",2397682,,,,,,PRESENT,ASIA,BD,Chittagong,,21.45262,91.96946,,,,2005-12-21,2005.0,12.0,21.0
"Pampus argenteus (Euphrasen, 1788)",2397682,,,,,,PRESENT,ASIA,TW,,,24.06,120.43,,,,2002-09-03,2002.0,9.0,3.0
"Pampus argenteus (Euphrasen, 1788)",2397682,,,,,,PRESENT,ASIA,AE,,,25.19945,55.299999,,,,2001-11,2001.0,11.0,
"Pampus argenteus (Euphrasen, 1788)",2397682,,,,,,PRESENT,ASIA,AE,,,25.19945,55.299999,,,,2001-11,2001.0,11.0,
"Pampus argenteus (Euphrasen, 1788)",2397682,,,,,,PRESENT,ASIA,AE,,,25.19945,55.299999,,,,2001-12,2001.0,12.0,
"Pampus argenteus (Euphrasen, 1788)",2397682,,,,,,PRESENT,ASIA,AE,,,25.19945,55.299999,,,,2001-12,2001.0,12.0,
"Pampus argenteus (Euphrasen, 1788)",2397682,,,,,,PRESENT,ASIA,KR,,,36.22284,126.96558,,,,2000-06-03,2000.0,6.0,3.0
"Pampus argenteus (Euphrasen, 1788)",2397682,,,,,,PRESENT,ASIA,KR,,,36.22284,126.96558,,,,2000-06-03,2000.0,6.0,3.0
"Pampus argenteus (Euphrasen, 1788)",2397682,,,,,,PRESENT,ASIA,KR,,,36.22284,126.96558,,,,2000-06-03,2000.0,6.0,3.0
"Pampus argenteus (Euphrasen, 1788)",2397682,,,,,,PRESENT,ASIA,KR,,,36.22284,126.96558,,,,2000-06-03,2000.0,6.0,3.0
"Pampus argenteus (Euphrasen, 1788)",2397682,,,,,,PRESENT,ASIA,KR,,,36.22284,126.96558,,,,2000-06-03,2000.0,6.0,3.0
"Pampus argenteus (Euphrasen, 1788)",2397682,,,,,,PRESENT,ASIA,KR,,,36.22284,126.96558,,,,2000-06-03,2000.0,6.0,3.0
"Pampus argenteus (Euphrasen, 1788)",2397682,,,,,,PRESENT,ASIA,KR,,,36.22284,126.96558,,,,2000-06-03,2000.0,6.0,3.0
"Pampus argenteus (Euphrasen, 1788)",2397682,,,,,,PRESENT,ASIA,KR,,,36.22284,126.96558,,,,2000-06-03,2000.0,6.0,3.0
"Pampus argenteus (Euphrasen, 1788)",2397682,,,,,,PRESENT,ASIA,KR,,,36.22284,126.96558,,,,2000-06-03,2000.0,6.0,3.0
"Pampus argenteus (Euphrasen, 1788)",2397682,,,,,,PRESENT,ASIA,KR,,,36.07383,126.63693,,,,1995-06-06,1995.0,6.0,6.0
"Pampus argenteus (Euphrasen, 1788)",2397682,1.0,,,,,PRESENT,ASIA,TW,,,24.48,120.66,,,,1991-08-28,1991.0,8.0,28.0
"Pampus argenteus (Euphrasen, 1788)",2397682,,,,,,PRESENT,ASIA,TW,,,24.48,120.66,,,,1991-08-28,1991.0,8.0,28.0
"Pampus argenteus (Euphrasen, 1788)",2397682,,,,,,PRESENT,ASIA,CN,,,19.166667,110.6,,,,1990-11-08,1990.0,11.0,8.0
"Pampus argenteus (Euphrasen, 1788)",2397682,,,,,,PRESENT,ASIA,CN,,,18.266667,109.45,,,,1990-11-18,1990.0,11.0,18.0
"Pampus argenteus (Euphrasen, 1788)",2397682,,,,,,PRESENT,ASIA,AE,,,25.791746,55.9762,,,,1989-03,1989.0,3.0,
"Pampus cinereus (Bloch, 1795)",2397674,,,,,,PRESENT,ASIA,TW,,,23.57,119.56,,,,1989-04-09,1989.0,4.0,9.0
"Pampus argenteus (Euphrasen, 1788)",2397682,,,,,,PRESENT,ASIA,TW,,,22.01,120.74,,,,1985-12-04,1985.0,12.0,4.0
"Pampus argenteus (Euphrasen, 1788)",2397682,,,,,,PRESENT,ASIA,TW,,,22.48,120.46,,,,1983-11-02,1983.0,11.0,2.0
"Pampus argenteus (Euphrasen, 1788)",2397682,1.0,,,,Adult,PRESENT,ASIA,KW,,,29.51,48.26,,,115000.0,1982-07-07,1982.0,7.0,7.0
"Pampus argenteus (Euphrasen, 1788)",2397682,1.0,,,,Adult,PRESENT,ASIA,KW,,,29.51,48.26,,,115000.0,1982-07-27,1982.0,7.0,27.0
"Pampus argenteus (Euphrasen, 1788)",2397682,1.0,,,,,PRESENT,ASIA,IN,kerala,,9.933,76.233,,,,1980,1980.0,,
"Pampus argenteus (Euphrasen, 1788)",2397682,1.0,,,,Adult,PRESENT,ASIA,MY,,,1.95,109.66904,,,79319.0,1979-04-21,1979.0,4.0,21.0
"Pampus argenteus (Euphrasen, 1788)",2397682,1.0,1.0,individuals,,,PRESENT,ASIA,PK,Sind,,24.87,67.05,,,,1978-04-08,1978.0,4.0,8.0
"Pampus argenteus (Euphrasen, 1788)",2397682,4.0,4.0,individuals,,,PRESENT,ASIA,PK,Sind,,24.05,67.36,,,,1978-04-26,1978.0,4.0,26.0
"Pampus argenteus (Euphrasen, 1788)",2397682,1.0,1.0,individuals,,,PRESENT,ASIA,PK,Sind,,24.87,67.05,,,,1978-04-09,1978.0,4.0,9.0
"Pampus argenteus (Euphrasen, 1788)",2397682,1.0,1.0,individuals,,,PRESENT,ASIA,PK,Sind,,24.87,67.05,,,,1978-04-09,1978.0,4.0,9.0
"Pampus argenteus (Euphrasen, 1788)",2397682,2.0,2.0,individuals,,,PRESENT,ASIA,PK,Sind,,24.85,66.85,,,,1978-04-23,1978.0,4.0,23.0
"Pampus argenteus (Euphrasen, 1788)",2397682,8.0,8.0,individuals,,,PRESENT,ASIA,PK,Sind,,24.87,67.05,,,,1978-04-09,1978.0,4.0,9.0
"Pampus argenteus (Euphrasen, 1788)",2397682,6.0,6.0,individuals,,,PRESENT,ASIA,PK,Sind,,24.07,67.36,,,,1978-04-26,1978.0,4.0,26.0
"Pampus argenteus (Euphrasen, 1788)",2397682,9.0,9.0,individuals,,,PRESENT,ASIA,PK,Sind,,24.05,67.38,,,,1978-04-26,1978.0,4.0,26.0
"Pampus argenteus (Euphrasen, 1788)",2397682,4.0,4.0,individuals,,,PRESENT,ASIA,PK,Sind,,24.14,67.32,,,,1978-04-25,1978.0,4.0,25.0
"Pampus argenteus (Euphrasen, 1788)",2397682,3.0,3.0,individuals,,,PRESENT,ASIA,PK,,,24.06,67.36,,,,1978-04-25,1978.0,4.0,25.0
"Pampus argenteus (Euphrasen, 1788)",2397682,1.0,1.0,individuals,,,PRESENT,ASIA,PK,Sind,,24.87,67.05,,,,1978-04-09,1978.0,4.0,9.0
"Pampus argenteus (Euphrasen, 1788)",2397682,,,,,,PRESENT,ASIA,VN,Ba Xuyen Prov,,9.467186,106.215066,,,,1974-06-28,1974.0,6.0,28.0
"Pampus argenteus (Euphrasen, 1788)",2397682,2.0,,,,,PRESENT,ASIA,VN,Ba Ria Vung Tau,,10.35,107.25,,,,1973-01-19,1973.0,1.0,19.0
"Pampus argenteus (Euphrasen, 1788)",2397682,10.0,,,,Adult,PRESENT,ASIA,LK,,,9.2711,80.81423,,,2393.0,1969-08-09,1969.0,8.0,9.0
"Pampus argenteus (Euphrasen, 1788)",2397682,2.0,,,,Adult,PRESENT,ASIA,LK,,,8.02357,79.82539,,,3948.0,1969-12-03,1969.0,12.0,3.0
"Pampus argenteus (Euphrasen, 1788)",2397682,3.0,,,,Adult,PRESENT,ASIA,IN,,,18.86391,72.84051,,,18897.0,1967-07-01/1967-07-31,1967.0,7.0,
"Pampus argenteus (Euphrasen, 1788)",2397682,,,,,,PRESENT,ASIA,TH,,,7.95,98.933333,,,,1966-02-15,1966.0,2.0,15.0
"Pampus argenteus (Euphrasen, 1788)",2397682,,,,,,PRESENT,ASIA,TH,,,7.95,98.933333,,,,1966-02-15,1966.0,2.0,15.0
"Pampus argenteus (Euphrasen, 1788)",2397682,1.0,,,,Adult,PRESENT,ASIA,IN,Tamil Nadu,,9.26,79.23,,,115000.0,1966-09-29,1966.0,9.0,29.0
"Pampus argenteus (Euphrasen, 1788)",2397682,10.0,,,,Adult,PRESENT,ASIA,IN,Kerala,,8.94,76.51,,,115000.0,1966-10-08,1966.0,10.0,8.0
"Pampus argenteus (Euphrasen, 1788)",2397682,,,,,,PRESENT,ASIA,TH,Songkhla,,7.427936,100.311376,,,,1965-01-07,1965.0,1.0,7.0
"Pampus argenteus (Euphrasen, 1788)",2397682,,,,,,PRESENT,ASIA,TH,Songkhla,,7.626028,100.170614,,,,1965-01-12,1965.0,1.0,12.0
"Pampus argenteus (Euphrasen, 1788)",2397682,,,,,,PRESENT,ASIA,PK,,,21.5,92.0,,,,1965-03-01,1965.0,3.0,1.0
"Pampus argenteus (Euphrasen, 1788)",2397682,6.0,,,,Adult,PRESENT,ASIA,IN,,,18.98604,72.81244,,,15326.0,1964-05-13,1964.0,5.0,13.0
"Pampus argenteus (Euphrasen, 1788)",2397682,,,,,,PRESENT,ASIA,TH,Prachuab Khiri Khan,,11.750315,99.790491,,,,1964-12-12,1964.0,12.0,12.0
"Pampus argenteus (Euphrasen, 1788)",2397682,1.0,,,,Adult,PRESENT,ASIA,IN,,,22.51093,69.04885,,,52355.0,1963-03-10,1963.0,3.0,10.0
"Pampus argenteus (Euphrasen, 1788)",2397682,,,,,,PRESENT,ASIA,MY,,,2.016667,102.5,,,,1963-03-01,1963.0,3.0,1.0
"Pampus argenteus (Euphrasen, 1788)",2397682,2.0,,,,,PRESENT,ASIA,MY,Johor (State),,2.01667,102.5,,,,1963,1963.0,,
"Pampus argenteus (Euphrasen, 1788)",2397682,1.0,,,,,PRESENT,ASIA,MY,Selangor (State),,3.16667,101.667,,,,1962-11-03,1962.0,11.0,3.0
"Pampus argenteus (Euphrasen, 1788)",2397682,,,,,,PRESENT,ASIA,MY,,,3.166667,101.666667,,,,1962-11-03,1962.0,11.0,3.0
"Pampus argenteus (Euphrasen, 1788)",2397682,,,,,,PRESENT,ASIA,IQ,Al Basrah,,29.9833,48.4667,,,,1960-06-17,1960.0,6.0,17.0
"Pampus argenteus (Euphrasen, 1788)",2397682,,,,,,PRESENT,ASIA,IQ,Al Basrah,,29.9497,48.5731,,,,1960-07-14,1960.0,7.0,14.0
"Pampus argenteus (Euphrasen, 1788)",2397682,2.0,,,,,PRESENT,ASIA,HK,Hong Kong,,22.4,114.416667,,,,1958-01-07/1958-01-08,1958.0,1.0,
"Pampus argenteus (Euphrasen, 1788)",2397682,1.0,,,,,PRESENT,ASIA,CN,Hong Kong,,22.395833,113.863889,,,,1958-02-13,1958.0,2.0,13.0
"Pampus argenteus (Euphrasen, 1788)",2397682,,,,,,PRESENT,ASIA,HK,,,22.216667,114.15,,,,1957-11-14,1957.0,11.0,14.0
"Pampus argenteus (Euphrasen, 1788)",2397682,4.0,,,,,PRESENT,ASIA,CN,Hong Kong,,22.144444,114.275,,,,1957-12-16,1957.0,12.0,16.0
"Pampus argenteus (Euphrasen, 1788)",2397682,,,,,,PRESENT,ASIA,MY,,,4.0,102.0,,,,1957-12-01,1957.0,12.0,1.0
"Pampus argenteus (Euphrasen, 1788)",2397682,,,,,,PRESENT,ASIA,ID,Java,,-1.7,109.133333,,,,1954-01-26,1954.0,1.0,26.0
"Pampus argenteus (Euphrasen, 1788)",2397682,,,,,,PRESENT,ASIA,TW,,,25.16,121.76,,,,1952-01-01,1952.0,1.0,1.0
"Pampus argenteus (Euphrasen, 1788)",2397682,,,,,,PRESENT,ASIA,TW,,,25.16,121.76,,,,1952-01-01,1952.0,1.0,1.0
"Pampus argenteus (Euphrasen, 1788)",2397682,,,,,,PRESENT,ASIA,TW,,,25.16,121.76,,,,1952-02-01,1952.0,2.0,1.0
"Pampus argenteus (Euphrasen, 1788)",2397682,,,,,,PRESENT,ASIA,TW,,,25.05,121.6,,,,1945-10-01,1945.0,10.0,1.0
"Pampus cinereus (Bloch, 1795)",2397674,2.0,,,,,PRESENT,ASIA,IN,Tamil Nadu State,,9.246019,79.211491,,,1239.0,1941-01-21/1941-01-22,1941.0,1.0,
"Pampus cinereus (Bloch, 1795)",2397674,2.0,,,,,PRESENT,ASIA,MM,Tanintharyi,South I.,13.830165,97.915637,,,4936.0,1940-11,1940.0,11.0,
"Pampus argenteus (Euphrasen, 1788)",2397682,1.0,,,,,PRESENT,ASIA,IN,Andhra Pradesh,,17.734339,83.343467,,,2182.0,1940-12-26,1940.0,12.0,26.0
"Pampus cinereus (Bloch, 1795)",2397674,2.0,,,,,PRESENT,ASIA,MY,Pulau Pinang,,5.37252,100.336585,,,40310.0,1937-03-25,1937.0,3.0,25.0
"Pampus cinereus (Bloch, 1795)",2397674,2.0,,,,,PRESENT,ASIA,IN,West Bengal,,22.587791,88.348436,,,7570.0,1937-04-08,1937.0,4.0,8.0
"Pampus argenteus (Euphrasen, 1788)",2397682,1.0,,,,,PRESENT,ASIA,CN,Zhejiang,Chusan I.,30.003107,122.079623,,,20000.0,1936-10-17,1936.0,10.0,17.0
"Pampus argenteus (Euphrasen, 1788)",2397682,0.0,,,,,PRESENT,ASIA,CN,Zhejiang,Chusan I.,32.30905,121.420114,,,10000.0,1936-10-05,1936.0,10.0,5.0
"Pampus cinereus (Bloch, 1795)",2397674,0.0,,,,,PRESENT,ASIA,MY,Melaka,,2.196,102.2405,,,51957.0,1934-03,1934.0,3.0,
"Stromateus cinereus Bloch, 1795",2397675,1.0,,,,,PRESENT,ASIA,PH,Negros Oriental,,9.307,123.3074,,,6810.0,1931-06-08/1931-06-26,1931.0,6.0,
"Pampus argenteus (Euphrasen, 1788)",2397682,,,,,,PRESENT,ASIA,JP,,,34.680632,135.199163,,,,1929-04-18,1929.0,4.0,18.0
"Pampus argenteus (Euphrasen, 1788)",2397682,,,,,,PRESENT,ASIA,JP,Nagasaki,,32.75465,129.869475,,,,1929-07-16,1929.0,7.0,16.0
"Pampus argenteus (Euphrasen, 1788)",2397682,,,,,,PRESENT,ASIA,KR,,,35.09556,129.080727,,,,1929-07-18,1929.0,7.0,18.0
"Pampus argenteus (Euphrasen, 1788)",2397682,,,,,,PRESENT,ASIA,KR,,,35.09556,129.080727,,,,1929-07-18,1929.0,7.0,18.0
"Pampus argenteus (Euphrasen, 1788)",2397682,,,,,,PRESENT,ASIA,JP,,,34.055735,130.809623,,,,1929-07-12,1929.0,7.0,12.0
"Pampus cinereus (Bloch, 1795)",2397674,0.0,,,,,PRESENT,ASIA,MY,,,2.913303,100.588643,,,15398.0,1926-07,1926.0,7.0,
"Stromateoides argenteus (Euphrasen, 1788)",2397679,1.0,,,,,PRESENT,ASIA,KR,Yeongnam,,35.142092,129.132288,,,,1911,1911.0,,
"Pampus argenteus (Euphrasen, 1788)",2397682,,,,,,PRESENT,ASIA,CN,,,36.1,120.31667,,,,1908,1908.0,,
"Pampus argenteus (Euphrasen, 1788)",2397682,,,,,,PRESENT,ASIA,IR,,,26.557,54.9375,,,,1900-01,1900.0,1.0,
"Pampus argenteus (Euphrasen, 1788)",2397682,1.0,,,,,PRESENT,ASIA,CN,kwangtung,,23.383,116.65,,,,1881,1881.0,,
"Pampus argenteus (Euphrasen, 1788)",2397682,2.0,,,Indeterminate,Adult,PRESENT,ASIA,JP,,,32.75,129.86666,,,,1879-10-23,1879.0,10.0,23.0
"Pampus argenteus (Euphrasen, 1788)",2397682,1.0,,,,,PRESENT,ASIA,VN,cochinchine,,10.767,106.717,,,,1877,1877.0,,
"Pampus argenteus (Euphrasen, 1788)",2397682,2.0,,,,Adult,PRESENT,ASIA,MY,,,5.37252,100.33659,,,40310.0,1860-11-01/1860-11-30,1860.0,11.0,
"Pampus argenteus (Euphrasen, 1788)",2397682,1.0,,,,Adult,PRESENT,ASIA,MY,,,5.37252,100.33659,,,40310.0,1860-11-01/1860-11-30,1860.0,11.0,
"Pampus argenteus (Euphrasen, 1788)",2397682,1.0,,,,,PRESENT,ASIA,IN,kerala,,11.683,75.517,,,,1834,1834.0,,
"Pampus argenteus (Euphrasen, 1788)",2397682,2.0,,,,,PRESENT,ASIA,IN,maharashtra,,18.933,72.85,,,,1826,1826.0,,
"Pampus argenteus (Euphrasen, 1788)",2397682,1.0,,,,,PRESENT,ASIA,IN,maharashtra,,18.933,72.85,,,,1825,1825.0,,
"Pampus argenteus (Euphrasen, 1788)",2397682,2.0,,,,,PRESENT,ASIA,IN,maharashtra,,18.933,72.85,,,,1825,1825.0,,
"Pampus argenteus (Euphrasen, 1788)",2397682,,,,,,PRESENT,ASIA,IN,,,21.65,88.633333,,,,,,,
"Pampus argenteus (Euphrasen, 1788)",2397682,,,,,,PRESENT,ASIA,TH,,,42.833333,101.0,,,,,,,
"Pampus argenteus (Euphrasen, 1788)",2397682,1.0,,,,,PRESENT,ASIA,CN,Shandong,,35.974167,120.466111,,,,,,,
"Pampus argenteus (Euphrasen, 1788)",2397682,2.0,,,,,PRESENT,ASIA,CN,Shandong,,35.921944,120.371389,,,,,,,
"Pampus argenteus (Euphrasen, 1788)",2397682,1.0,,,,,PRESENT,ASIA,IN,coromandel,,11.983,79.833,,,,,,,
"Scomberomorus commerson (Lacepède, 1800)",2374255,,,,,,PRESENT,ASIA,IN,Kerala,,9.545512,76.362436,,,31236.0,2025-01-10T16:31:56,2025.0,1.0,10.0
"Scomberomorus commerson (Lacepède, 1800)",2374255,,,,,Juvenile,PRESENT,ASIA,SG,East,,1.346429,103.856472,,,31447.0,2025-01-18T13:50,2025.0,1.0,18.0
"Scomberomorus commerson (Lacepède, 1800)",2374255,1.0,,,,,PRESENT,ASIA,IL,,,32.000751,34.72301,,,,2025-01-02,2025.0,1.0,2.0
"Scomberomorus commerson (Lacepède, 1800)",2374255,1.0,,,,,PRESENT,ASIA,IL,,,32.790454,34.926743,,,,2025-01-04,2025.0,1.0,4.0
"Scomberomorus commerson (Lacepède, 1800)",2374255,1.0,,,,,PRESENT,ASIA,IL,,,32.825866,35.015176,,,,2025-01-15,2025.0,1.0,15.0
"Scomberomorus commerson (Lacepède, 1800)",2374255,1.0,,,,,PRESENT,ASIA,IL,,,32.132769,34.764095,,,,2025-01-02,2025.0,1.0,2.0
"Scomberomorus commerson (Lacepède, 1800)",2374255,1.0,,,,,PRESENT,ASIA,IL,,,31.852388,34.654536,,,,2025-01-22,2025.0,1.0,22.0
"Scomberomorus commerson (Lacepède, 1800)",2374255,,,,,,PRESENT,ASIA,LK,Galle,,6.267964,80.183206,,,31356.0,2025-02-05T05:16:18,2025.0,2.0,5.0
"Scomberomorus commerson (Lacepède, 1800)",2374255,,,,,Juvenile,PRESENT,ASIA,TH,Rayong,,12.634241,101.554313,,,31069.0,2025-02-01T10:07:43,2025.0,2.0,1.0
"Scomberomorus commerson (Lacepède, 1800)",2374255,,,,,,PRESENT,ASIA,LK,Kalutara,,6.425451,79.962612,,,31350.0,2025-02-04T15:05:17,2025.0,2.0,4.0
"Scomberomorus commerson (Lacepède, 1800)",2374255,,,,,,PRESENT,ASIA,PH,Palawan,,9.685978,118.701388,,,31227.0,2025-02-06T18:25:57,2025.0,2.0,6.0
"Scomberomorus commerson (Lacepède, 1800)",2374255,,,,,,PRESENT,ASIA,IN,Karnataka,,12.870771,74.850072,,,31057.0,2025-02-23T08:08:49,2025.0,2.0,23.0
"Scomberomorus commerson (Lacepède, 1800)",2374255,1.0,,,,,PRESENT,ASIA,IL,,,32.806197,34.939293,,,,2025-03-03,2025.0,3.0,3.0
"Scomberomorus commerson (Lacepède, 1800)",2374255,1.0,,,,,PRESENT,ASIA,IL,,,32.833068,35.032645,,,,2025-03-03,2025.0,3.0,3.0
"Scomberomorus commerson (Lacepède, 1800)",2374255,1.0,,,,,PRESENT,ASIA,IL,,,32.843427,34.951936,,,,2025-03-03,2025.0,3.0,3.0
"Scomberomorus commerson (Lacepède, 1800)",2374255,,,,,,PRESENT,ASIA,TH,Satun,,6.526299,99.320382,,,31350.0,2025-04-16T19:00:04,2025.0,4.0,16.0
"Scomberomorus commerson (Lacepède, 1800)",2374255,,,,,,PRESENT,ASIA,TH,Prachuap Khiri Khan,,12.555022,99.984419,,,31081.0,2025-04-16T17:35:30,2025.0,4.0,16.0
"Scomberomorus commerson (Lacepède, 1800)",2374255,,,,,,PRESENT,ASIA,AE,Dubay,,25.200104,55.282546,,,29981.0,2025-04-06T17:39:21,2025.0,4.0,6.0
"Scomberomorus commerson (Lacepède, 1800)",2374255,,,,,,PRESENT,ASIA,ID,Jawa Tengah,,-7.530713,110.642617,,,31317.0,2025-04-07T15:50,2025.0,4.0,7.0
"Scomberomorus commerson (Lacepède, 1800)",2374255,,,,,,PRESENT,ASIA,IN,Kerala,,9.790855,76.250898,,,31227.0,2025-04-26T08:27:20,2025.0,4.0,26.0
"Scomberomorus commerson (Lacepède, 1800)",2374255,,,,,,PRESENT,ASIA,AE,Sharjah,,25.223119,55.28663,,,29981.0,2025-04-24T12:15:54,2025.0,4.0,24.0
"Scomberomorus commerson (Lacepède, 1800)",2374255,,,,,,PRESENT,ASIA,LK,Gampaha,,7.369199,79.842836,,,31324.0,2025-04-25T06:03,2025.0,4.0,25.0
"Scomberomorus commerson (Lacepède, 1800)",2374255,,,,,,PRESENT,ASIA,LK,Gampaha,,7.298658,79.948959,,,31324.0,2025-04-25T14:00,2025.0,4.0,25.0
"Scomberomorus commerson (Lacepède, 1800)",2374255,,,,,Juvenile,PRESENT,ASIA,LK,Gampaha,,7.276013,79.805618,,,31324.0,2025-04-25T14:00,2025.0,4.0,25.0
"Scomberomorus commerson (Lacepède, 1800)",2374255,1.0,,,,,PRESENT,ASIA,IL,,,32.410423,34.860443,,,,2025-04-20,2025.0,4.0,20.0
"Scomberomorus commerson (Lacepède, 1800)",2374255,,,,,,PRESENT,ASIA,SG,West,,1.308239,103.76484,,,31447.0,2025-04-27T12:05:36,2025.0,4.0,27.0
"Scomberomorus commerson (Lacepède, 1800)",2374255,,,,,,PRESENT,ASIA,IN,Karnataka,,13.338481,74.722904,,,31032.0,2025-05-08T06:17:25,2025.0,5.0,8.0
"Scomberomorus commerson (Lacepède, 1800)",2374255,1.0,,,,,PRESENT,ASIA,IL,,,32.831585,35.042633,,,,2025-05-10,2025.0,5.0,10.0
"Scomberomorus commerson (Lacepède, 1800)",2374255,,,,,,PRESENT,ASIA,IN,Puducherry,,11.879691,79.824194,,,31115.0,2025-05-16T11:33,2025.0,5.0,16.0
"Scomberomorus commerson (Lacepède, 1800)",2374255,,,,,,PRESENT,ASIA,TR,Mugla,,36.65599,28.238995,,,28505.0,2025-06-27T22:55:03,2025.0,6.0,27.0
"Scomberomorus commerson (Lacepède, 1800)",2374255,,,,,,PRESENT,ASIA,CN,Guangdong,,22.559574,114.020915,,,30278.0,2025-07-27T11:36:54,2025.0,7.0,27.0
"Scomberomorus commerson (Lacepède, 1800)",2374255,1.0,,,,,PRESENT,ASIA,IL,,,32.430366,34.869096,,,,2025-08-23,2025.0,8.0,23.0
"Scomberomorus commerson (Lacepède, 1800)",2374255,,,,,,PRESENT,ASIA,VN,Khánh Hòa,,12.297999,109.365693,,,31092.0,2025-09-05,2025.0,9.0,5.0
"Scomberomorus commerson (Lacepède, 1800)",2374255,,,,,,PRESENT,ASIA,IL,HaZafon,,33.143842,35.150474,,,29012.0,2025-10-26T14:48,2025.0,10.0,26.0
"Scomberomorus commerson (Lacepède, 1800)",2374255,,,,,,PRESENT,ASIA,TW,Taiwan,,24.591871,121.892877,,,30069.0,2025-12-18T16:16,2025.0,12.0,18.0
"Scomberomorus commerson (Lacepède, 1800)",2374255,,,,,,PRESENT,ASIA,IN,Kerala,,8.987037,76.522063,,,31262.0,2024-01-05T15:34:22,2024.0,1.0,5.0
"Scomberomorus commerson (Lacepède, 1800)",2374255,,,,,,PRESENT,ASIA,KH,Kaôh Kong,,10.720888,103.205539,,,31179.0,2024-01-09T10:21:05,2024.0,1.0,9.0
"Scomberomorus commerson (Lacepède, 1800)",2374255,1.0,,,,,PRESENT,ASIA,VN,Khanh Hoa Province,,10.936,108.287,,,,2024-01-27,2024.0,1.0,27.0
"Scomberomorus commerson (Lacepède, 1800)",2374255,1.0,,,,,PRESENT,ASIA,IL,,,32.141545,34.783099,,,,2024-01-16,2024.0,1.0,16.0
"Scomberomorus commerson (Lacepède, 1800)",2374255,1.0,,,,,PRESENT,ASIA,IL,,,32.202525,34.794707,,,,2024-01-16,2024.0,1.0,16.0
"Scomberomorus commerson (Lacepède, 1800)",2374255,1.0,,,,,PRESENT,ASIA,IL,,,32.028733,34.708647,,,,2024-01-16,2024.0,1.0,16.0
"Scomberomorus commerson (Lacepède, 1800)",2374255,,,,,,PRESENT,ASIA,TH,Phangnga,,8.771974,98.283547,,,31271.0,2024-02-12T04:49,2024.0,2.0,12.0
"Scomberomorus commerson (Lacepède, 1800)",2374255,,,,,,PRESENT,ASIA,TW,,,23.789573,121.623615,,,30154.0,2024-02-02T09:33,2024.0,2.0,2.0
"Scomberomorus commerson (Lacepède, 1800)",2374255,1.0,,,,,PRESENT,ASIA,IL,,,32.001072,34.719696,,,,2024-02-07,2024.0,2.0,7.0
"Scomberomorus commerson (Lacepède, 1800)",2374255,1.0,,,,,PRESENT,ASIA,IL,,,32.240656,34.785103,,,,2024-02-26,2024.0,2.0,26.0
"Scomberomorus commerson (Lacepède, 1800)",2374255,1.0,,,,,PRESENT,ASIA,IL,,,31.758305,34.595754,,,,2024-02-07,2024.0,2.0,7.0
"Scomberomorus commerson (Lacepède, 1800)",2374255,1.0,,,,,PRESENT,ASIA,IL,,,31.699436,34.561382,,,,2024-02-07,2024.0,2.0,7.0
"Scomberomorus commerson (Lacepède, 1800)",2374255,1.0,,,,,PRESENT,ASIA,IL,,,32.216362,34.807204,,,,2024-02-10,2024.0,2.0,10.0
"Scomberomorus commerson (Lacepède, 1800)",2374255,1.0,,,,,PRESENT,ASIA,IL,,,32.793177,34.956797,,,,2024-03-10,2024.0,3.0,10.0
"Scomberomorus commerson (Lacepède, 1800)",2374255,1.0,,,,,PRESENT,ASIA,IL,,,32.752615,34.954818,,,,2024-03-30,2024.0,3.0,30.0
"Scomberomorus commerson (Lacepède, 1800)",2374255,1.0,,,,,PRESENT,ASIA,IL,,,32.807797,34.963259,,,,2024-03-10,2024.0,3.0,10.0
"Scomberomorus commerson (Lacepède, 1800)",2374255,1.0,,,,,PRESENT,ASIA,IL,,,32.154566,34.791074,,,,2024-03-13,2024.0,3.0,13.0
"Scomberomorus commerson (Lacepède, 1800)",2374255,1.0,,,,,PRESENT,ASIA,IL,,,32.862597,34.975269,,,,2024-03-05,2024.0,3.0,5.0
"Scomberomorus commerson (Lacepède, 1800)",2374255,,,,,,PRESENT,ASIA,ID,Nusa Tenggara Timur,,-8.26373,124.598122,,,31287.0,2024-04-24T16:52,2024.0,4.0,24.0
"Scomberomorus commerson (Lacepède, 1800)",2374255,,,,,Juvenile,PRESENT,ASIA,TH,Chanthaburi,,12.682513,102.193023,,,31069.0,2024-04-27T05:47:29,2024.0,4.0,27.0
"Scomberomorus commerson (Lacepède, 1800)",2374255,,,,,,PRESENT,ASIA,PH,Oriental Mindoro,,13.404027,120.930268,,,31020.0,2024-04-25T13:31:02,2024.0,4.0,25.0
"Scomberomorus commerson (Lacepède, 1800)",2374255,1.0,,,,,PRESENT,ASIA,IL,,,32.264495,34.823732,,,,2024-04-24,2024.0,4.0,24.0
"Scomberomorus commerson (Lacepède, 1800)",2374255,1.0,,,,,PRESENT,ASIA,IL,,,32.537886,34.892521,,,,2024-04-15,2024.0,4.0,15.0
"Scomberomorus commerson (Lacepède, 1800)",2374255,,,,,Adult,PRESENT,ASIA,TH,Rayong,,12.728116,101.644611,,,31069.0,2024-05-30T06:01:05,2024.0,5.0,30.0
"Scomberomorus commerson (Lacepède, 1800)",2374255,,,,,,PRESENT,ASIA,PH,Camarines Sur,,13.939959,123.656379,,,30994.0,2024-06-11T17:41,2024.0,6.0,11.0
"Scomberomorus commerson (Lacepède, 1800)",2374255,,,,,Juvenile,PRESENT,ASIA,TH,Chanthaburi,,12.686389,102.121346,,,31069.0,2024-07-01T06:44:33,2024.0,7.0,1.0
"Scomberomorus commerson (Lacepède, 1800)",2374255,,,,,,PRESENT,ASIA,SG,East,,1.382545,103.911901,,,31447.0,2024-07-06T12:49,2024.0,7.0,6.0
"Scomberomorus commerson (Lacepède, 1800)",2374255,,,,,,PRESENT,ASIA,SG,East,,1.297114,103.970123,,,31447.0,2024-07-06T10:56,2024.0,7.0,6.0
"Scomberomorus commerson (Lacepède, 1800)",2374255,,,,,,PRESENT,ASIA,SG,East,,1.302466,103.824817,,,31447.0,2024-07-06T12:19,2024.0,7.0,6.0
"Scomberomorus commerson (Lacepède, 1800)",2374255,,,,,,PRESENT,ASIA,MY,Sabah,,6.81132,116.863746,,,31337.0,2024-07-22T10:43,2024.0,7.0,22.0
"Scomberomorus commerson (Lacepède, 1800)",2374255,,,,,,PRESENT,ASIA,ID,Sumatera Barat,,-1.060741,100.583645,,,31448.0,2024-07-09T16:30:46,2024.0,7.0,9.0
"Scomberomorus commerson (Lacepède, 1800)",2374255,,,,,,PRESENT,ASIA,SG,East,,1.270023,103.840834,,,31447.0,2024-08-04T19:16,2024.0,8.0,4.0
"Scomberomorus commerson (Lacepède, 1800)",2374255,,,,,,PRESENT,ASIA,ID,Banten,,-6.033633,106.599275,,,31362.0,2024-08-18T10:02:28,2024.0,8.0,18.0
"Scomberomorus commerson (Lacepède, 1800)",2374255,,,,,,PRESENT,ASIA,SG,East,,1.325532,103.812964,,,31447.0,2024-08-27T16:03,2024.0,8.0,27.0
"Scomberomorus commerson (Lacepède, 1800)",2374255,,,,,Juvenile,PRESENT,ASIA,IN,Daman and Diu,,20.694118,70.983378,,,30453.0,2024-08-31T17:34,2024.0,8.0,31.0
"Scomberomorus commerson (Lacepède, 1800)",2374255,,,,,,PRESENT,ASIA,MY,Sabah,,5.874823,116.170789,,,31368.0,2024-08-01T19:02,2024.0,8.0,1.0
"Scomberomorus commerson (Lacepède, 1800)",2374255,1.0,,,,,PRESENT,ASIA,IL,,,29.534205,34.942539,,,,2024-08-17,2024.0,8.0,17.0
"Scomberomorus commerson (Lacepède, 1800)",2374255,,,,,,PRESENT,ASIA,SA,Jizan,,17.256843,42.409539,,,30748.0,2024-09-11T17:22:09,2024.0,9.0,11.0
"Scomberomorus commerson (Lacepède, 1800)",2374255,,,,,Juvenile,PRESENT,ASIA,TH,Rayong,,12.69442,101.793774,,,31069.0,2024-10-03T07:23:19,2024.0,10.0,3.0
"Scomberomorus commerson (Lacepède, 1800)",2374255,1.0,,,,,PRESENT,ASIA,IL,,,32.161414,34.792251,,,,2024-10-29,2024.0,10.0,29.0
"Scomberomorus commerson (Lacepède, 1800)",2374255,,,,,,PRESENT,ASIA,SG,East,,1.239375,103.851609,,,31447.0,2024-11-23T16:07,2024.0,11.0,23.0
"Scomberomorus commerson (Lacepède, 1800)",2374255,,,,,,PRESENT,ASIA,MY,Sabah,,4.491464,118.900097,,,31403.0,2024-11-15T10:32:17,2024.0,11.0,15.0
"Scomberomorus commerson (Lacepède, 1800)",2374255,,,,,Juvenile,PRESENT,ASIA,TH,Phuket,,7.907094,98.598205,,,31302.0,2024-11-28T07:53:11,2024.0,11.0,28.0
"Scomberomorus commerson (Lacepède, 1800)",2374255,,,,,,PRESENT,ASIA,EG,Janub Sina',,27.963768,34.576363,,,29680.0,2024-12-12T12:59,2024.0,12.0,12.0
"Scomberomorus commerson (Lacepède, 1800)",2374255,,,,,,PRESENT,ASIA,IN,Goa,,15.652478,73.713912,,,30870.0,2024-12-23T23:33:41,2024.0,12.0,23.0
"Scomberomorus commerson (Lacepède, 1800)",2374255,,,,,,PRESENT,ASIA,PH,Bohol,,9.459136,123.951433,,,31236.0,2024-12-15T10:16:08,2024.0,12.0,15.0
"Scomberomorus commerson (Lacepède, 1800)",2374255,,,,,,PRESENT,ASIA,ID,Papua Barat,,-2.247157,130.424118,,,31438.0,2024-12-19T08:34,2024.0,12.0,19.0
"Scomberomorus commerson (Lacepède, 1800)",2374255,,,,,Adult,PRESENT,ASIA,TH,Rayong,,12.914409,101.45656,,,31057.0,2023-04-23T15:39:43,2023.0,4.0,23.0
"Scomberomorus commerson (Lacepède, 1800)",2374255,,,,,,PRESENT,ASIA,TR,Mugla,,36.743306,29.040908,,,28505.0,2023-04-16T15:36:16,2023.0,4.0,16.0
"Scomberomorus commerson (Lacepède, 1800)",2374255,,,,,,PRESENT,ASIA,TH,Rayong,,12.948668,101.571174,,,31057.0,2023-05-09T08:10:07,2023.0,5.0,9.0
"Scomberomorus commerson (Lacepède, 1800)",2374255,,,,,,PRESENT,ASIA,KR,Jeju-do,,33.236194,126.559472,,,,2023-06-17,2023.0,6.0,17.0
"Scomberomorus commerson (Lacepède, 1800)",2374255,,,,,,PRESENT,ASIA,ID,Sulawesi Tenggara,,-5.273259,123.53426,,,31384.0,2023-06-10T15:48,2023.0,6.0,10.0
"Scomberomorus commerson (Lacepède, 1800)",2374255,,,,,Juvenile,PRESENT,ASIA,TH,Rayong,,12.801785,101.414342,,,31057.0,2023-07-06T06:03:16,2023.0,7.0,6.0
"Scomberomorus commerson (Lacepède, 1800)",2374255,,,,,,PRESENT,ASIA,CN,Guangdong,,23.519892,117.054545,,,30175.0,2023-09-10T11:48:38,2023.0,9.0,10.0
"Scomberomorus commerson (Lacepède, 1800)",2374255,,,,,,PRESENT,ASIA,TH,Prachuap Khiri Khan,,12.507724,99.876729,,,31081.0,2023-10-26T15:03:47,2023.0,10.0,26.0
"Scomberomorus commerson (Lacepède, 1800)",2374255,,,,,,PRESENT,ASIA,ID,Jawa Barat,,-6.307844,107.612364,,,31356.0,2023-11-11T08:42:54,2023.0,11.0,11.0
"Scomberomorus commerson (Lacepède, 1800)",2374255,1.0,,,,,PRESENT,ASIA,IL,,,32.106866,34.750308,,,,2023-11-08,2023.0,11.0,8.0
"Scomberomorus commerson (Lacepède, 1800)",2374255,1.0,,,,,PRESENT,ASIA,IL,,,32.603824,34.894168,,,,2023-11-10,2023.0,11.0,10.0
"Scomberomorus commerson (Lacepède, 1800)",2374255,,,,,,PRESENT,ASIA,TW,Taiwan,,23.141636,121.240151,,,30217.0,2023-12-29T13:48:49,2023.0,12.0,29.0
"Scomberomorus commerson (Lacepède, 1800)",2374255,,,,,Juvenile,PRESENT,ASIA,SG,East,,1.323123,103.877341,,,31447.0,2023-12-26T11:07:44,2023.0,12.0,26.0
"Scomberomorus commerson (Lacepède, 1800)",2374255,1.0,,,,,PRESENT,ASIA,IL,,,32.219564,34.79881,,,,2023-12-17,2023.0,12.0,17.0
"Scomberomorus commerson (Lacepède, 1800)",2374255,,,,,,PRESENT,ASIA,ID,Sulawesi Utara,,1.763432,125.010991,,,31444.0,2023-12-01T10:44,2023.0,12.0,1.0
"Scomberomorus commerson (Lacepède, 1800)",2374255,,,,,,PRESENT,ASIA,IN,Andhra Pradesh,,17.621183,83.207494,,,30716.0,2022-06-25T17:05:38,2022.0,6.0,25.0
"Scomberomorus commerson (Lacepède, 1800)",2374255,,,,,,PRESENT,ASIA,IN,Andhra Pradesh,,17.783372,83.347422,,,30716.0,2022-06-25T17:10:58,2022.0,6.0,25.0
"Scomberomorus commerson (Lacepède, 1800)",2374255,,,,,,PRESENT,ASIA,HK,Islands,,22.200725,113.85483,,,30298.0,2022-07-02,2022.0,7.0,2.0
"Scomberomorus commerson (Lacepède, 1800)",2374255,,,,,,PRESENT,ASIA,ID,Papua Barat,,-2.280179,130.545221,,,31438.0,2022-09-16T09:58,2022.0,9.0,16.0
"Scomberomorus commerson (Lacepède, 1800)",2374255,,,,,,PRESENT,ASIA,ID,Bengkulu,,-4.867747,103.36425,,,31394.0,2021-01-25T06:51:03,2021.0,1.0,25.0
"Scomberomorus commerson (Lacepède, 1800)",2374255,,,,,,PRESENT,ASIA,TL,Manatuto,,-8.458524,125.816305,,,31279.0,2021-09-12T04:17,2021.0,9.0,12.0
"Scomberomorus commerson (Lacepède, 1800)",2374255,,,,,,PRESENT,ASIA,IN,Maharashtra,,19.160544,72.888495,,,30598.0,2021-10-17T08:58:19,2021.0,10.0,17.0
"Scomberomorus commerson (Lacepède, 1800)",2374255,1.0,,,,,PRESENT,ASIA,IL,,,33.047139,35.102708,,,,2020-02-28,2020.0,2.0,28.0
"Scomberomorus commerson (Lacepède, 1800)",2374255,,,,,,PRESENT,ASIA,ID,Nusa Tenggara Timur,,-9.765158,119.370323,,,31227.0,2020-07-21T05:05:11,2020.0,7.0,21.0
"Scomberomorus commerson (Lacepède, 1800)",2374255,,,,,,PRESENT,ASIA,TL,Manatuto,,-8.574746,125.814585,,,31279.0,2020-10-16T10:13,2020.0,10.0,16.0
"Scomberomorus commerson (Lacepède, 1800)",2374255,1.0,,,,,PRESENT,ASIA,IL,,,32.805523,34.935868,,,,2019-04-29,2019.0,4.0,29.0
"Scomberomorus commerson (Lacepède, 1800)",2374255,1.0,,,,,PRESENT,ASIA,IL,,,31.697111,34.565195,,,,2019-05-14,2019.0,5.0,14.0
"Scomberomorus commerson (Lacepède, 1800)",2374255,1.0,,,,,PRESENT,ASIA,IL,,,32.065628,34.737888,,,,2019-09-19,2019.0,9.0,19.0
"Scomberomorus commerson (Lacepède, 1800)",2374255,,,,,,PRESENT,ASIA,IN,Maharashtra,,16.008976,73.449202,,,30841.0,2019-11-29T07:07,2019.0,11.0,29.0
"Scomberomorus commerson (Lacepède, 1800)",2374255,,,,,,PRESENT,ASIA,TW,Tainan,,23.090227,120.146101,,,30217.0,2019-12-24T13:30,2019.0,12.0,24.0
"Scomberomorus commerson (Lacepède, 1800)",2374255,,,,,,PRESENT,ASIA,TW,Tainan,,23.032564,120.137689,,,30217.0,2019-12-02T13:48,2019.0,12.0,2.0
"Scomberomorus commerson (Lacepède, 1800)",2374255,,,,,,PRESENT,ASIA,MY,,,6.01534,115.996,0.0,0.0,100.0,2018-01-20T09:30Z,2018.0,1.0,20.0
"Scomberomorus commerson (Lacepède, 1800)",2374255,,,,,,PRESENT,ASIA,MY,,,6.00658,116.008,0.0,0.0,100.0,2018-01-20T14:00Z,2018.0,1.0,20.0
BOLD:AAB5512,10433110,,,,,,PRESENT,ASIA,CN,,,25.5,119.76,,,,2018-01-06,2018.0,1.0,6.0
"Scomberomorus commerson (Lacepède, 1800)",2374255,,,,,,PRESENT,ASIA,CN,,,25.5,119.76,,,,2018-01-06,2018.0,1.0,6.0
"Scomberomorus commerson (Lacepède, 1800)",2374255,1.0,,,,,PRESENT,ASIA,IL,,,31.900332,34.634917,,,,2018-01-08,2018.0,1.0,8.0
"Scomberomorus commerson (Lacepède, 1800)",2374255,1.0,,,,,PRESENT,ASIA,MY,,,3.7759,103.4102,,,10.0,2018-08-13,2018.0,8.0,13.0
"Scomberomorus commerson (Lacepède, 1800)",2374255,1.0,,,,,PRESENT,ASIA,MY,,,3.7759,103.4102,,,10.0,2018-08-13,2018.0,8.0,13.0
"Scomberomorus commerson (Lacepède, 1800)",2374255,,,,,,PRESENT,ASIA,IN,Goa,,15.424421,73.865219,,,30885.0,2018-10-25T09:51,2018.0,10.0,25.0
"Scomberomorus commerson (Lacepède, 1800)",2374255,,,,,,PRESENT,ASIA,BD,,,20.62,92.32,,,,2018-12-19,2018.0,12.0,19.0
BOLD:AAB5513,9855923,,,,,,PRESENT,ASIA,BD,,,20.622766,92.320114,,,,2018-12-19,2018.0,12.0,19.0
"Scomberomorus commerson (Lacepède, 1800)",2374255,,,,,,PRESENT,ASIA,BD,,,20.63,92.33,,,,2018-12-19,2018.0,12.0,19.0
"Scomberomorus commerson (Lacepède, 1800)",2374255,1.0,,,,,PRESENT,ASIA,IL,,,31.634314,34.516158,,,,2017-01-31,2017.0,1.0,31.0
"Scomberomorus commerson (Lacepède, 1800)",2374255,1.0,,,,,PRESENT,ASIA,IL,,,31.632067,34.515921,,,,2017-02-22,2017.0,2.0,22.0
"Scomberomorus commerson (Lacepède, 1800)",2374255,1.0,,,,,PRESENT,ASIA,IL,,,31.631833,34.509356,,,,2017-02-22,2017.0,2.0,22.0
"Scomberomorus commerson (Lacepède, 1800)",2374255,,,,,Adult,PRESENT,ASIA,IN,Maharashtra,,17.816745,73.040853,,,30699.0,2017-04-22T16:42,2017.0,4.0,22.0
BOLD:AAB5512,10433110,,,,,,PRESENT,ASIA,CN,,,25.2,118.89,,,,2017-05-18,2017.0,5.0,18.0
"Scomberomorus commerson (Lacepède, 1800)",2374255,,,,,,PRESENT,ASIA,CN,,,25.2,118.89,,,,2017-05-18,2017.0,5.0,18.0
"Scomberomorus commerson (Lacepède, 1800)",2374255,,,,,,PRESENT,ASIA,ID,Jakarta Raya,,-6.130981,106.895652,,,31362.0,2017-06-15T19:06,2017.0,6.0,15.0
BOLD:AAB5513,9855923,,,,,Adult,PRESENT,ASIA,PS,,,31.513542,35.027924,,,,2017-06-19,2017.0,6.0,19.0
BOLD:AAB5512,10433110,,,,,,PRESENT,ASIA,CN,,,24.9,118.89,,,,2017-07-20,2017.0,7.0,20.0
"Scomberomorus commerson (Lacepède, 1800)",2374255,,,,,,PRESENT,ASIA,CN,,,24.9,118.89,,,,2017-07-20,2017.0,7.0,20.0
BOLD:AAB5512,10433110,,,,,,PRESENT,ASIA,ID,Kalimantan Selatan,,-3.318,114.563,5.0,0.0,,2017-07-09,2017.0,7.0,9.0
BOLD:AAB5512,10433110,,,,,,PRESENT,ASIA,ID,Kalimantan Selatan,,-3.318,114.563,5.0,0.0,,2017-07-09,2017.0,7.0,9.0
BOLD:AAB5512,10433110,,,,,,PRESENT,ASIA,CN,,,24.48,118.1,,,,2017-09-06,2017.0,9.0,6.0
"Scomberomorus commerson (Lacepède, 1800)",2374255,,,,,,PRESENT,ASIA,CN,,,24.48,118.1,,,,2017-09-06,2017.0,9.0,6.0
"Scomberomorus commerson (Lacepède, 1800)",2374255,,,,,,PRESENT,ASIA,ID,Papua Barat,,-2.034788,130.60871,,,31441.0,2016-01-24T15:42:43,2016.0,1.0,24.0
"Scomberomorus commerson (Lacepède, 1800)",2374255,,,,,,PRESENT,ASIA,ID,Papua Barat,,-2.003198,130.429251,,,31441.0,2016-01-26T07:49:54,2016.0,1.0,26.0
"Scomberomorus commerson (Lacepède, 1800)",2374255,1.0,,,,,PRESENT,ASIA,PH,Cagayan,Luzon,18.2473,122.328,,,15000.0,2016-05-17,2016.0,5.0,17.0
"Scomberomorus commerson (Lacepède, 1800)",2374255,1.0,,,,,PRESENT,ASIA,PH,Cagayan,Luzon,18.2473,122.328,,,15000.0,2016-05-17,2016.0,5.0,17.0
"Scomberomorus commerson (Lacepède, 1800)",2374255,1.0,,,,,PRESENT,ASIA,IL,,,31.626548,34.497844,,,,2016-06-09,2016.0,6.0,9.0
"Scomberomorus commerson (Lacepède, 1800)",2374255,1.0,,,,,PRESENT,ASIA,IL,,,31.6856,34.548548,,,,2016-06-06,2016.0,6.0,6.0
"Scomberomorus commerson (Lacepède, 1800)",2374255,,,,,,PRESENT,ASIA,VN,Ha Long,,20.916667,107.083333,,,,2016-10-26,2016.0,10.0,26.0
"Scomberomorus commerson (Lacepède, 1800)",2374255,,,,,,PRESENT,ASIA,VN,Ha Long,,20.916667,107.083333,,,,2016-10-26,2016.0,10.0,26.0
"Scomberomorus commerson (Lacepède, 1800)",2374255,,,,,,PRESENT,ASIA,VN,Ha Long,,20.916667,107.083333,,,,2016-10-28,2016.0,10.0,28.0
"Scomberomorus commerson (Lacepède, 1800)",2374255,,,,,,PRESENT,ASIA,VN,Ha Long,,20.916667,107.083333,,,,2016-10-25,2016.0,10.0,25.0
"Scomberomorus commerson (Lacepède, 1800)",2374255,1.0,,,,,PRESENT,ASIA,MM,Tanintharyi Region,,12.453,98.5868,,,,2016-12,2016.0,12.0,
"Scomberomorus commerson (Lacepède, 1800)",2374255,1.0,,,,,PRESENT,ASIA,MM,Tanintharyi Region,,12.453,98.5868,,,,2016-12,2016.0,12.0,
"Scomberomorus commerson (Lacepède, 1800)",2374255,1.0,,,,,PRESENT,ASIA,MM,Tanintharyi Region,,12.453,98.5868,,,,2016-12,2016.0,12.0,
"Scomberomorus commerson (Lacepède, 1800)",2374255,,,,,,PRESENT,ASIA,MM,,,12.45,98.59,,,,2016-12-09,2016.0,12.0,9.0
"Scomberomorus commerson (Lacepède, 1800)",2374255,1.0,,,,,PRESENT,ASIA,PH,Bohol,Bohol,9.95232,123.962,,,30528.0,2015-02-01,2015.0,2.0,1.0
"Scomberomorus commerson (Lacepède, 1800)",2374255,1.0,,,,,PRESENT,ASIA,PH,Bohol,Bohol,9.95232,123.962,,,30528.0,2015-02-01,2015.0,2.0,1.0
"Scomberomorus commerson (Lacepède, 1800)",2374255,,,,,,PRESENT,ASIA,IN,Andhra Pradesh,,16.815446,82.355344,,,30780.0,2015-02-21T05:29:42,2015.0,2.0,21.0
BOLD:AAB5512,10433110,,,,,,PRESENT,ASIA,PH,Bohol,,9.952,123.962,,,,2015-02-01,2015.0,2.0,1.0
BOLD:AAB5512,10433110,,,,,,PRESENT,ASIA,CN,,,26.52,120.17,,,,2015-03-18,2015.0,3.0,18.0
"Scomberomorus commerson (Lacepède, 1800)",2374255,,,,,,PRESENT,ASIA,CN,,,26.52,120.17,,,,2015-03-18,2015.0,3.0,18.0
"Scomberomorus commerson (Lacepède, 1800)",2374255,,,,,,PRESENT,ASIA,JP,Kagoshima,,31.416667,130.183333,,,,2015-12-04,2015.0,12.0,4.0
"Scomberomorus commerson (Lacepède, 1800)",2374255,,,,,,PRESENT,ASIA,IR,Hormozgan,,26.95261,56.21588,,,29798.0,2015-12-12T09:27,2015.0,12.0,12.0
"Scomberomorus commerson (Lacepède, 1800)",2374255,1.0,,,,,PRESENT,ASIA,PH,Palawan,Palawan,9.78327,118.745,,,25769.0,2014-04-08,2014.0,4.0,8.0
"Scomberomorus commerson (Lacepède, 1800)",2374255,1.0,,,,,PRESENT,ASIA,PH,Palawan,Palawan,9.78327,118.745,,,25769.0,2014-04-09,2014.0,4.0,9.0
"Scomberomorus commerson (Lacepède, 1800)",2374255,1.0,,,,,PRESENT,ASIA,PH,Palawan,Palawan,9.78327,118.745,,,25769.0,2014-04-09,2014.0,4.0,9.0
"Scomberomorus commerson (Lacepède, 1800)",2374255,1.0,,,,,PRESENT,ASIA,PH,Palawan,Palawan,9.78327,118.745,,,25769.0,2014-04-08,2014.0,4.0,8.0
BOLD:AAB5512,10433110,,,,,,PRESENT,ASIA,PH,Palawan,,9.783,118.745,,,,2014-04-08,2014.0,4.0,8.0
BOLD:AAB5512,10433110,,,,,,PRESENT,ASIA,PH,Palawan,,9.783,118.745,,,,2014-04-09,2014.0,4.0,9.0
"Scomberomorus commerson (Lacepède, 1800)",2374255,,,,,,PRESENT,ASIA,ID,Nusa Tenggara Timur,,-8.450377,119.425891,,,31279.0,2014-05-23T23:47:22,2014.0,5.0,23.0
BOLD:AAB5513,9855923,,,,,,PRESENT,ASIA,IN,Gujarat,,20.9,70.37,,,,2014-12-22,2014.0,12.0,22.0
BOLD:AAB5513,9855923,,,,,,PRESENT,ASIA,SA,,,28.058,35.171,,,,2013-03-14,2013.0,3.0,14.0
"Scomberomorus commerson (Lacepède, 1800)",2374255,,,,,,PRESENT,ASIA,SA,,,28.06,35.17,,,,2013-03-14,2013.0,3.0,14.0
"Scomberomorus commerson (Lacepède, 1800)",2374255,1.0,,,,,PRESENT,ASIA,PH,Cebu,Cebu,10.2913,123.899,,,254.0,2013-05-31,2013.0,5.0,31.0
"Scomberomorus commerson (Lacepède, 1800)",2374255,1.0,,,,,PRESENT,ASIA,PH,Cebu,Cebu,10.2913,123.899,,,254.0,2013-05-31,2013.0,5.0,31.0
"Scomberomorus commerson (Lacepède, 1800)",2374255,1.0,,,,,PRESENT,ASIA,PH,Cebu,Cebu,10.2913,123.899,,,254.0,2013-05-31,2013.0,5.0,31.0
BOLD:AAB5512,10433110,,,,,,PRESENT,ASIA,PH,Cebu,,10.291,123.899,,,,2013-05-31,2013.0,5.0,31.0
"Scomberomorus commerson (Lacepède, 1800)",2374255,,,,,,PRESENT,ASIA,ZZ,,,25.673667,36.876217,,,,2013-06-16,2013.0,6.0,16.0
"Scomberomorus commerson (Lacepède, 1800)",2374255,,,,,,PRESENT,ASIA,CN,,,29.97,113.68,,,,2013-07-19,2013.0,7.0,19.0
"Scomberomorus commerson (Lacepède, 1800)",2374255,,,,,,PRESENT,ASIA,IN,,,8.81,78.14,,,,2013-09-23,2013.0,9.0,23.0
"Scomberomorus commerson (Lacepède, 1800)",2374255,,,,,,PRESENT,ASIA,IN,,,8.81,78.14,,,,2013-10-12,2013.0,10.0,12.0
"Scomberomorus commerson (Lacepède, 1800)",2374255,,,,,,PRESENT,ASIA,IN,,,8.81,78.14,,,,2013-10-12,2013.0,10.0,12.0
"Scomberomorus commerson (Lacepède, 1800)",2374255,,,,,,PRESENT,ASIA,IN,,,8.81,78.14,,,,2013-10-12,2013.0,10.0,12.0
BOLD:AAB5513,9855923,,,,,,PRESENT,ASIA,IN,,,18.0379,83.686,,,,2013-11-20,2013.0,11.0,20.0
"Scomberomorus commerson (Lacepède, 1800)",2374255,,,,,,PRESENT,ASIA,IN,,,18.04,83.69,,,,2013-11-20,2013.0,11.0,20.0
"Scomberomorus commerson (Lacepède, 1800)",2374255,4.0,,,,,PRESENT,ASIA,US,Coral Triangle,Timor Leste,-8.386474,127.270848,,,65.0,2013,2013.0,,
"Scomberomorus commerson (Lacepède, 1800)",2374255,1.0,,,,,PRESENT,ASIA,US,Coral Triangle,Timor Leste,-8.386474,127.270848,,,65.0,2013,2013.0,,
"Scomberomorus commerson (Lacepède, 1800)",2374255,1.0,,,,,PRESENT,ASIA,US,Coral Triangle,Timor Leste,-8.410837,127.312177,,,65.0,2013,2013.0,,
"Scomberomorus commerson (Lacepède, 1800)",2374255,3.0,,,,,PRESENT,ASIA,US,Coral Triangle,Timor Leste,-8.386474,127.270848,,,65.0,2013,2013.0,,
"Scomberomorus commerson (Lacepède, 1800)",2374255,1.0,,,,,PRESENT,ASIA,US,Coral Triangle,Timor Leste,-8.410837,127.312177,,,65.0,2013,2013.0,,
"Scomberomorus commerson (Lacepède, 1800)",2374255,,,,,,PRESENT,ASIA,ZZ,,,16.917967,42.432417,,,,2012-02-29,2012.0,2.0,29.0
BOLD:AAB5512,10433110,,,,,,PRESENT,ASIA,MY,Sabah,,4.47889,118.61778,,,,2012-02-24,2012.0,2.0,24.0
BOLD:AAB5512,10433110,,,,,,PRESENT,ASIA,MY,Sabah,,4.47889,118.61778,,,,2012-02-24,2012.0,2.0,24.0
BOLD:AAB5512,10433110,,,,,,PRESENT,ASIA,MY,Sabah,,4.47889,118.61778,,,,2012-02-24,2012.0,2.0,24.0
"Scomberomorus commerson (Lacepède, 1800)",2374255,,,,,,PRESENT,ASIA,TW,Taiwan,,24.591106,121.811124,,,30069.0,2012-02-11T07:52,2012.0,2.0,11.0
BOLD:AAB5512,10433110,,,,,,PRESENT,ASIA,MY,Perak,,4.26722,100.66611,,,,2012-04-24,2012.0,4.0,24.0
"Scomberomorus commerson (Lacepède, 1800)",2374255,,,,,,PRESENT,ASIA,IL,,,32.836143,35.027246,,,,2012-04-22,2012.0,4.0,22.0
"Scomberomorus commerson (Lacepède, 1800)",2374255,1.0,,,,,PRESENT,ASIA,PH,Sorsogon,Luzon,12.9695,124.006,,,26475.0,2012-05-26,2012.0,5.0,26.0
"Scomberomorus commerson (Lacepède, 1800)",2374255,1.0,,,,,PRESENT,ASIA,PH,Sorsogon,Luzon,12.9695,124.006,,,26475.0,2012-05-26,2012.0,5.0,26.0
"Scomberomorus commerson (Lacepède, 1800)",2374255,1.0,,,,,PRESENT,ASIA,PH,Sorsogon,Luzon,12.9695,124.006,,,26475.0,2012-05-26,2012.0,5.0,26.0
BOLD:AAB5512,10433110,,,,,,PRESENT,ASIA,PH,Sorsogon,,12.97,124.006,,,,2012-05-26,2012.0,5.0,26.0
"Scomberomorus commerson (Lacepède, 1800)",2374255,,,,,,PRESENT,ASIA,PH,,,10.2822,124.001,0.0,0.0,100.0,2012-09-19T14:31Z,2012.0,9.0,19.0
"Scomberomorus commerson (Lacepède, 1800)",2374255,,,,,,PRESENT,ASIA,IL,,,32.158012,34.767952,,,,2011-01-22,2011.0,1.0,22.0
"Scomberomorus commerson (Lacepède, 1800)",2374255,,,,,,PRESENT,ASIA,OM,Al Batinah North,,24.201164,56.796539,,,30090.0,2011-02-22,2011.0,2.0,22.0
"Scomberomorus commerson (Lacepède, 1800)",2374255,1.0,,,,,PRESENT,ASIA,PH,Negros Oriental,Negros,9.58894,123.121,,,,2011-06-01,2011.0,6.0,1.0
"Scomberomorus commerson (Lacepède, 1800)",2374255,1.0,,,,,PRESENT,ASIA,PH,Negros Oriental,Negros,9.58894,123.121,,,,2011-06-01,2011.0,6.0,1.0
"Scomberomorus commerson (Lacepède, 1800)",2374255,1.0,,,,,PRESENT,ASIA,PH,Negros Oriental,Negros,9.58894,123.121,,,,2011-06-01,2011.0,6.0,1.0
BOLD:AAB5512,10433110,,,,,,PRESENT,ASIA,PH,Negros Oriental,,9.589,123.121,,,,2011-06-01,2011.0,6.0,1.0
"Scomberomorus commerson (Lacepède, 1800)",2374255,,,,,,PRESENT,ASIA,IL,,,32.312507,34.820824,,,,2011-09-27,2011.0,9.0,27.0
"Scomberomorus commerson (Lacepède, 1800)",2374255,,,,,,PRESENT,ASIA,IL,,,32.427916,34.853096,,,,2011-09-28,2011.0,9.0,28.0
"Scomberomorus commerson (Lacepède, 1800)",2374255,,,,,,PRESENT,ASIA,IL,,,31.681269,34.533119,,,,2011-11-24,2011.0,11.0,24.0
"Scomberomorus commerson (Lacepède, 1800)",2374255,,,,,,PRESENT,ASIA,IL,,,32.836143,35.027246,,,,2010-01-01,2010.0,1.0,1.0
BOLD:AAB5512,10433110,,,,,,PRESENT,ASIA,MY,Sabah,,5.98278,116.07167,,,,2010-07-09,2010.0,7.0,9.0
BOLD:AAB5512,10433110,,,,,,PRESENT,ASIA,MY,Sabah,,5.98278,116.07167,,,,2010-07-09,2010.0,7.0,9.0
"Scomberomorus commerson (Lacepède, 1800)",2374255,,,,,,PRESENT,ASIA,IL,,,32.051985,34.729586,,,,2010-07-29,2010.0,7.0,29.0
BOLD:AAB5512,10433110,,,,,,PRESENT,ASIA,ID,Nusa Tenggara Barat,,-8.8,116.483,,,,2010-08-03,2010.0,8.0,3.0
"Scomberomorus commerson (Lacepède, 1800)",2374255,,,,,,PRESENT,ASIA,IL,,,32.427916,34.853096,,,,2010-08-19,2010.0,8.0,19.0
"Scomberomorus commerson (Lacepède, 1800)",2374255,,1.0,individuals,,,PRESENT,ASIA,ID,,,-8.75,116.583333,,,1000.0,2010-08-03,2010.0,8.0,3.0
"Scomberomorus commerson (Lacepède, 1800)",2374255,,1.0,individuals,,,PRESENT,ASIA,ID,,,-8.75,116.583333,,,1000.0,2010-08-03,2010.0,8.0,3.0
"Scomberomorus commerson (Lacepède, 1800)",2374255,,,,,,PRESENT,ASIA,IL,,,32.0547,34.7243,,,,2010-09-26,2010.0,9.0,26.0
"Scomberomorus commerson (Lacepède, 1800)",2374255,,,,,,PRESENT,ASIA,IL,,,33.083901,35.085182,,,,2010-09-03,2010.0,9.0,3.0
"Scomberomorus commerson (Lacepède, 1800)",2374255,,,,,,PRESENT,ASIA,IL,,,32.051985,34.729586,,,,2010-10-12,2010.0,10.0,12.0
"Scomberomorus commerson (Lacepède, 1800)",2374255,,,,,,PRESENT,ASIA,PS,,,31.536221,34.412012,,,,2010-11-09,2010.0,11.0,9.0
"Scomberomorus commerson (Lacepède, 1800)",2374255,,,,,,PRESENT,ASIA,IL,,,31.803896,34.60865,,,,2010-11-10,2010.0,11.0,10.0
"Scomberomorus commerson (Lacepède, 1800)",2374255,,,,,,PRESENT,ASIA,PS,,,31.536221,34.412012,,,,2010-11-09,2010.0,11.0,9.0
"Scomberomorus commerson (Lacepède, 1800)",2374255,,,,,,PRESENT,ASIA,IL,,,31.938138,34.683409,,,,2009-01-20,2009.0,1.0,20.0
"Scomberomorus commerson (Lacepède, 1800)",2374255,,,,,,PRESENT,ASIA,IL,,,32.158012,34.767952,,,,2009-08-07,2009.0,8.0,7.0
"Scomberomorus commerson (Lacepède, 1800)",2374255,,,,,,PRESENT,ASIA,IL,,,32.158012,34.767952,,,,2009-08-06,2009.0,8.0,6.0
"Scomberomorus commerson (Lacepède, 1800)",2374255,,,,,,PRESENT,ASIA,IL,,,33.083901,35.085182,,,,2009-09-22,2009.0,9.0,22.0
"Scomberomorus commerson (Lacepède, 1800)",2374255,,,,,,PRESENT,ASIA,IL,,,32.051985,34.729586,,,,2009-09-22,2009.0,9.0,22.0
"Scomberomorus commerson (Lacepède, 1800)",2374255,,,,,,PRESENT,ASIA,IL,,,32.051985,34.729586,,,,2009-09-22,2009.0,9.0,22.0
BOLD:AAB5512,10433110,,,,,,PRESENT,ASIA,ID,Bali,,-8.75,115.167,,,,2009-10-01,2009.0,10.0,1.0
BOLD:AAB5512,10433110,,,,,,PRESENT,ASIA,ID,Bali,,-8.75,115.167,,,,2009-10-01,2009.0,10.0,1.0
BOLD:AAB5512,10433110,,,,,,PRESENT,ASIA,ID,Jawa Timur,,-7.0,106.5,,,,2009-10-10,2009.0,10.0,10.0
BOLD:AAB5512,10433110,,,,,,PRESENT,ASIA,ID,Jawa Timur,,-7.0,106.5,,,,2009-10-10,2009.0,10.0,10.0
"Scomberomorus commerson (Lacepède, 1800)",2374255,,,,,,PRESENT,ASIA,ID,,,-8.75,115.17,,,,2009-10-01,2009.0,10.0,1.0
"Scomberomorus commerson (Lacepède, 1800)",2374255,,,,,,PRESENT,ASIA,ID,,,-7.0,106.5,,,,2009-10-10,2009.0,10.0,10.0
"Scomberomorus commerson (Lacepède, 1800)",2374255,,,,,,PRESENT,ASIA,ID,,,-8.75,115.17,,,,2009-10-01,2009.0,10.0,1.0
"Scomberomorus commerson (Lacepède, 1800)",2374255,,,,,,PRESENT,ASIA,ID,,,-7.0,106.5,,,,2009-10-10,2009.0,10.0,10.0
"Scomberomorus commerson (Lacepède, 1800)",2374255,,,,,,PRESENT,ASIA,IL,,,32.271418,34.812155,,,,2009-10-20,2009.0,10.0,20.0
"Scomberomorus commerson (Lacepède, 1800)",2374255,,1.0,individuals,,,PRESENT,ASIA,ID,,,-8.75,115.166667,,,1000.0,2009-10-01,2009.0,10.0,1.0
"Scomberomorus commerson (Lacepède, 1800)",2374255,,1.0,individuals,,,PRESENT,ASIA,ID,,,-7.033333,106.533333,,,1000.0,2009-10-10,2009.0,10.0,10.0
"Scomberomorus commerson (Lacepède, 1800)",2374255,,1.0,individuals,,,PRESENT,ASIA,ID,,,-8.75,115.166667,,,1000.0,2009-10-01,2009.0,10.0,1.0
"Scomberomorus commerson (Lacepède, 1800)",2374255,,1.0,individuals,,,PRESENT,ASIA,ID,,,-7.033333,106.533333,,,1000.0,2009-10-10,2009.0,10.0,10.0
"Scomberomorus commerson (Lacepède, 1800)",2374255,,,,,,PRESENT,ASIA,IL,,,32.758822,34.93206,,,,2009-11-29,2009.0,11.0,29.0
"Scomberomorus commerson (Lacepède, 1800)",2374255,,,,,,PRESENT,ASIA,IL,,,32.427916,34.853096,,,,2009-11-30,2009.0,11.0,30.0
"Scomberomorus commerson (Lacepède, 1800)",2374255,,,,,,PRESENT,ASIA,IL,,,32.758822,34.93206,,,,2009-11-30,2009.0,11.0,30.0
BOLD:AAB5513,9855923,,,,,,PRESENT,ASIA,IR,Bushehr,,27.4,52.6,,,,2009-12-15,2009.0,12.0,15.0
"Scomberomorus commerson (Lacepède, 1800)",2374255,,,,,,PRESENT,ASIA,IR,,,27.4,52.6,,,,2009-12-15,2009.0,12.0,15.0
"Scomberomorus commerson (Lacepède, 1800)",2374255,,,,,,PRESENT,ASIA,IL,,,31.803896,34.60865,,,,2009-12-20,2009.0,12.0,20.0
"Scomberomorus commerson (Lacepède, 1800)",2374255,,,,,,PRESENT,ASIA,IL,,,31.803896,34.60865,,,,2009-12-21,2009.0,12.0,21.0
"Scomberomorus commerson (Lacepède, 1800)",2374255,,,,,,PRESENT,ASIA,IL,,,31.803896,34.60865,,,,2009-12-20,2009.0,12.0,20.0
"Scomberomorus commerson (Lacepède, 1800)",2374255,,,,,,PRESENT,ASIA,IL,,,31.938138,34.683409,,,,2008-11-05,2008.0,11.0,5.0
"Scomberomorus commerson (Lacepède, 1800)",2374255,,,,,,PRESENT,ASIA,TW,,,22.47,120.43,,,,2007-10-02,2007.0,10.0,2.0
"Scomberomorus commerson (Lacepède, 1800)",2374255,,,,,,PRESENT,ASIA,MV,,,2.50683,73.2649,,,,2006-02-02,2006.0,2.0,2.0
"Scomberomorus commerson (Lacepède, 1800)",2374255,,,,,,PRESENT,ASIA,TW,,,23.05,121.23,,,,2006-05-02,2006.0,5.0,2.0
"Scomberomorus commerson (Lacepède, 1800)",2374255,,,,,,PRESENT,ASIA,ID,,,-5.81917,110.459,,,100000.0,2006-06-20,2006.0,6.0,20.0
"Scomberomorus commerson (Lacepède, 1800)",2374255,,,,,,PRESENT,ASIA,ID,,,-5.81917,110.459,,,100000.0,2006-06-20,2006.0,6.0,20.0
"Scomberomorus commerson (Lacepède, 1800)",2374255,,,,,,PRESENT,ASIA,ID,,,-5.81917,110.459,,,100000.0,2006-06-20,2006.0,6.0,20.0
"Scomberomorus commerson (Lacepède, 1800)",2374255,,,,,,PRESENT,ASIA,ID,,,-5.81917,110.459,,,100000.0,2006-06-20,2006.0,6.0,20.0
"Scomberomorus commerson (Lacepède, 1800)",2374255,,,,,,PRESENT,ASIA,ID,,,-5.81917,110.459,,,100000.0,2006-06-20,2006.0,6.0,20.0
"Scomberomorus commerson (Lacepède, 1800)",2374255,,,,,,PRESENT,ASIA,ID,,,-5.81917,110.459,,,100000.0,2006-06-20,2006.0,6.0,20.0
"Scomberomorus commerson (Lacepède, 1800)",2374255,,,,,,PRESENT,ASIA,ID,,,-5.81917,110.459,,,100000.0,2006-06-20,2006.0,6.0,20.0
"Scomberomorus commerson (Lacepède, 1800)",2374255,,,,,,PRESENT,ASIA,ID,,,-5.81917,110.459,,,100000.0,2006-06-20,2006.0,6.0,20.0
"Scomberomorus commerson (Lacepède, 1800)",2374255,,,,,,PRESENT,ASIA,ID,,,-5.81917,110.459,,,100000.0,2006-06-20,2006.0,6.0,20.0
"Scomberomorus commerson (Lacepède, 1800)",2374255,,,,,,PRESENT,ASIA,ID,,,-5.118865,119.412486,,,100000.0,2006-07-23,2006.0,7.0,23.0
"Scomberomorus commerson (Lacepède, 1800)",2374255,,,,,,PRESENT,ASIA,ID,,,-5.118865,119.412486,,,100000.0,2006-07-23,2006.0,7.0,23.0
"Scomberomorus commerson (Lacepède, 1800)",2374255,,,,,,PRESENT,ASIA,ID,,,-5.118865,119.412486,,,100000.0,2006-07-23,2006.0,7.0,23.0
"Scomberomorus commerson (Lacepède, 1800)",2374255,,,,,,PRESENT,ASIA,ID,,,-5.118865,119.412486,,,100000.0,2006-07-23,2006.0,7.0,23.0
"Scomberomorus commerson (Lacepède, 1800)",2374255,,,,,,PRESENT,ASIA,ID,,,-5.118865,119.412486,,,100000.0,2006-07-23,2006.0,7.0,23.0
"Scomberomorus commerson (Lacepède, 1800)",2374255,,,,,,PRESENT,ASIA,ID,,,-5.118865,119.412486,,,100000.0,2006-07-23,2006.0,7.0,23.0
"Scomberomorus commerson (Lacepède, 1800)",2374255,,,,,,PRESENT,ASIA,ID,,,-5.118865,119.412486,,,100000.0,2006-07-23,2006.0,7.0,23.0
"Scomberomorus commerson (Lacepède, 1800)",2374255,,,,,,PRESENT,ASIA,ID,,,-5.118865,119.412486,,,100000.0,2006-07-23,2006.0,7.0,23.0
"Scomberomorus commerson (Lacepède, 1800)",2374255,,,,,,PRESENT,ASIA,ID,,,-5.118865,119.412486,,,100000.0,2006-07-23,2006.0,7.0,23.0
"Scomberomorus commerson (Lacepède, 1800)",2374255,,,,,,PRESENT,ASIA,ID,,,1.125528,97.524724,,,100000.0,2006-08-21,2006.0,8.0,21.0
"Scomberomorus commerson (Lacepède, 1800)",2374255,,,,,,PRESENT,ASIA,ID,,,3.59154,98.6693,,,100000.0,2006-08-17,2006.0,8.0,17.0
"Scomberomorus commerson (Lacepède, 1800)",2374255,,,,,,PRESENT,ASIA,ID,,,3.59154,98.6693,,,100000.0,2006-08-17,2006.0,8.0,17.0
"Scomberomorus commerson (Lacepède, 1800)",2374255,,,,,,PRESENT,ASIA,ID,,,1.125528,97.524724,,,100000.0,2006-08-21,2006.0,8.0,21.0
"Scomberomorus commerson (Lacepède, 1800)",2374255,,,,,,PRESENT,ASIA,ID,,,3.59154,98.6693,,,100000.0,2006-08-17,2006.0,8.0,17.0
"Scomberomorus commerson (Lacepède, 1800)",2374255,,,,,,PRESENT,ASIA,ID,,,3.59154,98.6693,,,100000.0,2006-08-17,2006.0,8.0,17.0
"Scomberomorus commerson (Lacepède, 1800)",2374255,,,,,,PRESENT,ASIA,ID,,,3.59154,98.6693,,,100000.0,2006-08-17,2006.0,8.0,17.0
"Scomberomorus commerson (Lacepède, 1800)",2374255,,,,,,PRESENT,ASIA,ID,,,3.59154,98.6693,,,100000.0,2006-08-17,2006.0,8.0,17.0
"Scomberomorus commerson (Lacepède, 1800)",2374255,,,,,,PRESENT,ASIA,ID,,,3.59154,98.6693,,,100000.0,2006-08-17,2006.0,8.0,17.0
"Scomberomorus commerson (Lacepède, 1800)",2374255,,,,,,PRESENT,ASIA,ID,,,3.59154,98.6693,,,100000.0,2006-08-17,2006.0,8.0,17.0
"Scomberomorus commerson (Lacepède, 1800)",2374255,,,,,,PRESENT,ASIA,ID,,,1.125528,97.524724,,,100000.0,2006-08-21,2006.0,8.0,21.0
"Scomberomorus commerson (Lacepède, 1800)",2374255,,,,,,PRESENT,ASIA,ID,,,3.59154,98.6693,,,100000.0,2006-08-17,2006.0,8.0,17.0
"Scomberomorus commerson (Lacepède, 1800)",2374255,,,,,,PRESENT,ASIA,ID,,,3.59154,98.6693,,,100000.0,2006-08-18,2006.0,8.0,18.0
"Scomberomorus commerson (Lacepède, 1800)",2374255,,,,,,PRESENT,ASIA,ID,,,1.125528,97.524724,,,100000.0,2006-08-21,2006.0,8.0,21.0
"Scomberomorus commerson (Lacepède, 1800)",2374255,,,,,,PRESENT,ASIA,ID,,,1.125528,97.524724,,,100000.0,2006-08-21,2006.0,8.0,21.0
"Scomberomorus commerson (Lacepède, 1800)",2374255,,,,,,PRESENT,ASIA,ID,,,1.125528,97.524724,,,100000.0,2006-08-21,2006.0,8.0,21.0
"Scomberomorus commerson (Lacepède, 1800)",2374255,,,,,,PRESENT,ASIA,ID,,,1.125528,97.524724,,,100000.0,2006-08-21,2006.0,8.0,21.0
"Scomberomorus commerson (Lacepède, 1800)",2374255,,,,,,PRESENT,ASIA,ID,,,1.125528,97.524724,,,100000.0,2006-08-21,2006.0,8.0,21.0
"Scomberomorus commerson (Lacepède, 1800)",2374255,,,,,,PRESENT,ASIA,ID,,,3.59154,98.6693,,,100000.0,2006-08-17,2006.0,8.0,17.0
"Scomberomorus commerson (Lacepède, 1800)",2374255,,,,,,PRESENT,ASIA,ID,,,3.59154,98.6693,,,100000.0,2006-08-17,2006.0,8.0,17.0
"Scomberomorus commerson (Lacepède, 1800)",2374255,,,,,,PRESENT,ASIA,ID,,,1.125528,97.524724,,,100000.0,2006-08-21,2006.0,8.0,21.0
"Scomberomorus commerson (Lacepède, 1800)",2374255,,,,,,PRESENT,ASIA,ID,,,1.125528,97.524724,,,100000.0,2006-08-21,2006.0,8.0,21.0
"Scomberomorus commerson (Lacepède, 1800)",2374255,,,,,,PRESENT,ASIA,ID,,,3.59154,98.6693,,,100000.0,2006-08-17,2006.0,8.0,17.0
"Scomberomorus commerson (Lacepède, 1800)",2374255,,,,,,PRESENT,ASIA,ID,,,3.59154,98.6693,,,100000.0,2006-08-18,2006.0,8.0,18.0
"Scomberomorus commerson (Lacepède, 1800)",2374255,,,,,,PRESENT,ASIA,ID,,,1.125528,97.524724,,,100000.0,2006-08-21,2006.0,8.0,21.0
"Scomberomorus commerson (Lacepède, 1800)",2374255,,,,,,PRESENT,ASIA,ID,,,3.59154,98.6693,,,100000.0,2006-08-17,2006.0,8.0,17.0
"Scomberomorus commerson (Lacepède, 1800)",2374255,,,,,,PRESENT,ASIA,ID,,,3.59154,98.6693,,,100000.0,2006-08-17,2006.0,8.0,17.0
"Scomberomorus commerson (Lacepède, 1800)",2374255,,,,,,PRESENT,ASIA,ID,,,3.59154,98.6693,,,100000.0,2006-08-17,2006.0,8.0,17.0
"Scomberomorus commerson (Lacepède, 1800)",2374255,,,,,,PRESENT,ASIA,ID,,,3.59154,98.6693,,,100000.0,2006-08-18,2006.0,8.0,18.0
"Thunnus albacares (Bonnaterre, 1788)",2374013,,,,,,PRESENT,ASIA,OM,Muscat,,23.624065,58.563665,,,4.0,2025-01-14T07:25,2025.0,1.0,14.0
"Thunnus albacares (Bonnaterre, 1788)",2374013,,,,,,PRESENT,ASIA,MV,,,4.179925,73.509617,,,,2025-02-09T20:06:40,2025.0,2.0,9.0
"Thunnus albacares (Bonnaterre, 1788)",2374013,,,,,,PRESENT,ASIA,IN,Puducherry,,11.930892,79.787421,,,209.0,2025-02-17,2025.0,2.0,17.0
"Thunnus albacares (Bonnaterre, 1788)",2374013,,,,,,PRESENT,ASIA,LK,Gampaha,,7.210326,79.831398,,,183.0,2025-02-22T05:39:27,2025.0,2.0,22.0
"Thunnus albacares (Bonnaterre, 1788)",2374013,,,,,,PRESENT,ASIA,JP,Okinawa,,26.82805,128.273523,,,7937.0,2025-03-03,2025.0,3.0,3.0
"Thunnus albacares (Bonnaterre, 1788)",2374013,,,,,,PRESENT,ASIA,LK,Gampaha,,7.202942,79.829326,,,2.0,2025-04-25T06:03,2025.0,4.0,25.0
"Thunnus albacares (Bonnaterre, 1788)",2374013,,,,,,PRESENT,ASIA,LK,Galle,,6.030341,80.217216,,,15.0,2025-04-21T07:03,2025.0,4.0,21.0
"Thunnus albacares (Bonnaterre, 1788)",2374013,,,,,,PRESENT,ASIA,ID,Sulawesi Tengah,,-0.423315,119.83523,,,136771.0,2025-06-21T14:43,2025.0,6.0,21.0
"Thunnus albacares (Bonnaterre, 1788)",2374013,,,,,,PRESENT,ASIA,LK,Gampaha,,7.20292,79.82872,,,51.0,2025-07-29T10:35,2025.0,7.0,29.0
"Thunnus albacares (Bonnaterre, 1788)",2374013,,,,,,PRESENT,ASIA,MV,,,5.103353,73.072449,,,3.0,2025-08-20T07:01:35,2025.0,8.0,20.0
"Thunnus albacares (Bonnaterre, 1788)",2374013,,,,,,PRESENT,ASIA,TW,Taiwan,,22.791774,121.193323,,,67.0,2025-10-10T08:13:17,2025.0,10.0,10.0
"Thunnus albacares (Bonnaterre, 1788)",2374013,,,,,,PRESENT,ASIA,MY,Sabah,,4.478655,118.616883,,,8.0,2025-11-23T17:58:13,2025.0,11.0,23.0
"Thunnus albacares (Bonnaterre, 1788)",2374013,,,,,,PRESENT,ASIA,IN,Maharashtra,,18.946743,72.835772,,,,2024-02-10T08:19:05,2024.0,2.0,10.0
"Thunnus albacares (Bonnaterre, 1788)",2374013,,,,,,PRESENT,ASIA,LK,Galle,,6.03041,80.217197,,,,2024-03-05T09:50,2024.0,3.0,5.0
"Thunnus albacares (Bonnaterre, 1788)",2374013,,,,,,PRESENT,ASIA,LK,Gampaha,,7.21026,79.831245,,,,2024-03-14T09:38:04,2024.0,3.0,14.0
"Thunnus albacares (Bonnaterre, 1788)",2374013,,,,,Adult,PRESENT,ASIA,TW,Taiwan,,22.237795,120.669583,,,210.0,2024-05-05T09:09:06,2024.0,5.0,5.0
"Thunnus albacares (Bonnaterre, 1788)",2374013,,,,,,PRESENT,ASIA,IN,Kerala,,11.438212,75.696328,,,18.0,2024-08-02T14:14:48,2024.0,8.0,2.0
"Thunnus albacares (Bonnaterre, 1788)",2374013,,,,,,PRESENT,ASIA,LK,Galle,,6.12608,80.266954,,,31362.0,2024-11-22T10:05,2024.0,11.0,22.0
"Thunnus albacares (Bonnaterre, 1788)",2374013,,,,,,PRESENT,ASIA,PH,Camarines Sur,,13.676092,123.693876,,,122.0,2023-06-29T16:13,2023.0,6.0,29.0
"Thunnus albacares (Bonnaterre, 1788)",2374013,,,,,,PRESENT,ASIA,LK,Gampaha,,7.202829,79.828829,,,50.0,2023-12-21T06:19,2023.0,12.0,21.0
"Thunnus albacares (Bonnaterre, 1788)",2374013,,,,,,PRESENT,ASIA,IN,,,9.931233,76.267304,,,,2023-12-03,2023.0,12.0,3.0
"Thunnus albacares (Bonnaterre, 1788)",2374013,,,,,,PRESENT,ASIA,MV,,,4.170864,73.512822,,,17164.0,2022-03-17T09:36:20,2022.0,3.0,17.0
"Thunnus albacares (Bonnaterre, 1788)",2374013,,,,,,PRESENT,ASIA,MY,Sabah,,4.469981,118.600978,,,20000.0,2022-04-08T10:52,2022.0,4.0,8.0
"Thunnus albacares (Bonnaterre, 1788)",2374013,,,,,,PRESENT,ASIA,CN,Guangxi,,21.05,109.117,,,,2022-04-21,2022.0,4.0,21.0
"Thunnus albacares (Bonnaterre, 1788)",2374013,,,,,,PRESENT,ASIA,IN,Andhra Pradesh,,17.696062,83.301117,,,4.0,2022-06-25T17:12,2022.0,6.0,25.0
"Thunnus albacares (Bonnaterre, 1788)",2374013,,,,,,PRESENT,ASIA,PH,Camarines Sur,,13.678836,123.683576,,,977.0,2022-07-04T08:54,2022.0,7.0,4.0
"Thunnus albacares (Bonnaterre, 1788)",2374013,,,,Indeterminate,Adult,PRESENT,ASIA,MY,Sabah,,4.244651,117.891186,,,20000.0,2022-07-31T08:33,2022.0,7.0,31.0
"Thunnus albacares (Bonnaterre, 1788)",2374013,,,,,,PRESENT,ASIA,IN,Tamil Nadu,,13.12512,80.295542,,,299.0,2022-08-21T06:44:20,2022.0,8.0,21.0
"Thunnus albacares (Bonnaterre, 1788)",2374013,,,,,,PRESENT,ASIA,PH,Negros Oriental,,9.304995,123.306092,,,8.0,2022-09-25T13:48:20,2022.0,9.0,25.0
"Thunnus albacares (Bonnaterre, 1788)",2374013,,,,,,PRESENT,ASIA,ID,,,2.14839,118.54718,,,,2022-09-21,2022.0,9.0,21.0
"Thunnus albacares (Bonnaterre, 1788)",2374013,,,,,,PRESENT,ASIA,ID,Nusa Tenggara Timur,,-8.500432,121.782242,,,15.0,2022-12-19T12:08,2022.0,12.0,19.0
"Thunnus albacares (Bonnaterre, 1788)",2374013,,,,,,PRESENT,ASIA,IN,Tamil Nadu,,11.091787,79.856038,,,362.0,2021-03-27T17:53:23,2021.0,3.0,27.0
"Thunnus albacares (Bonnaterre, 1788)",2374013,,,,,,PRESENT,ASIA,MV,,,4.180552,73.510147,,,4.0,2021-06-11T08:05:53,2021.0,6.0,11.0
"Thunnus albacares (Bonnaterre, 1788)",2374013,,,,,,PRESENT,ASIA,IN,Tamil Nadu,,13.125114,80.295542,,,299.0,2021-07-04,2021.0,7.0,4.0
"Thunnus albacares (Bonnaterre, 1788)",2374013,,,,,,PRESENT,ASIA,LK,Gampaha,,7.203037,79.82895,,,65.0,2021-07-05T05:17:58,2021.0,7.0,5.0
"Thunnus albacares (Bonnaterre, 1788)",2374013,,,,,,PRESENT,ASIA,LK,Gampaha,,7.203433,79.828812,,,65.0,2021-07-05T05:24:29,2021.0,7.0,5.0
"Thunnus albacares (Bonnaterre, 1788)",2374013,1.0,,,,Larva,PRESENT,ASIA,TW,,,22.837538,121.189131,,,,2021-09-07,2021.0,9.0,7.0
"Thunnus albacares (Bonnaterre, 1788)",2374013,,,,,,PRESENT,ASIA,MV,,,4.19901,72.86094,,,,2021-11-14,2021.0,11.0,14.0
"Thunnus albacares (Bonnaterre, 1788)",2374013,,,,,,PRESENT,ASIA,PH,,,13.52039,120.99124,,,,2020-01-14,2020.0,1.0,14.0
"Thunnus albacares (Bonnaterre, 1788)",2374013,2.0,,,,Larva,PRESENT,ASIA,TW,,,24.853517,120.869483,,,,2020-05-15,2020.0,5.0,15.0
"Thunnus albacares (Bonnaterre, 1788)",2374013,1.0,,,,Larva,PRESENT,ASIA,TW,,,22.837538,121.189131,,,,2020-06-04,2020.0,6.0,4.0
"Thunnus albacares (Bonnaterre, 1788)",2374013,1.0,,,,Larva,PRESENT,ASIA,TW,,,22.836917,121.189351,,,,2020-09-09,2020.0,9.0,9.0
"Thunnus albacares (Bonnaterre, 1788)",2374013,,,,,,PRESENT,ASIA,ID,,,-0.76166,123.46421,,,,2019-04-10,2019.0,4.0,10.0
"Thunnus albacares (Bonnaterre, 1788)",2374013,3.0,,,,Larva,PRESENT,ASIA,TW,,,24.504133,120.644301,,,,2019-08-01,2019.0,8.0,1.0
"Thunnus albacares (Bonnaterre, 1788)",2374013,,,,,,PRESENT,ASIA,IN,Maharashtra,,16.053808,73.467246,,,,2019-11-23T07:48,2019.0,11.0,23.0
"Thunnus albacares (Bonnaterre, 1788)",2374013,,,,,,PRESENT,ASIA,MV,,,2.92864,73.58891,,,,2018-04-04,2018.0,4.0,4.0
"Thunnus albacares (Bonnaterre, 1788)",2374013,,,,,,PRESENT,ASIA,MV,,,2.92864,73.58891,,,,2018-04-03,2018.0,4.0,3.0
"Thunnus albacares (Bonnaterre, 1788)",2374013,,,,,,PRESENT,ASIA,JP,Kagoshima,,31.283333,131.083333,,,,2018-06-11,2018.0,6.0,11.0
"Thunnus albacares (Bonnaterre, 1788)",2374013,2.0,,,,Larva,PRESENT,ASIA,TW,,,23.596683,119.746717,,,,2018-06-12,2018.0,6.0,12.0
"Thunnus albacares (Bonnaterre, 1788)",2374013,3.0,,,,Larva,PRESENT,ASIA,TW,,,23.614383,119.717233,,,,2018-06-12,2018.0,6.0,12.0
"Thunnus albacares (Bonnaterre, 1788)",2374013,1.0,,,,Larva,PRESENT,ASIA,TW,,,23.574967,119.72285,,,,2018-06-12,2018.0,6.0,12.0
"Thunnus albacares (Bonnaterre, 1788)",2374013,,,,,,PRESENT,ASIA,JP,Kagoshima,,34.366667,130.85,,,,2017-02-03,2017.0,2.0,3.0
"Thunnus albacares (Bonnaterre, 1788)",2374013,,,,,,PRESENT,ASIA,MV,,,4.175496,73.509347,,,3867.0,2017-02-09T11:47:30,2017.0,2.0,9.0
"Thunnus albacares (Bonnaterre, 1788)",2374013,,,,,,PRESENT,ASIA,ID,Jakarta Raya,,-6.198425,106.889533,,,225.0,2017-06-15T19:06,2017.0,6.0,15.0
"Thunnus albacares (Bonnaterre, 1788)",2374013,,,,,,PRESENT,ASIA,OM,Muscat,,23.625458,58.561992,,,,2017-08-05T11:36,2017.0,8.0,5.0
"Thunnus albacares (Bonnaterre, 1788)",2374013,,,,,,PRESENT,ASIA,CX,,,-10.436867,105.64143,,,,2017-09-07T01:01Z,2017.0,9.0,7.0
"Thunnus albacares (Bonnaterre, 1788)",2374013,,,,,,PRESENT,ASIA,CX,,,-10.589459,105.629693,,,31189.0,2017-09-07T01:01,2017.0,9.0,7.0
"Thunnus albacares (Bonnaterre, 1788)",2374013,1.0,,,,,PRESENT,ASIA,PH,Quezon,Luzon,13.9334,121.615,,,34718.0,2017-10-24,2017.0,10.0,24.0
"Thunnus albacares (Bonnaterre, 1788)",2374013,1.0,,,,,PRESENT,ASIA,PH,Quezon,Luzon,13.9334,121.615,,,34718.0,2017-10-24,2017.0,10.0,24.0
"Thunnus albacares (Bonnaterre, 1788)",2374013,,,,,,PRESENT,ASIA,ID,,,5.89451,95.2529,0.0,0.0,100.0,2017-12-30T15:46Z,2017.0,12.0,30.0
"Thunnus albacares (Bonnaterre, 1788)",2374013,,,,,,PRESENT,ASIA,ID,,,5.8836,95.2155,0.0,0.0,100.0,2017-12-30T09:52Z,2017.0,12.0,30.0
"Thunnus albacares (Bonnaterre, 1788)",2374013,,,,Indeterminate,Juvenile,PRESENT,ASIA,ID,Jawa Timur,,-8.431923,112.68095,,,289.0,2017-12-28T14:39,2017.0,12.0,28.0
"Thunnus albacares (Bonnaterre, 1788)",2374013,,,,,,PRESENT,ASIA,IN,Andhra Pradesh,,16.984138,82.28005,,,1.0,2015-02-21T05:53:54,2015.0,2.0,21.0
"Thunnus albacares (Bonnaterre, 1788)",2374013,,,,,,PRESENT,ASIA,IN,Andhra Pradesh,,16.957612,82.269528,,,1.0,2015-02-21T05:20:02,2015.0,2.0,21.0
"Thunnus albacares (Bonnaterre, 1788)",2374013,,,,,,PRESENT,ASIA,JP,,,26.3227,127.746,0.0,0.0,100.0,2015-04-11T15:30Z,2015.0,4.0,11.0
"Thunnus albacares (Bonnaterre, 1788)",2374013,1.0,,,,,PRESENT,ASIA,PH,Aurora Province,Luzon,15.7533,121.559,,,3414.0,2015-07-31,2015.0,7.0,31.0
"Thunnus albacares (Bonnaterre, 1788)",2374013,1.0,,,,,PRESENT,ASIA,PH,Aurora Province,Luzon,15.7533,121.559,,,3414.0,2015-07-31,2015.0,7.0,31.0
"Thunnus albacares (Bonnaterre, 1788)",2374013,1.0,,,,,PRESENT,ASIA,PH,Aurora Province,Luzon,15.7533,121.559,,,3414.0,2015-07-31,2015.0,7.0,31.0
"Thunnus albacares (Bonnaterre, 1788)",2374013,1.0,,,,,PRESENT,ASIA,PH,Aurora Province,Luzon,15.7533,121.559,,,3414.0,2015-07-31,2015.0,7.0,31.0
"Thunnus albacares (Bonnaterre, 1788)",2374013,,,,,,PRESENT,ASIA,JP,Okinawa,,24.438056,123.005556,,,,2015-09-18,2015.0,9.0,18.0
"Thunnus albacares (Bonnaterre, 1788)",2374013,,,,,,PRESENT,ASIA,JP,Okinawa,,24.438056,123.005556,,,,2015-09-18,2015.0,9.0,18.0
"Thunnus albacares (Bonnaterre, 1788)",2374013,,,,,,PRESENT,ASIA,PH,,,9.92227,123.344,0.0,0.0,100.0,2015-11-11T06:52Z,2015.0,11.0,11.0
"Thunnus albacares (Bonnaterre, 1788)",2374013,,,,,,PRESENT,ASIA,JP,Kagoshima,,27.75,129.066667,,,,2015-11-28,2015.0,11.0,28.0
"Thunnus albacares (Bonnaterre, 1788)",2374013,1.0,,,,Larva,PRESENT,ASIA,TW,,,21.943004,120.774427,,,,2014-04-08,2014.0,4.0,8.0
"Thunnus albacares (Bonnaterre, 1788)",2374013,1.0,,,,Larva,PRESENT,ASIA,TW,,,22.368465,120.389905,,,,2014-07-30,2014.0,7.0,30.0
"Thunnus albacares (Bonnaterre, 1788)",2374013,1.0,,,,Larva,PRESENT,ASIA,TW,,,22.368465,120.389905,,,,2014-07-30,2014.0,7.0,30.0
"Thunnus albacares (Bonnaterre, 1788)",2374013,,,,Indeterminate,,PRESENT,ASIA,JP,Kagoshima,,30.466667,130.833333,,,,2014-09-19,2014.0,9.0,19.0
"Thunnus albacares (Bonnaterre, 1788)",2374013,,,,Indeterminate,,PRESENT,ASIA,JP,Kagoshima,,28.25,129.416667,,,,2013-07-09,2013.0,7.0,9.0
"Thunnus albacares (Bonnaterre, 1788)",2374013,,,,,,PRESENT,ASIA,JP,,,26.4409,127.713,0.0,0.0,100.0,2013-12-31T10:30Z,2013.0,12.0,31.0
"Thunnus albacares (Bonnaterre, 1788)",2374013,,,,,,PRESENT,ASIA,EG,,,28.0032,34.4675,0.0,0.0,100.0,2013-12-31T00:00Z,2013.0,12.0,31.0
"Thunnus albacares (Bonnaterre, 1788)",2374013,,,,,,PRESENT,ASIA,ID,,,1.570999,127.808769,,,,2013,2013.0,,
"Thunnus albacares (Bonnaterre, 1788)",2374013,,,,,,PRESENT,ASIA,ID,,,1.570999,127.808769,,,,2013,2013.0,,
"Thunnus albacares (Bonnaterre, 1788)",2374013,,,,,,PRESENT,ASIA,ID,,,1.570999,127.808769,,,,2013,2013.0,,
"Thunnus albacares (Bonnaterre, 1788)",2374013,,,,,,PRESENT,ASIA,ID,,,1.570999,127.808769,,,,2013,2013.0,,
"Thunnus albacares (Bonnaterre, 1788)",2374013,,,,,,PRESENT,ASIA,ID,,,-3.705,128.17,,,,2013,2013.0,,
"Thunnus albacares (Bonnaterre, 1788)",2374013,,,,,,PRESENT,ASIA,ID,,,1.570999,127.808769,,,,2013,2013.0,,
"Thunnus albacares (Bonnaterre, 1788)",2374013,,,,,,PRESENT,ASIA,ID,,,1.570999,127.808769,,,,2013,2013.0,,
"Thunnus albacares (Bonnaterre, 1788)",2374013,,,,,,PRESENT,ASIA,ID,,,1.570999,127.808769,,,,2013,2013.0,,
"Thunnus albacares (Bonnaterre, 1788)",2374013,,,,,,PRESENT,ASIA,ID,,,-3.705,128.17,,,,2013,2013.0,,
"Thunnus albacares (Bonnaterre, 1788)",2374013,,,,,,PRESENT,ASIA,ID,,,1.570999,127.808769,,,,2013,2013.0,,
"Thunnus albacares (Bonnaterre, 1788)",2374013,,,,,,PRESENT,ASIA,ID,,,1.570999,127.808769,,,,2013,2013.0,,
"Thunnus albacares (Bonnaterre, 1788)",2374013,,,,,,PRESENT,ASIA,ID,,,1.570999,127.808769,,,,2013,2013.0,,
"Thunnus albacares (Bonnaterre, 1788)",2374013,,,,,,PRESENT,ASIA,ID,,,1.570999,127.808769,,,,2013,2013.0,,
"Thunnus albacares (Bonnaterre, 1788)",2374013,,,,,,PRESENT,ASIA,ID,,,1.570999,127.808769,,,,2013,2013.0,,
"Thunnus albacares (Bonnaterre, 1788)",2374013,,,,,,PRESENT,ASIA,ID,,,1.570999,127.808769,,,,2013,2013.0,,
"Thunnus albacares (Bonnaterre, 1788)",2374013,,,,,,PRESENT,ASIA,ID,,,1.570999,127.808769,,,,2013,2013.0,,
"Thunnus albacares (Bonnaterre, 1788)",2374013,,,,,,PRESENT,ASIA,ID,,,-3.705,128.17,,,,2013,2013.0,,
"Thunnus albacares (Bonnaterre, 1788)",2374013,,,,,,PRESENT,ASIA,ID,,,1.570999,127.808769,,,,2013,2013.0,,
"Thunnus albacares (Bonnaterre, 1788)",2374013,,,,,,PRESENT,ASIA,ID,,,1.570999,127.808769,,,,2013,2013.0,,
"Thunnus albacares (Bonnaterre, 1788)",2374013,,,,,,PRESENT,ASIA,ID,,,1.570999,127.808769,,,,2013,2013.0,,
"Thunnus albacares (Bonnaterre, 1788)",2374013,,,,,,PRESENT,ASIA,ID,,,-3.705,128.17,,,,2013,2013.0,,
"Thunnus albacares (Bonnaterre, 1788)",2374013,,,,,,PRESENT,ASIA,ID,,,1.570999,127.808769,,,,2013,2013.0,,
"Thunnus albacares (Bonnaterre, 1788)",2374013,,,,,,PRESENT,ASIA,ID,,,1.570999,127.808769,,,,2013,2013.0,,
"Thunnus albacares (Bonnaterre, 1788)",2374013,,,,,,PRESENT,ASIA,ID,,,1.570999,127.808769,,,,2013,2013.0,,
"Thunnus albacares (Bonnaterre, 1788)",2374013,,,,,,PRESENT,ASIA,ID,,,1.570999,127.808769,,,,2013,2013.0,,
"Thunnus albacares (Bonnaterre, 1788)",2374013,,,,,,PRESENT,ASIA,ID,,,1.570999,127.808769,,,,2013,2013.0,,
"Thunnus albacares (Bonnaterre, 1788)",2374013,,,,,,PRESENT,ASIA,ID,,,1.570999,127.808769,,,,2013,2013.0,,
"Thunnus albacares (Bonnaterre, 1788)",2374013,,,,,,PRESENT,ASIA,ID,,,-3.705,128.17,,,,2013,2013.0,,
"Thunnus albacares (Bonnaterre, 1788)",2374013,,,,,,PRESENT,ASIA,ID,,,1.570999,127.808769,,,,2013,2013.0,,
"Thunnus albacares (Bonnaterre, 1788)",2374013,,,,,,PRESENT,ASIA,ID,,,1.570999,127.808769,,,,2013,2013.0,,
"Thunnus albacares (Bonnaterre, 1788)",2374013,,,,,,PRESENT,ASIA,ID,,,1.570999,127.808769,,,,2013,2013.0,,
"Thunnus albacares (Bonnaterre, 1788)",2374013,,,,,,PRESENT,ASIA,ID,,,1.570999,127.808769,,,,2013,2013.0,,
"Thunnus albacares (Bonnaterre, 1788)",2374013,,,,,,PRESENT,ASIA,ID,,,1.570999,127.808769,,,,2013,2013.0,,
"Thunnus albacares (Bonnaterre, 1788)",2374013,,,,,,PRESENT,ASIA,ID,,,1.570999,127.808769,,,,2013,2013.0,,
"Thunnus albacares (Bonnaterre, 1788)",2374013,,,,,,PRESENT,ASIA,ID,,,-3.705,128.17,,,,2013,2013.0,,
"Thunnus albacares (Bonnaterre, 1788)",2374013,,,,,,PRESENT,ASIA,ID,,,1.570999,127.808769,,,,2013,2013.0,,
"Thunnus albacares (Bonnaterre, 1788)",2374013,,,,,,PRESENT,ASIA,ID,,,1.570999,127.808769,,,,2013,2013.0,,
"Thunnus albacares (Bonnaterre, 1788)",2374013,,,,,,PRESENT,ASIA,ID,,,1.570999,127.808769,,,,2013,2013.0,,
"Thunnus albacares (Bonnaterre, 1788)",2374013,,,,,,PRESENT,ASIA,ID,,,1.570999,127.808769,,,,2013,2013.0,,
"Thunnus albacares (Bonnaterre, 1788)",2374013,,,,,,PRESENT,ASIA,ID,,,1.570999,127.808769,,,,2013,2013.0,,
"Thunnus albacares (Bonnaterre, 1788)",2374013,,,,,,PRESENT,ASIA,ID,,,-3.705,128.17,,,,2013,2013.0,,
"Thunnus albacares (Bonnaterre, 1788)",2374013,,,,,,PRESENT,ASIA,TW,Taiwan,,24.460676,121.822392,,,4.0,2012-02-06T07:54,2012.0,2.0,6.0
"Thunnus albacares (Bonnaterre, 1788)",2374013,,,,,,PRESENT,ASIA,TH,,,7.657,98.767,0.0,0.0,100.0,2012-08-08T10:05Z,2012.0,8.0,8.0
"Thunnus albacares (Bonnaterre, 1788)",2374013,,,,,,PRESENT,ASIA,PH,Cebu,,9.94262,123.370131,,,210.0,2011-01-16,2011.0,1.0,16.0
"Thunnus albacares (Bonnaterre, 1788)",2374013,1.0,,,,,PRESENT,ASIA,PH,Metro Manila,Luzon,14.6567,121.02,,,,2011-05-22,2011.0,5.0,22.0
"Thunnus albacares (Bonnaterre, 1788)",2374013,1.0,,,,,PRESENT,ASIA,PH,Metro Manila,Luzon,14.6567,121.02,,,,2011-05-22,2011.0,5.0,22.0
"Thunnus albacares (Bonnaterre, 1788)",2374013,1.0,,,,,PRESENT,ASIA,PH,Metro Manila,Luzon,14.6567,121.02,,,,2011-05-22,2011.0,5.0,22.0
"Thunnus albacares (Bonnaterre, 1788)",2374013,1.0,,,,,PRESENT,ASIA,PH,Metro Manila,Luzon,14.6567,121.02,,,,2011-05-22,2011.0,5.0,22.0
"Thunnus albacares (Bonnaterre, 1788)",2374013,1.0,,,,,PRESENT,ASIA,PH,Metro Manila,Luzon,14.6567,121.02,,,,2011-05-22,2011.0,5.0,22.0
"Thunnus albacares (Bonnaterre, 1788)",2374013,1.0,,,,,PRESENT,ASIA,PH,Metro Manila,Luzon,14.6567,121.02,,,,2011-05-22,2011.0,5.0,22.0
"Thunnus albacares (Bonnaterre, 1788)",2374013,1.0,,,,Larva,PRESENT,ASIA,TW,,,21.954529,120.754975,,,,2011-06-01,2011.0,6.0,1.0
"Thunnus albacares (Bonnaterre, 1788)",2374013,1.0,,,,Larva,PRESENT,ASIA,TW,,,21.954529,120.754975,,,,2011-06-01,2011.0,6.0,1.0
"Thunnus albacares (Bonnaterre, 1788)",2374013,,,,,,PRESENT,ASIA,ID,,,-7.73,109.02,,,,2010-08-09,2010.0,8.0,9.0
"Thunnus albacares (Bonnaterre, 1788)",2374013,,1.0,individuals,,,PRESENT,ASIA,ID,,,-7.666667,109.0,,,1000.0,2010-08-09,2010.0,8.0,9.0
"Thunnus albacares (Bonnaterre, 1788)",2374013,,1.0,individuals,,,PRESENT,ASIA,ID,,,-7.666667,109.0,,,1000.0,2010-08-09,2010.0,8.0,9.0
"Thunnus albacares (Bonnaterre, 1788)",2374013,,,,,,PRESENT,ASIA,ID,,,-8.75,116.58,,,,2009-03-04,2009.0,3.0,4.0
"Thunnus albacares (Bonnaterre, 1788)",2374013,,,,,,PRESENT,ASIA,AE,,,25.6031,56.351,0.0,0.0,100.0,2009-06-19T13:05Z,2009.0,6.0,19.0
"Thunnus albacares (Bonnaterre, 1788)",2374013,,,,,,PRESENT,ASIA,ID,,,-7.03,106.53,,,,2009-10-11,2009.0,10.0,11.0
"Thunnus albacares (Bonnaterre, 1788)",2374013,,,,,,PRESENT,ASIA,ID,,,-8.75,115.17,,,,2009-10-04,2009.0,10.0,4.0
"Thunnus albacares (Bonnaterre, 1788)",2374013,,1.0,individuals,,,PRESENT,ASIA,ID,,,-7.033333,106.533333,,,1000.0,2009-10-11,2009.0,10.0,11.0
"Thunnus albacares (Bonnaterre, 1788)",2374013,,1.0,individuals,,,PRESENT,ASIA,ID,,,-7.033333,106.533333,,,1000.0,2009-10-11,2009.0,10.0,11.0
"Thunnus albacares (Bonnaterre, 1788)",2374013,,,,,,PRESENT,ASIA,ID,,,-8.71545,115.456,0.0,0.0,100.0,2008-01-11T13:14Z,2008.0,1.0,11.0
"Thunnus albacares (Bonnaterre, 1788)",2374013,,,,,,PRESENT,ASIA,TW,,,22.47,120.43,,,,2007-10-01,2007.0,10.0,1.0
"Thunnus albacares (Bonnaterre, 1788)",2374013,,,,,,PRESENT,ASIA,TW,,,22.47,120.43,,,,2007-10-01,2007.0,10.0,1.0
"Thunnus albacares (Bonnaterre, 1788)",2374013,,,,,,PRESENT,ASIA,PH,South Cotabato,,6.034751,125.143299,,,,2007-10-28T07:11,2007.0,10.0,28.0
"Thunnus albacares (Bonnaterre, 1788)",2374013,,,,,,PRESENT,ASIA,IN,,,9.97,76.23,,,,2006-03-27,2006.0,3.0,27.0
"Thunnus albacares (Bonnaterre, 1788)",2374013,,,,,,PRESENT,ASIA,IN,,,9.97,76.23,,,,2006-03-27,2006.0,3.0,27.0
"Thunnus albacares (Bonnaterre, 1788)",2374013,,,,,,PRESENT,ASIA,IN,,,9.97,76.23,,,,2006-03-27,2006.0,3.0,27.0
"Thunnus albacares (Bonnaterre, 1788)",2374013,,,,,,PRESENT,ASIA,TW,,,22.47,120.43,,,,2005-03-12,2005.0,3.0,12.0
"Thunnus albacares (Bonnaterre, 1788)",2374013,,,,,,PRESENT,ASIA,TW,,,22.424,120.421,,,,2005-03-12,2005.0,3.0,12.0
"Thunnus albacares (Bonnaterre, 1788)",2374013,,,,,,PRESENT,ASIA,TW,,,23.05,121.23,,,,2005-06-27,2005.0,6.0,27.0
"Thunnus albacares (Bonnaterre, 1788)",2374013,,,,,,PRESENT,ASIA,TW,,,23.05,121.23,,,,2005-07-08,2005.0,7.0,8.0
"Thunnus albacares (Bonnaterre, 1788)",2374013,0.0,,,,,PRESENT,ASIA,PH,,,13.75,123.75,,,,2002,2002.0,,
"Thunnus albacares (Bonnaterre, 1788)",2374013,,,,,,PRESENT,ASIA,EG,,,27.7667,34.2567,0.0,0.0,100.0,2000-07-04T11:30Z,2000.0,7.0,4.0
"Thunnus albacares (Bonnaterre, 1788)",2374013,,,,,,PRESENT,ASIA,EG,,,27.7921,34.2625,0.0,0.0,100.0,2000-07-04T14:30Z,2000.0,7.0,4.0
"Thunnus albacares (Bonnaterre, 1788)",2374013,2.0,,,,,PRESENT,ASIA,TW,,,22.46,120.46,,,,1990-11-21,1990.0,11.0,21.0
"Thunnus albacares (Bonnaterre, 1788)",2374013,,,,,,PRESENT,ASIA,TW,,,22.46,120.46,,,,1990-11-21,1990.0,11.0,21.0
"Thunnus albacares (Bonnaterre, 1788)",2374013,,,,,,PRESENT,ASIA,AE,,,25.791746,55.9762,,,,1989-03,1989.0,3.0,
"Thunnus albacares (Bonnaterre, 1788)",2374013,,,,,,PRESENT,ASIA,AE,,,25.791746,55.9762,,,,1989-03,1989.0,3.0,
"Thunnus albacares (Bonnaterre, 1788)",2374013,,,,,,PRESENT,ASIA,TW,,,22.58,120.29,,,,1976-08-01,1976.0,8.0,1.0
"Thunnus albacares (Bonnaterre, 1788)",2374013,0.0,,,,,PRESENT,ASIA,MM,,,18.75,93.75,,,,1972,1972.0,,
"Thunnus albacares (Bonnaterre, 1788)",2374013,,,,,,PRESENT,ASIA,TW,,,24.58,121.86,,,,1969-12-23,1969.0,12.0,23.0
"Thunnus albacares (Bonnaterre, 1788)",2374013,,,,,,PRESENT,ASIA,TW,,,24.58,121.86,,,,1969-12-23,1969.0,12.0,23.0
"Thunnus albacares (Bonnaterre, 1788)",2374013,0.0,,,,,PRESENT,ASIA,ID,,,3.75,98.75,,,,1969,1969.0,,
"Thunnus albacares (Bonnaterre, 1788)",2374013,0.0,,,,,PRESENT,ASIA,ID,,,-8.75,118.75,,,,1967,1967.0,,
"Thunnus albacares (Bonnaterre, 1788)",2374013,1.0,,,,Adult,PRESENT,ASIA,JP,,,34.76,133.51,,,115000.0,1961-09-01/1961-09-30,1961.0,9.0,
"Neothunnus macropterus (Temminck & Schlegel, 1844)",2374027,2.0,,,Indeterminate,,PRESENT,ASIA,PH,Batangas,,13.866441,120.912805,,,,1948,1948.0,,
"Neothunnus macropterus (Temminck & Schlegel, 1844)",2374027,1.0,,,Indeterminate,,PRESENT,ASIA,PH,,,11.348227,122.047852,,,,1948,1948.0,,
"Neothunnus macropterus (Temminck & Schlegel, 1844)",2374027,1.0,,,Indeterminate,,PRESENT,ASIA,PH,,,13.513042,120.304679,,,,1948,1948.0,,
"Thunnus albacares (Bonnaterre, 1788)",2374013,,,,,,PRESENT,ASIA,JP,Shizuoka,,35.017511,138.497581,,,,1929-07-01,1929.0,7.0,1.0
"Thunnus albacares (Bonnaterre, 1788)",2374013,1.0,,,,,PRESENT,ASIA,IN,malabar,,11.0,76.0,,,,,,,
"Thunnus albacares (Bonnaterre, 1788)",2374013,,,,,,PRESENT,ASIA,JP,,,24.808333,141.2575,,,,,,,
"Thunnus albacares (Bonnaterre, 1788)",2374013,,,,,,PRESENT,ASIA,PH,,,10.383,114.367,,,,,,,
"Trichiurus lepturus Linnaeus, 1758",2389407,,,,,,PRESENT,ASIA,CN,Zhejiang,,29.85967,122.259797,,,29433.0,2025-01-03T18:35,2025.0,1.0,3.0
"Trichiurus japonicus Temminck & Schlegel, 1844",2389414,,,,,Adult,PRESENT,ASIA,CN,Zhejiang,,30.264463,122.217029,,,29382.0,2025-01-06T12:21:34,2025.0,1.0,6.0
"Trichiurus lepturus Linnaeus, 1758",2389407,,,,,,PRESENT,ASIA,HK,Islands,,22.290103,114.019372,,,353.0,2025-02-04T17:50:26,2025.0,2.0,4.0
"Trichiurus lepturus Linnaeus, 1758",2389407,,,,,,PRESENT,ASIA,SG,East,,1.305425,103.942475,,,13.0,2025-02-08T23:54:15,2025.0,2.0,8.0
"Trichiurus lepturus Linnaeus, 1758",2389407,,,,,,PRESENT,ASIA,IN,Puducherry,,11.906654,79.82394,,,8.0,2025-02-13T16:12,2025.0,2.0,13.0
"Trichiurus lepturus Linnaeus, 1758",2389407,,,,,Adult,PRESENT,ASIA,IN,Tamil Nadu,,9.215135,79.358524,,,1789.0,2025-03-09T09:29,2025.0,3.0,9.0
"Trichiurus lepturus Linnaeus, 1758",2389407,,,,,,PRESENT,ASIA,ID,Jakarta Raya,,-6.093732,106.803868,,,,2025-04-18T10:56:20,2025.0,4.0,18.0
"Trichiurus lepturus Linnaeus, 1758",2389407,,,,,,PRESENT,ASIA,IN,Karnataka,,13.348097,74.701789,,,,2025-05-08T05:51:22,2025.0,5.0,8.0
"Trichiurus lepturus Linnaeus, 1758",2389407,,,,,,PRESENT,ASIA,IN,Karnataka,,13.347967,74.701717,,,,2025-05-08T05:53:54,2025.0,5.0,8.0
"Trichiurus lepturus Linnaeus, 1758",2389407,,,,,,PRESENT,ASIA,IN,Karnataka,,13.348086,74.701772,,,,2025-05-08T05:52:26,2025.0,5.0,8.0
"Trichiurus lepturus Linnaeus, 1758",2389407,,,,,,PRESENT,ASIA,ID,Bali,,-8.757335,115.1685,,,15.0,2025-07-22T14:01,2025.0,7.0,22.0
"Trichiurus lepturus Linnaeus, 1758",2389407,,,,,Juvenile,PRESENT,ASIA,CN,Zhejiang,,29.903723,122.347192,,,29433.0,2025-08-13T23:33:32,2025.0,8.0,13.0
"Trichiurus lepturus Linnaeus, 1758",2389407,,,,,Juvenile,PRESENT,ASIA,CN,Zhejiang,,29.903634,122.29946,,,29433.0,2025-08-14T22:04:25,2025.0,8.0,14.0
"Trichiurus lepturus Linnaeus, 1758",2389407,,,,,Juvenile,PRESENT,ASIA,CN,Zhejiang,,29.828399,122.233791,,,29433.0,2025-08-16T03:22,2025.0,8.0,16.0
"Trichiurus lepturus Linnaeus, 1758",2389407,,,,,Juvenile,PRESENT,ASIA,CN,Zhejiang,,29.876825,122.366973,,,29433.0,2025-08-21T21:09,2025.0,8.0,21.0
"Trichiurus lepturus Linnaeus, 1758",2389407,,,,,,PRESENT,ASIA,ID,Sumatera Barat,,-1.230035,100.338821,,,38841.0,2025-08-14T11:00:28,2025.0,8.0,14.0
"Trichiurus lepturus Linnaeus, 1758",2389407,,,,,Juvenile,PRESENT,ASIA,CN,Zhejiang,,29.887083,122.21154,,,29433.0,2025-08-17T03:18,2025.0,8.0,17.0
"Trichiurus japonicus Temminck & Schlegel, 1844",2389414,,,,,,PRESENT,ASIA,CN,Shandong,,36.180803,120.277097,,,,2025-09-07T10:00:04,2025.0,9.0,7.0
"Trichiurus japonicus Temminck & Schlegel, 1844",2389414,,,,,,PRESENT,ASIA,CN,Shandong,,36.181192,120.277331,,,,2025-09-07T10:28:35,2025.0,9.0,7.0
"Trichiurus japonicus Temminck & Schlegel, 1844",2389414,,,,,,PRESENT,ASIA,CN,Shandong,,36.098457,120.530769,,,,2025-09-14T10:42:03,2025.0,9.0,14.0
"Trichiurus lepturus Linnaeus, 1758",2389407,,,,,Adult,PRESENT,ASIA,JP,Kanagawa,,35.271633,139.685008,,,28706.0,2025-09-29T15:05,2025.0,9.0,29.0
"Trichiurus lepturus Linnaeus, 1758",2389407,,,,,,PRESENT,ASIA,TH,Phangnga,,8.18265,98.493622,,,60.0,2025-11-07T14:58:50,2025.0,11.0,7.0
"Trichiurus lepturus Linnaeus, 1758",2389407,,,,Female,Adult,PRESENT,ASIA,IN,Gujarat,,21.108,70.1,,,,2024-02-08,2024.0,2.0,8.0
"Trichiurus lepturus Linnaeus, 1758",2389407,,,,,Adult,PRESENT,ASIA,TW,Taiwan,,22.791816,121.193314,,,,2024-03-04T07:54,2024.0,3.0,4.0
"Trichiurus lepturus Linnaeus, 1758",2389407,,,,,,PRESENT,ASIA,JP,Ibaraki,,36.300608,140.571062,,,2.0,2024-07-07T10:49:15,2024.0,7.0,7.0
"Trichiurus lepturus Linnaeus, 1758",2389407,,,,,,PRESENT,ASIA,JP,Kanagawa,,35.266634,139.749005,,,,2024-08-13T08:07:14,2024.0,8.0,13.0
"Trichiurus japonicus Temminck & Schlegel, 1844",2389414,,,,,,PRESENT,ASIA,CN,Shandong,,36.051889,120.390498,,,1061.0,2024-08-20T21:48,2024.0,8.0,20.0
"Trichiurus lepturus Linnaeus, 1758",2389407,,,,,,PRESENT,ASIA,KR,Gyeongsangnam-do,,34.912749,128.445983,,,28762.0,2024-08-12T23:20,2024.0,8.0,12.0
"Trichiurus lepturus Linnaeus, 1758",2389407,,,,,,PRESENT,ASIA,JP,Hyōgo,,34.606834,135.058371,,,7778.0,2024-09-08T17:12:50,2024.0,9.0,8.0
"Trichiurus lepturus Linnaeus, 1758",2389407,,,,,,PRESENT,ASIA,ID,Bali,,-8.757028,115.168406,,,,2024-10-12T11:37:01,2024.0,10.0,12.0
"Trichiurus lepturus Linnaeus, 1758",2389407,,,,,,PRESENT,ASIA,JP,Wakayama,,34.186502,135.092287,,,3856.0,2024-10-20,2024.0,10.0,20.0
"Trichiurus lepturus Linnaeus, 1758",2389407,,,,,,PRESENT,ASIA,CN,Zhejiang,,30.208614,122.385904,,,86370.0,2024-11-30T14:28:28,2024.0,11.0,30.0
"Trichiurus lepturus Linnaeus, 1758",2389407,,,,,Adult,PRESENT,ASIA,CN,Zhejiang,,30.138523,122.75993,,,38.0,2023-08-16T19:08:01,2023.0,8.0,16.0
"Trichiurus lepturus Linnaeus, 1758",2389407,,,,,,PRESENT,ASIA,KR,Jeju,,33.241917,126.523316,,,28984.0,2023-10-13T15:00,2023.0,10.0,13.0
"Trichiurus lepturus Linnaeus, 1758",2389407,,,,,,PRESENT,ASIA,TW,Tainan,,22.918426,120.200269,,,50.0,2023-11-25T11:04,2023.0,11.0,25.0
"Trichiurus lepturus Linnaeus, 1758",2389407,,,,,,PRESENT,ASIA,JP,Wakayama,,34.199397,135.09672,,,4279.0,2023-11-04,2023.0,11.0,4.0
"Trichiurus lepturus Linnaeus, 1758",2389407,,,,,,PRESENT,ASIA,SG,East,,1.305245,103.942017,,,4.0,2022-02-26T22:45:34,2022.0,2.0,26.0
"Trichiurus lepturus Linnaeus, 1758",2389407,1.0,,,,,PRESENT,ASIA,TW,,,23.1346,120.0717,,,110.0,2022-02-01,2022.0,2.0,1.0
"Trichiurus lepturus Linnaeus, 1758",2389407,,,,,,PRESENT,ASIA,KR,Gyeongsangnam-do,,34.789043,128.389544,,,,2022-08-14T20:20:29,2022.0,8.0,14.0
"Trichiurus lepturus Linnaeus, 1758",2389407,2.0,,,,Egg,PRESENT,ASIA,TW,,,24.862165,120.890855,,,,2021-02-03,2021.0,2.0,3.0
"Trichiurus japonicus Temminck & Schlegel, 1844",2389414,,,,,,PRESENT,ASIA,JP,Kagoshima,,31.695833,130.710278,,,,2021-07-02,2021.0,7.0,2.0
"Trichiurus japonicus Temminck & Schlegel, 1844",2389414,,,,,,PRESENT,ASIA,JP,Kagoshima,,31.695833,130.710278,,,,2021-07-02,2021.0,7.0,2.0
"Trichiurus japonicus Temminck & Schlegel, 1844",2389414,,,,,,PRESENT,ASIA,JP,Kagoshima,,31.695833,130.710278,,,,2021-07-02,2021.0,7.0,2.0
"Trichiurus japonicus Temminck & Schlegel, 1844",2389414,,,,,,PRESENT,ASIA,JP,Kagoshima,,31.695833,130.710278,,,,2021-07-02,2021.0,7.0,2.0
"Trichiurus japonicus Temminck & Schlegel, 1844",2389414,,,,,,PRESENT,ASIA,JP,Kagoshima,,31.695833,130.710278,,,,2021-07-02,2021.0,7.0,2.0
"Trichiurus japonicus Temminck & Schlegel, 1844",2389414,,,,,,PRESENT,ASIA,JP,Kagoshima,,31.695833,130.710278,,,,2021-07-02,2021.0,7.0,2.0
"Trichiurus lepturus Linnaeus, 1758",2389407,,,,,,PRESENT,ASIA,ID,Jawa Tengah,,-7.723835,109.022897,,,,2021-11-30T16:09:06Z,2021.0,11.0,30.0
"Trichiurus japonicus Temminck & Schlegel, 1844",2389414,3.0,,,,Egg,PRESENT,ASIA,TW,,,24.753933,120.836083,,,,2021-11-29,2021.0,11.0,29.0
"Trichiurus japonicus Temminck & Schlegel, 1844",2389414,,,,,,PRESENT,ASIA,JP,Kagoshima,,31.410278,130.192222,,,,2021-12-07,2021.0,12.0,7.0
"Trichiurus lepturus Linnaeus, 1758",2389407,1.0,,,,,PRESENT,ASIA,TW,,,23.1346,120.0717,,,110.0,2021-12-02,2021.0,12.0,2.0
"Trichiurus lepturus Linnaeus, 1758",2389407,1.0,,,,Egg,PRESENT,ASIA,TW,,,22.83806,121.189425,,,,2020-03-10,2020.0,3.0,10.0
"Trichiurus japonicus Temminck & Schlegel, 1844",2389414,2.0,,,,Larva,PRESENT,ASIA,TW,,,22.836917,121.189351,,,,2020-03-10,2020.0,3.0,10.0
"Trichiurus lepturus Linnaeus, 1758",2389407,1.0,,,,Egg,PRESENT,ASIA,TW,,,24.623733,120.691617,,,,2020-05-16,2020.0,5.0,16.0
"Trichiurus lepturus Linnaeus, 1758",2389407,1.0,,,,Egg,PRESENT,ASIA,TW,,,22.837538,121.189131,,,,2020-06-04,2020.0,6.0,4.0
"Trichiurus lepturus Linnaeus, 1758",2389407,,,,,,PRESENT,ASIA,AE,Abu Dhabi,,24.453884,54.377344,,,67314.0,2020-07-03T17:23:27,2020.0,7.0,3.0
"Trichiurus japonicus Temminck & Schlegel, 1844",2389414,,,,,,PRESENT,ASIA,JP,Saga,,33.3175,129.834167,,,,2020-09-19,2020.0,9.0,19.0
"Trichiurus japonicus Temminck & Schlegel, 1844",2389414,,,,,,PRESENT,ASIA,JP,Saga,,33.3175,129.834167,,,,2020-09-19,2020.0,9.0,19.0
"Trichiurus japonicus Temminck & Schlegel, 1844",2389414,,,,,,PRESENT,ASIA,JP,Saga,,33.3175,129.834167,,,,2020-09-19,2020.0,9.0,19.0
"Trichiurus japonicus Temminck & Schlegel, 1844",2389414,,,,,,PRESENT,ASIA,JP,Saga,,33.3175,129.834167,,,,2020-09-19,2020.0,9.0,19.0
"Trichiurus japonicus Temminck & Schlegel, 1844",2389414,,,,,,PRESENT,ASIA,JP,Saga,,33.3175,129.834167,,,,2020-09-19,2020.0,9.0,19.0
"Trichiurus japonicus Temminck & Schlegel, 1844",2389414,,,,,,PRESENT,ASIA,JP,Saga,,33.3175,129.834167,,,,2020-09-19,2020.0,9.0,19.0
"Trichiurus japonicus Temminck & Schlegel, 1844",2389414,,,,,,PRESENT,ASIA,JP,Saga,,33.3175,129.834167,,,,2020-09-19,2020.0,9.0,19.0
"Trichiurus lepturus Linnaeus, 1758",2389407,1.0,,,,Egg,PRESENT,ASIA,TW,,,24.862165,120.890855,,,,2020-11-19,2020.0,11.0,19.0
"Trichiurus lepturus Linnaeus, 1758",2389407,1.0,,,,Egg,PRESENT,ASIA,TW,,,23.18973,120.065444,,,,2020-12-23,2020.0,12.0,23.0
"Trichiurus lepturus Linnaeus, 1758",2389407,,,,,,PRESENT,ASIA,MY,Pulau Pinang,,5.467532,100.200209,,,33.0,2019-01-27T14:02:28,2019.0,1.0,27.0
"Trichiurus lepturus Linnaeus, 1758",2389407,4.0,,,,Egg,PRESENT,ASIA,TW,,,24.200108,120.482933,,,,2019-01-10,2019.0,1.0,10.0
"Trichiurus japonicus Temminck & Schlegel, 1844",2389414,,,,,,PRESENT,ASIA,JP,Kagoshima,,31.166667,130.533333,,,,2019-03-20,2019.0,3.0,20.0
"Trichiurus japonicus Temminck & Schlegel, 1844",2389414,,,,,,PRESENT,ASIA,JP,Kagoshima,,31.166667,130.533333,,,,2019-03-20,2019.0,3.0,20.0
"Trichiurus japonicus Temminck & Schlegel, 1844",2389414,,,,,,PRESENT,ASIA,JP,Kagoshima,,31.166667,130.533333,,,,2019-03-20,2019.0,3.0,20.0
"Trichiurus lepturus Linnaeus, 1758",2389407,40.0,,,,Egg,PRESENT,ASIA,TW,,,22.83806,121.189425,,,,2019-03-22,2019.0,3.0,22.0
"Trichiurus japonicus Temminck & Schlegel, 1844",2389414,4.0,,,,Egg,PRESENT,ASIA,TW,,,24.504133,120.644301,,,,2019-04-08,2019.0,4.0,8.0
"Trichiurus japonicus Temminck & Schlegel, 1844",2389414,,,,,,PRESENT,ASIA,JP,Kagoshima,,31.283333,131.083333,,,,2019-06-17,2019.0,6.0,17.0
"Trichiurus japonicus Temminck & Schlegel, 1844",2389414,,,,,,PRESENT,ASIA,JP,Kagoshima,,31.291389,131.116389,,,,2019-06-17,2019.0,6.0,17.0
"Trichiurus japonicus Temminck & Schlegel, 1844",2389414,,,,,,PRESENT,ASIA,JP,Kagoshima,,31.291389,131.116389,,,,2019-06-17,2019.0,6.0,17.0
"Trichiurus lepturus Linnaeus, 1758",2389407,,,,,,PRESENT,ASIA,AE,Dubay,,25.291945,55.324524,,,202.0,2019-07-19T17:25,2019.0,7.0,19.0
"Trichiurus lepturus Linnaeus, 1758",2389407,,,,,,PRESENT,ASIA,JP,Kanagawa,,35.111168,139.698972,,,36311.0,2019-07-13T14:12:28,2019.0,7.0,13.0
"Trichiurus lepturus Linnaeus, 1758",2389407,2.0,,,,Egg,PRESENT,ASIA,TW,,,25.168838,121.711715,,,,2019-08-21,2019.0,8.0,21.0
"Trichiurus lepturus Linnaeus, 1758",2389407,,,,,,PRESENT,ASIA,JP,Osaka,,34.641376,135.406815,,,,2019-09-25T18:09:32,2019.0,9.0,25.0
"Trichiurus lepturus Linnaeus, 1758",2389407,,,,,,PRESENT,ASIA,JP,Osaka,,34.641418,135.407089,,,,2019-09-25T18:10:37,2019.0,9.0,25.0
"Trichiurus lepturus Linnaeus, 1758",2389407,,,,,,PRESENT,ASIA,JP,Kanagawa,,35.276111,139.713889,,,,2019-09-01T11:19:32,2019.0,9.0,1.0
"Trichiurus japonicus Temminck & Schlegel, 1844",2389414,,,,,,PRESENT,ASIA,CN,,,21.82,114.02,,,,2019-09-15,2019.0,9.0,15.0
"Trichiurus lepturus Linnaeus, 1758",2389407,2.0,,,,Egg,PRESENT,ASIA,TW,,,24.504133,120.644301,,,,2019-10-01,2019.0,10.0,1.0
"Trichiurus lepturus Linnaeus, 1758",2389407,1.0,,,,Egg,PRESENT,ASIA,TW,,,24.504133,120.644301,,,,2019-10-01,2019.0,10.0,1.0
"Trichiurus lepturus Linnaeus, 1758",2389407,1.0,,,,Larva,PRESENT,ASIA,TW,,,25.168838,121.711715,,,,2019-11-11,2019.0,11.0,11.0
"Trichiurus japonicus Temminck & Schlegel, 1844",2389414,18.0,,,,Egg,PRESENT,ASIA,TW,,,25.168838,121.711715,,,,2019-11-11,2019.0,11.0,11.0
"Trichiurus lepturus Linnaeus, 1758",2389407,,,,,,PRESENT,ASIA,JP,Chiba,,35.670384,139.96512,,,749.0,2019-12-30T22:39,2019.0,12.0,30.0
"Trichiurus japonicus Temminck & Schlegel, 1844",2389414,,,,,,PRESENT,ASIA,JP,Miyazaki,,31.513889,131.390556,,,,2018-01-08,2018.0,1.0,8.0
"Trichiurus japonicus Temminck & Schlegel, 1844",2389414,,,,,,PRESENT,ASIA,JP,Kagoshima,,31.291944,131.080278,,,,2018-02-24,2018.0,2.0,24.0
"Trichiurus japonicus Temminck & Schlegel, 1844",2389414,,,,,,PRESENT,ASIA,JP,Kagoshima,,31.291389,131.116389,,,,2018-02-21,2018.0,2.0,21.0
"Trichiurus japonicus Temminck & Schlegel, 1844",2389414,,,,,,PRESENT,ASIA,JP,Kagoshima,,31.283333,131.083333,,,,2018-02-23,2018.0,2.0,23.0
"Trichiurus japonicus Temminck & Schlegel, 1844",2389414,,,,,,PRESENT,ASIA,JP,Kagoshima,,31.283333,131.083333,,,,2018-02-22,2018.0,2.0,22.0
"Trichiurus japonicus Temminck & Schlegel, 1844",2389414,1.0,,,,,PRESENT,ASIA,TW,,,23.107992,120.043438,,,,2018-03-23,2018.0,3.0,23.0
"Trichiurus japonicus Temminck & Schlegel, 1844",2389414,,,,,,PRESENT,ASIA,JP,Kagoshima,,31.291389,131.116389,,,,2018-06-05,2018.0,6.0,5.0
"Trichiurus japonicus Temminck & Schlegel, 1844",2389414,,,,,,PRESENT,ASIA,JP,Kagoshima,,31.291389,131.116389,,,,2018-06-05,2018.0,6.0,5.0
"Trichiurus lepturus Linnaeus, 1758",2389407,1.0,,,,Egg,PRESENT,ASIA,TW,,,23.199083,120.051033,,,,2018-06-04,2018.0,6.0,4.0
"Trichiurus lepturus Linnaeus, 1758",2389407,1.0,,,,Egg,PRESENT,ASIA,TW,,,23.198633,120.023933,,,,2018-06-04,2018.0,6.0,4.0
"Trichiurus japonicus Temminck & Schlegel, 1844",2389414,,,,,,PRESENT,ASIA,JP,Kagoshima,,31.466111,131.111389,,,,2018-08-04,2018.0,8.0,4.0
"Trichiurus lepturus Linnaeus, 1758",2389407,1.0,,,,,PRESENT,ASIA,MY,,,3.7759,103.4102,,,10.0,2018-08-13,2018.0,8.0,13.0
"Trichiurus lepturus Linnaeus, 1758",2389407,1.0,,,,,PRESENT,ASIA,MY,,,3.7759,103.4102,,,10.0,2018-08-13,2018.0,8.0,13.0
"Trichiurus japonicus Temminck & Schlegel, 1844",2389414,,,,,,PRESENT,ASIA,JP,Kagoshima,,31.291944,131.080278,,,,2018-09-10,2018.0,9.0,10.0
"Trichiurus japonicus Temminck & Schlegel, 1844",2389414,,,,,,PRESENT,ASIA,JP,Kagoshima,,31.305556,131.101111,,,,2018-09-14,2018.0,9.0,14.0
"Trichiurus japonicus Temminck & Schlegel, 1844",2389414,,,,,,PRESENT,ASIA,JP,Kagoshima,,31.305556,131.101111,,,,2018-09-14,2018.0,9.0,14.0
"Trichiurus japonicus Temminck & Schlegel, 1844",2389414,,,,,,PRESENT,ASIA,JP,Kagoshima,,31.305556,131.101111,,,,2018-09-14,2018.0,9.0,14.0
"Trichiurus japonicus Temminck & Schlegel, 1844",2389414,,,,Indeterminate,,PRESENT,ASIA,JP,Kagoshima,,31.305556,131.101111,,,,2018-09-10,2018.0,9.0,10.0
"Trichiurus japonicus Temminck & Schlegel, 1844",2389414,,,,Indeterminate,,PRESENT,ASIA,JP,Kagoshima,,31.283333,131.083333,,,,2018-09-13,2018.0,9.0,13.0
"Trichiurus japonicus Temminck & Schlegel, 1844",2389414,,,,Indeterminate,,PRESENT,ASIA,JP,Kagoshima,,31.305556,131.101111,,,,2018-09-10,2018.0,9.0,10.0
"Trichiurus japonicus Temminck & Schlegel, 1844",2389414,,,,,,PRESENT,ASIA,JP,Kagoshima,,31.291944,131.080278,,,,2018-09-10,2018.0,9.0,10.0
"Trichiurus japonicus Temminck & Schlegel, 1844",2389414,,,,,,PRESENT,ASIA,JP,Kagoshima,,31.291944,131.080278,,,,2018-09-10,2018.0,9.0,10.0
"Trichiurus lepturus Linnaeus, 1758",2389407,,,,,,PRESENT,ASIA,JP,Mie,,34.491604,136.892481,,,2442.0,2018-10-13,2018.0,10.0,13.0
"Trichiurus lepturus Linnaeus, 1758",2389407,3.0,,,,Egg,PRESENT,ASIA,TW,,,25.134217,121.743509,,,,2018-11-01,2018.0,11.0,1.0
"Trichiurus japonicus Temminck & Schlegel, 1844",2389414,,,,Indeterminate,,PRESENT,ASIA,JP,Kagoshima,,31.291389,131.116389,,,,2018-12-05,2018.0,12.0,5.0
"Trichiurus japonicus Temminck & Schlegel, 1844",2389414,,,,Indeterminate,,PRESENT,ASIA,JP,Kagoshima,,31.291944,131.080278,,,,2018-12-05,2018.0,12.0,5.0
"Trichiurus japonicus Temminck & Schlegel, 1844",2389414,,,,Indeterminate,,PRESENT,ASIA,JP,Kagoshima,,31.291389,131.116389,,,,2018-12-05,2018.0,12.0,5.0
"Trichiurus japonicus Temminck & Schlegel, 1844",2389414,,,,Indeterminate,,PRESENT,ASIA,JP,Kagoshima,,31.291944,131.080278,,,,2018-12-05,2018.0,12.0,5.0
"Trichiurus japonicus Temminck & Schlegel, 1844",2389414,,,,Indeterminate,,PRESENT,ASIA,JP,Kagoshima,,31.283333,131.083333,,,,2018-12-05,2018.0,12.0,5.0
"Trichiurus japonicus Temminck & Schlegel, 1844",2389414,,,,Indeterminate,,PRESENT,ASIA,TW,Yilan,,24.933333,121.9,,,,2017-02-23,2017.0,2.0,23.0
"Trichiurus japonicus Temminck & Schlegel, 1844",2389414,,,,Indeterminate,,PRESENT,ASIA,TW,Yilan,,24.933333,121.9,,,,2017-02-23,2017.0,2.0,23.0
"Trichiurus japonicus Temminck & Schlegel, 1844",2389414,,,,Indeterminate,,PRESENT,ASIA,TW,Yilan,,24.933333,121.9,,,,2017-02-23,2017.0,2.0,23.0
"Trichiurus japonicus Temminck & Schlegel, 1844",2389414,1.0,,,,Larva,PRESENT,ASIA,TW,,,25.05029,121.016204,,,,2017-04-11,2017.0,4.0,11.0
"Trichiurus japonicus Temminck & Schlegel, 1844",2389414,,,,,,PRESENT,ASIA,JP,Kyoto,,35.483333,135.366667,,,,2017-06-15,2017.0,6.0,15.0
"Trichiurus lepturus Linnaeus, 1758",2389407,,,,,,PRESENT,ASIA,JP,Wakayama,,33.7725,135.320556,,,,2017-06-12,2017.0,6.0,12.0
"Trichiurus lepturus Linnaeus, 1758",2389407,,,,,,PRESENT,ASIA,JP,Wakayama,,33.7725,135.320556,,,,2017-06-12,2017.0,6.0,12.0
"Trichiurus lepturus Linnaeus, 1758",2389407,,,,,,PRESENT,ASIA,JP,Wakayama,,33.7725,135.320556,,,,2017-06-12,2017.0,6.0,12.0
"Trichiurus lepturus Linnaeus, 1758",2389407,,,,,,PRESENT,ASIA,JP,Wakayama,,33.7725,135.320556,,,,2017-06-12,2017.0,6.0,12.0
"Trichiurus lepturus Linnaeus, 1758",2389407,1.0,,,,,PRESENT,ASIA,TW,,,23.124482,120.074022,,,,2017-10-26,2017.0,10.0,26.0
"Trichiurus japonicus Temminck & Schlegel, 1844",2389414,,,,,,PRESENT,ASIA,JP,Kagoshima,,31.413611,130.116667,,,,2017-11-22,2017.0,11.0,22.0
"Trichiurus japonicus Temminck & Schlegel, 1844",2389414,,,,,,PRESENT,ASIA,JP,Kagoshima,,31.428889,130.196944,,,,2017-11-22,2017.0,11.0,22.0
"Trichiurus japonicus Temminck & Schlegel, 1844",2389414,,,,,,PRESENT,ASIA,JP,Kagoshima,,31.428889,130.196944,,,,2017-11-22,2017.0,11.0,22.0
"Trichiurus japonicus Temminck & Schlegel, 1844",2389414,,,,,,PRESENT,ASIA,JP,Kagoshima,,31.281944,131.080278,,,,2017-11-23,2017.0,11.0,23.0
"Trichiurus japonicus Temminck & Schlegel, 1844",2389414,,,,,,PRESENT,ASIA,KR,Jeju-do,,33.51275,126.528278,,,,2017-11-01,2017.0,11.0,1.0
"Trichiurus lepturus Linnaeus, 1758",2389407,1.0,,,,,PRESENT,ASIA,TW,,,23.107992,120.043438,,,,2017-12-27,2017.0,12.0,27.0
"Trichiurus japonicus Temminck & Schlegel, 1844",2389414,,,,,,PRESENT,ASIA,JP,Kagoshima,,31.283333,131.083333,,,,2016-10-21,2016.0,10.0,21.0
"Trichiurus japonicus Temminck & Schlegel, 1844",2389414,,,,,,PRESENT,ASIA,JP,Kochi,,33.05,133.133333,,,,2016-11-12,2016.0,11.0,12.0
"Trichiurus japonicus Temminck & Schlegel, 1844",2389414,,,,,,PRESENT,ASIA,KR,Chungcheongnam-do,,36.158017,126.499767,,,,2016-11-18,2016.0,11.0,18.0
"Trichiurus japonicus Temminck & Schlegel, 1844",2389414,,,,,,PRESENT,ASIA,KR,Chungcheongnam-do,,36.158017,126.499767,,,,2016-11-18,2016.0,11.0,18.0
"Trichiurus japonicus Temminck & Schlegel, 1844",2389414,,,,,,PRESENT,ASIA,KR,Chungcheongnam-do,,36.158017,126.499767,,,,2016-11-18,2016.0,11.0,18.0
"Trichiurus lepturus Linnaeus, 1758",2389407,1.0,,,,,PRESENT,ASIA,PH,Bohol,Bohol,9.95232,123.962,,,130263.0,2015-02-02,2015.0,2.0,2.0
"Trichiurus lepturus Linnaeus, 1758",2389407,1.0,,,,,PRESENT,ASIA,PH,Bohol,Bohol,9.95232,123.962,,,130263.0,2015-02-02,2015.0,2.0,2.0
"Trichiurus lepturus Linnaeus, 1758",2389407,1.0,,,,,PRESENT,ASIA,PH,Bohol,Bohol,9.95232,123.962,,,130263.0,2015-02-02,2015.0,2.0,2.0
"Trichiurus lepturus Linnaeus, 1758",2389407,1.0,,,,,PRESENT,ASIA,PH,Bohol,Bohol,9.95232,123.962,,,130263.0,2015-02-02,2015.0,2.0,2.0
"Trichiurus japonicus Temminck & Schlegel, 1844",2389414,,,,,,PRESENT,ASIA,JP,Kagoshima,,30.470278,130.975556,,,,2015-04-01,2015.0,4.0,1.0
"Trichiurus lepturus Linnaeus, 1758",2389407,,1.0,individuals,,,PRESENT,ASIA,TW,,,23.843,120.2608,,,,2015-06-22,2015.0,6.0,22.0
"Trichiurus japonicus Temminck & Schlegel, 1844",2389414,,,,,,PRESENT,ASIA,JP,Miyazaki,,32.466667,131.683333,,,,2014-01-19,2014.0,1.0,19.0
"Trichiurus japonicus Temminck & Schlegel, 1844",2389414,1.0,,,,Larva,PRESENT,ASIA,TW,,,21.943004,120.774427,,,,2014-03-04,2014.0,3.0,4.0
"Trichiurus japonicus Temminck & Schlegel, 1844",2389414,,,,,Adult,PRESENT,ASIA,JP,Mie Pref.,,34.2823,136.7543,,,,2014-04-07,2014.0,4.0,7.0
"Trichiurus japonicus Temminck & Schlegel, 1844",2389414,1.0,,,,Egg,PRESENT,ASIA,TW,,,24.842195,121.931682,,,,2014-04-07,2014.0,4.0,7.0
"Trichiurus japonicus Temminck & Schlegel, 1844",2389414,1.0,,,,Egg,PRESENT,ASIA,TW,,,24.842195,121.931682,,,,2014-04-07,2014.0,4.0,7.0
"Trichiurus japonicus Temminck & Schlegel, 1844",2389414,1.0,,,,Egg,PRESENT,ASIA,TW,,,24.842195,121.931682,,,,2014-04-07,2014.0,4.0,7.0
"Trichiurus japonicus Temminck & Schlegel, 1844",2389414,1.0,,,,Egg,PRESENT,ASIA,TW,,,24.842195,121.931682,,,,2014-04-07,2014.0,4.0,7.0
"Trichiurus japonicus Temminck & Schlegel, 1844",2389414,1.0,,,,Egg,PRESENT,ASIA,TW,,,24.842195,121.931682,,,,2014-04-07,2014.0,4.0,7.0
"Trichiurus japonicus Temminck & Schlegel, 1844",2389414,,,,Indeterminate,,PRESENT,ASIA,JP,Kagoshima,,31.291944,131.080278,,,,2014-05-26,2014.0,5.0,26.0
"Trichiurus japonicus Temminck & Schlegel, 1844",2389414,,,,Indeterminate,,PRESENT,ASIA,JP,Kagoshima,,31.291944,131.080278,,,,2014-05-26,2014.0,5.0,26.0
"Trichiurus japonicus Temminck & Schlegel, 1844",2389414,1.0,,,,Larva,PRESENT,ASIA,TW,,,22.368465,120.389905,,,,2014-07-30,2014.0,7.0,30.0
"Trichiurus lepturus Linnaeus, 1758",2389407,1.0,,,,Larva,PRESENT,ASIA,TW,,,25.118132,121.239997,,,,2014-08-21,2014.0,8.0,21.0
"Trichiurus lepturus Linnaeus, 1758",2389407,1.0,,,,Larva,PRESENT,ASIA,TW,,,25.118132,121.239997,,,,2014-08-28,2014.0,8.0,28.0
"Trichiurus japonicus Temminck & Schlegel, 1844",2389414,1.0,,,,Egg,PRESENT,ASIA,TW,,,24.939393,121.909455,,,,2014-08-26,2014.0,8.0,26.0
"Trichiurus japonicus Temminck & Schlegel, 1844",2389414,1.0,,,,Egg,PRESENT,ASIA,TW,,,24.939393,121.909455,,,,2014-09-23,2014.0,9.0,23.0
"Trichiurus japonicus Temminck & Schlegel, 1844",2389414,1.0,,,,Egg,PRESENT,ASIA,TW,,,24.939393,121.909455,,,,2014-09-09,2014.0,9.0,9.0
"Trichiurus japonicus Temminck & Schlegel, 1844",2389414,1.0,,,,Egg,PRESENT,ASIA,TW,,,24.939393,121.909455,,,,2014-09-09,2014.0,9.0,9.0
"Trichiurus japonicus Temminck & Schlegel, 1844",2389414,1.0,,,,Egg,PRESENT,ASIA,TW,,,24.939393,121.909455,,,,2014-10-28,2014.0,10.0,28.0
"Trichiurus japonicus Temminck & Schlegel, 1844",2389414,1.0,,,,Egg,PRESENT,ASIA,TW,,,24.939393,121.909455,,,,2014-10-28,2014.0,10.0,28.0
"Trichiurus japonicus Temminck & Schlegel, 1844",2389414,1.0,,,,Egg,PRESENT,ASIA,TW,,,24.939393,121.909455,,,,2014-10-28,2014.0,10.0,28.0
"Trichiurus lepturus Linnaeus, 1758",2389407,,,,,,PRESENT,ASIA,CN,Taiwan,,24.94111,121.90086,,,,2014-11-30,2014.0,11.0,30.0
"Trichiurus lepturus Linnaeus, 1758",2389407,,,,,,PRESENT,ASIA,CN,Taiwan,,24.94111,121.90086,,,,2014-11-30,2014.0,11.0,30.0
"Trichiurus lepturus Linnaeus, 1758",2389407,,,,,,PRESENT,ASIA,CN,Taiwan,,24.94111,121.90086,,,,2014-11-30,2014.0,11.0,30.0
"Trichiurus japonicus Temminck & Schlegel, 1844",2389414,1.0,,,,Egg,PRESENT,ASIA,TW,,,24.939393,121.909455,,,,2014-11-04,2014.0,11.0,4.0
"Trichiurus japonicus Temminck & Schlegel, 1844",2389414,1.0,,,,Egg,PRESENT,ASIA,TW,,,24.939393,121.909455,,,,2014-11-18,2014.0,11.0,18.0
"Trichiurus lepturus Linnaeus, 1758",2389407,,,,,,PRESENT,ASIA,CN,Taiwan,,22.46675,120.43911,,,,2014-12-03,2014.0,12.0,3.0
"Trichiurus lepturus Linnaeus, 1758",2389407,,,,,,PRESENT,ASIA,CN,,,29.97,113.68,,,,2013-07-11,2013.0,7.0,11.0
"Trichiurus lepturus Linnaeus, 1758",2389407,,,,,,PRESENT,ASIA,CN,,,29.97,113.68,,,,2013-07-11,2013.0,7.0,11.0
"Trichiurus lepturus Linnaeus, 1758",2389407,,,,,,PRESENT,ASIA,CN,,,29.97,113.68,,,,2013-07-11,2013.0,7.0,11.0
"Trichiurus lepturus Linnaeus, 1758",2389407,,,,,,PRESENT,ASIA,CN,,,29.97,113.68,,,,2013-07-11,2013.0,7.0,11.0
"Trichiurus lepturus Linnaeus, 1758",2389407,,,,,,PRESENT,ASIA,CN,,,29.97,113.68,,,,2013-07-11,2013.0,7.0,11.0
"Trichiurus japonicus Temminck & Schlegel, 1844",2389414,,,,,Adult,PRESENT,ASIA,JP,Mie Pref.,,34.2823,136.7543,,,,2013-08-21,2013.0,8.0,21.0
"Trichiurus japonicus Temminck & Schlegel, 1844",2389414,,,,Indeterminate,,PRESENT,ASIA,JP,Kagoshima,,31.7,130.716667,,,,2013-08-11,2013.0,8.0,11.0
"Trichiurus japonicus Temminck & Schlegel, 1844",2389414,,,,Indeterminate,,PRESENT,ASIA,JP,Kagoshima,,31.7,130.716667,,,,2013-08-11,2013.0,8.0,11.0
"Trichiurus japonicus Temminck & Schlegel, 1844",2389414,,,,,Adult,PRESENT,ASIA,JP,Mie Pref.,,34.2823,136.7543,,,,2013-11-13,2013.0,11.0,13.0
"Trichiurus japonicus Temminck & Schlegel, 1844",2389414,,,,,Adult,PRESENT,ASIA,JP,Mie Pref.,,34.2823,136.7543,,,,2013-11-27,2013.0,11.0,27.0
"Trichiurus japonicus Temminck & Schlegel, 1844",2389414,,,,,Adult,PRESENT,ASIA,JP,Mie Pref.,,34.2823,136.7543,,,,2013-12-03,2013.0,12.0,3.0
"Trichiurus japonicus Temminck & Schlegel, 1844",2389414,,,,,,PRESENT,ASIA,JP,Miyazaki,,31.535833,131.401111,,,,2013-12-21,2013.0,12.0,21.0
"Trichiurus japonicus Temminck & Schlegel, 1844",2389414,,,,,,PRESENT,ASIA,KR,Jeollanam-do,,34.650025,127.674722,,,,2012-01-10,2012.0,1.0,10.0
"Trichiurus lepturus Linnaeus, 1758",2389407,,,,,,PRESENT,ASIA,IL,,,32.312507,34.820824,,,,2012-02-23,2012.0,2.0,23.0
"Trichiurus lepturus Linnaeus, 1758",2389407,,,,,,PRESENT,ASIA,ZZ,,,16.7418,42.491617,,,,2012-03-01,2012.0,3.0,1.0
"Trichiurus japonicus Temminck & Schlegel, 1844",2389414,,,,,,PRESENT,ASIA,KR,,,33.1885,126.5495,,,,2012-04-16,2012.0,4.0,16.0
"Trichiurus japonicus Temminck & Schlegel, 1844",2389414,,,,,,PRESENT,ASIA,KR,Gyeongsangnam-do,,34.969083,128.8337,,,,2012-06-22,2012.0,6.0,22.0
"Trichiurus japonicus Temminck & Schlegel, 1844",2389414,,,,,,PRESENT,ASIA,JP,Miyazaki,,32.466667,131.683333,,,,2012-07-11,2012.0,7.0,11.0
"Trichiurus lepturus Linnaeus, 1758",2389407,,,,,,PRESENT,ASIA,SG,,Singapore,1.418472,103.928667,,,,2012-10-24,2012.0,10.0,24.0
"Trichiurus lepturus Linnaeus, 1758",2389407,,,,,,PRESENT,ASIA,SG,,Singapore,1.4185,103.9287,,,,2012-10-16,2012.0,10.0,16.0
"Trichiurus japonicus Temminck & Schlegel, 1844",2389414,,,,,,PRESENT,ASIA,JP,Ehime,,33.420757,132.154412,,,,2012-10-01,2012.0,10.0,1.0
"Trichiurus japonicus Temminck & Schlegel, 1844",2389414,,,,,,PRESENT,ASIA,JP,Ehime,,33.420757,132.154412,,,,2012-10-01,2012.0,10.0,1.0
"Trichiurus japonicus Temminck & Schlegel, 1844",2389414,,,,,,PRESENT,ASIA,JP,Miyazaki,,31.535833,131.401111,,,,2012-10-15,2012.0,10.0,15.0
"Trichiurus japonicus Temminck & Schlegel, 1844",2389414,,,,,,PRESENT,ASIA,JP,Miyazaki,,31.535833,131.401111,,,,2012-10-15,2012.0,10.0,15.0
"Trichiurus japonicus Temminck & Schlegel, 1844",2389414,,,,,,PRESENT,ASIA,JP,Miyazaki,,31.535833,131.401111,,,,2012-10-15,2012.0,10.0,15.0
"Trichiurus japonicus Temminck & Schlegel, 1844",2389414,,,,,,PRESENT,ASIA,JP,Miyazaki,,31.535833,131.401111,,,,2012-10-15,2012.0,10.0,15.0
"Trichiurus japonicus Temminck & Schlegel, 1844",2389414,,,,,,PRESENT,ASIA,JP,Miyazaki,,31.535833,131.401111,,,,2012-10-15,2012.0,10.0,15.0
"Trichiurus japonicus Temminck & Schlegel, 1844",2389414,,,,,,PRESENT,ASIA,JP,Miyazaki,,31.535833,131.401111,,,,2012-10-15,2012.0,10.0,15.0
"Trichiurus lepturus Linnaeus, 1758",2389407,,,,,,PRESENT,ASIA,LK,Southern Province,,6.166667,80.333333,,,,2011-03-06,2011.0,3.0,6.0
"Trichiurus lepturus Linnaeus, 1758",2389407,,,,,,PRESENT,ASIA,IL,,,32.271418,34.812155,,,,2011-03-19,2011.0,3.0,19.0
"Trichiurus lepturus Linnaeus, 1758",2389407,1.0,,,,,PRESENT,ASIA,PH,Metro Manila,Luzon,14.6193,121.052,,,,2011-05-23,2011.0,5.0,23.0
"Trichiurus lepturus Linnaeus, 1758",2389407,1.0,,,,,PRESENT,ASIA,PH,Metro Manila,Luzon,14.6193,121.052,,,,2011-05-23,2011.0,5.0,23.0
"Trichiurus lepturus Linnaeus, 1758",2389407,1.0,,,,,PRESENT,ASIA,PH,Metro Manila,Luzon,14.6193,121.052,,,,2011-05-23,2011.0,5.0,23.0
"Trichiurus japonicus Temminck & Schlegel, 1844",2389414,,,,,,PRESENT,ASIA,KR,Incheon,,37.609722,125.714733,,,,2011-05-05,2011.0,5.0,5.0
"Trichiurus japonicus Temminck & Schlegel, 1844",2389414,,,,,,PRESENT,ASIA,KR,Incheon,,37.661944,125.693747,,,,2011-06-04,2011.0,6.0,4.0
"Trichiurus japonicus Temminck & Schlegel, 1844",2389414,,,,,,PRESENT,ASIA,KR,Gyeongsangbuk-do,,35.05,128.666667,,,,2011-06-13,2011.0,6.0,13.0
"Trichiurus japonicus Temminck & Schlegel, 1844",2389414,,,,,,PRESENT,ASIA,KR,Gyeongsangnam-do,,34.711097,127.991575,,,,2011-06-11,2011.0,6.0,11.0
"Trichiurus japonicus Temminck & Schlegel, 1844",2389414,,,,,,PRESENT,ASIA,KR,Gyeongsangnam-do,,34.711097,127.991575,,,,2011-06-10,2011.0,6.0,10.0
"Trichiurus japonicus Temminck & Schlegel, 1844",2389414,,,,,,PRESENT,ASIA,KR,Incheon,,37.398467,126.74025,,,,2011-06-20,2011.0,6.0,20.0
"Trichiurus japonicus Temminck & Schlegel, 1844",2389414,,,,,,PRESENT,ASIA,KR,Incheon,,37.661944,125.693747,,,,2011-07-05,2011.0,7.0,5.0
"Trichiurus japonicus Temminck & Schlegel, 1844",2389414,,,,,,PRESENT,ASIA,KR,Gyeonggi-do,,37.968889,124.741586,,,,2011-07-14,2011.0,7.0,14.0
"Trichiurus japonicus Temminck & Schlegel, 1844",2389414,,,,,,PRESENT,ASIA,KR,Busan,,35.206667,129.220333,,,,2011-07-02,2011.0,7.0,2.0
"Trichiurus japonicus Temminck & Schlegel, 1844",2389414,,,,,,PRESENT,ASIA,KR,Jeollanam-do,,34.775333,127.487333,,,,2011-07-19,2011.0,7.0,19.0
"Trichiurus japonicus Temminck & Schlegel, 1844",2389414,,,,,,PRESENT,ASIA,KR,Jeju-do,,33.2075,126.567778,,,,2011-08-17,2011.0,8.0,17.0
"Trichiurus japonicus Temminck & Schlegel, 1844",2389414,,,,,,PRESENT,ASIA,KR,Gyeongsangnam-do,,34.685833,127.9725,,,,2011-08-30,2011.0,8.0,30.0
"Trichiurus japonicus Temminck & Schlegel, 1844",2389414,,,,,,PRESENT,ASIA,KR,Gyeongsangnam-do,,34.698333,127.961111,,,,2011-08-31,2011.0,8.0,31.0
"Trichiurus japonicus Temminck & Schlegel, 1844",2389414,,,,,,PRESENT,ASIA,KR,Jeollanam-do,,34.442222,126.76,,,,2011-08-31,2011.0,8.0,31.0
"Trichiurus japonicus Temminck & Schlegel, 1844",2389414,,,,,,PRESENT,ASIA,KR,Jeollanam-do,,34.491833,127.758,,,,2011-08-04,2011.0,8.0,4.0
"Trichiurus japonicus Temminck & Schlegel, 1844",2389414,,,,,,PRESENT,ASIA,KR,Jeollanam-do,,34.269833,126.109167,,,,2011-08-08,2011.0,8.0,8.0
"Trichiurus japonicus Temminck & Schlegel, 1844",2389414,,,,,,PRESENT,ASIA,KR,Jeollanam-do,,34.3575,126.2875,,,,2011-08-08,2011.0,8.0,8.0
"Trichiurus japonicus Temminck & Schlegel, 1844",2389414,,,,,,PRESENT,ASIA,KR,Jeollanam-do,,34.298333,126.119,,,,2011-08-08,2011.0,8.0,8.0
"Trichiurus lepturus Linnaeus, 1758",2389407,,,,,,PRESENT,ASIA,IL,,,32.836143,35.027246,,,,2011-08-31,2011.0,8.0,31.0
"Trichiurus japonicus Temminck & Schlegel, 1844",2389414,,,,,,PRESENT,ASIA,KR,Jeju-do,,33.477767,126.273236,,,,2011-09-29,2011.0,9.0,29.0
"Trichiurus japonicus Temminck & Schlegel, 1844",2389414,,,,,,PRESENT,ASIA,KR,Jeollanam-do,,34.675186,127.821219,,,,2011-09-27,2011.0,9.0,27.0
"Trichiurus japonicus Temminck & Schlegel, 1844",2389414,,,,,,PRESENT,ASIA,KR,Jeollanam-do,,34.675186,127.821219,,,,2011-09-27,2011.0,9.0,27.0
"Trichiurus japonicus Temminck & Schlegel, 1844",2389414,,,,,,PRESENT,ASIA,KR,Jeollanam-do,,34.675186,127.821219,,,,2011-09-27,2011.0,9.0,27.0
"Trichiurus japonicus Temminck & Schlegel, 1844",2389414,,,,,,PRESENT,ASIA,KR,Jeollanam-do,,34.675186,127.821219,,,,2011-09-27,2011.0,9.0,27.0
"Trichiurus japonicus Temminck & Schlegel, 1844",2389414,,,,,,PRESENT,ASIA,KR,Jeollanam-do,,34.675186,127.821219,,,,2011-09-14,2011.0,9.0,14.0
"Trichiurus japonicus Temminck & Schlegel, 1844",2389414,,,,,,PRESENT,ASIA,KR,Jeollanam-do,,34.675186,127.821219,,,,2011-09-14,2011.0,9.0,14.0
"Trichiurus japonicus Temminck & Schlegel, 1844",2389414,,,,,,PRESENT,ASIA,KR,Jeollanam-do,,34.675186,127.821219,,,,2011-09-14,2011.0,9.0,14.0
"Trichiurus japonicus Temminck & Schlegel, 1844",2389414,,,,,,PRESENT,ASIA,KR,Jeollanam-do,,34.675186,127.821219,,,,2011-09-14,2011.0,9.0,14.0
"Trichiurus japonicus Temminck & Schlegel, 1844",2389414,,,,,,PRESENT,ASIA,KR,Jeollanam-do,,34.675186,127.821219,,,,2011-09-14,2011.0,9.0,14.0
"Trichiurus japonicus Temminck & Schlegel, 1844",2389414,,,,,,PRESENT,ASIA,KR,Jeollanam-do,,34.675186,127.821219,,,,2011-09-27,2011.0,9.0,27.0
"Trichiurus japonicus Temminck & Schlegel, 1844",2389414,,,,,,PRESENT,ASIA,KR,Jeollanam-do,,34.675186,127.821219,,,,2011-09-27,2011.0,9.0,27.0
"Trichiurus japonicus Temminck & Schlegel, 1844",2389414,,,,,,PRESENT,ASIA,KR,Jeollanam-do,,34.675186,127.821219,,,,2011-09-27,2011.0,9.0,27.0
"Trichiurus japonicus Temminck & Schlegel, 1844",2389414,,,,,,PRESENT,ASIA,KR,Jeollanam-do,,34.675186,127.821219,,,,2011-09-27,2011.0,9.0,27.0
"Trichiurus japonicus Temminck & Schlegel, 1844",2389414,,,,,,PRESENT,ASIA,KR,Jeollanam-do,,34.675186,127.821219,,,,2011-09-14,2011.0,9.0,14.0
"Trichiurus japonicus Temminck & Schlegel, 1844",2389414,,,,,,PRESENT,ASIA,KR,Jeollanam-do,,34.675186,127.821219,,,,2011-09-14,2011.0,9.0,14.0
"Trichiurus japonicus Temminck & Schlegel, 1844",2389414,,,,,,PRESENT,ASIA,KR,Jeollanam-do,,34.675186,127.821219,,,,2011-09-14,2011.0,9.0,14.0
"Trichiurus japonicus Temminck & Schlegel, 1844",2389414,,,,,,PRESENT,ASIA,KR,Jeollanam-do,,34.675186,127.821219,,,,2011-09-14,2011.0,9.0,14.0
"Trichiurus japonicus Temminck & Schlegel, 1844",2389414,,,,,,PRESENT,ASIA,KR,Jeollanam-do,,34.675186,127.821219,,,,2011-09-14,2011.0,9.0,14.0
"Trichiurus japonicus Temminck & Schlegel, 1844",2389414,,,,,,PRESENT,ASIA,KR,Jeollanam-do,,34.675186,127.821219,,,,2011-09-14,2011.0,9.0,14.0
"Trichiurus japonicus Temminck & Schlegel, 1844",2389414,,,,,,PRESENT,ASIA,KR,Jeollanam-do,,34.512778,126.774722,,,,2011-09-02,2011.0,9.0,2.0
"Trichiurus japonicus Temminck & Schlegel, 1844",2389414,,,,,,PRESENT,ASIA,KR,Jeollanam-do,,34.743833,127.521167,,,,2011-09-16,2011.0,9.0,16.0
"Trichiurus japonicus Temminck & Schlegel, 1844",2389414,,,,,,PRESENT,ASIA,JP,Miyazaki,,32.466667,131.683333,,,,2011-09-19,2011.0,9.0,19.0
"Trichiurus japonicus Temminck & Schlegel, 1844",2389414,,,,,,PRESENT,ASIA,KR,Jeju-do,,33.477767,126.273236,,,,2011-10-18,2011.0,10.0,18.0
"Trichiurus japonicus Temminck & Schlegel, 1844",2389414,,,,,,PRESENT,ASIA,KR,Gyeonggi-do,,37.968889,124.741586,,,,2011-10-12,2011.0,10.0,12.0
"Trichiurus japonicus Temminck & Schlegel, 1844",2389414,,,,,,PRESENT,ASIA,KR,Jeollanam-do,,34.675186,127.821219,,,,2011-10-07,2011.0,10.0,7.0
"Trichiurus japonicus Temminck & Schlegel, 1844",2389414,,,,,,PRESENT,ASIA,KR,Jeollanam-do,,34.675186,127.821219,,,,2011-10-07,2011.0,10.0,7.0
"Trichiurus japonicus Temminck & Schlegel, 1844",2389414,,,,,,PRESENT,ASIA,KR,Jeollanam-do,,34.675186,127.821219,,,,2011-10-07,2011.0,10.0,7.0
"Trichiurus japonicus Temminck & Schlegel, 1844",2389414,,,,,,PRESENT,ASIA,KR,Jeollanam-do,,34.675186,127.821219,,,,2011-10-07,2011.0,10.0,7.0
"Trichiurus japonicus Temminck & Schlegel, 1844",2389414,,,,,,PRESENT,ASIA,KR,Jeollanam-do,,34.675186,127.821219,,,,2011-10-07,2011.0,10.0,7.0
"Trichiurus japonicus Temminck & Schlegel, 1844",2389414,,,,,,PRESENT,ASIA,KR,Jeollanam-do,,34.675186,127.821219,,,,2011-10-07,2011.0,10.0,7.0
"Trichiurus japonicus Temminck & Schlegel, 1844",2389414,,,,,,PRESENT,ASIA,KR,Jeollanam-do,,34.675186,127.821219,,,,2011-10-07,2011.0,10.0,7.0
"Trichiurus japonicus Temminck & Schlegel, 1844",2389414,,,,,,PRESENT,ASIA,KR,Jeollanam-do,,34.675186,127.821219,,,,2011-10-07,2011.0,10.0,7.0
"Trichiurus japonicus Temminck & Schlegel, 1844",2389414,,,,,,PRESENT,ASIA,KR,Jeollanam-do,,34.675186,127.821219,,,,2011-10-07,2011.0,10.0,7.0
"Trichiurus japonicus Temminck & Schlegel, 1844",2389414,,,,,,PRESENT,ASIA,KR,Gyeongsangnam-do,,34.668611,128.594722,,,,2011-10-19,2011.0,10.0,19.0
"Trichiurus japonicus Temminck & Schlegel, 1844",2389414,,,,,,PRESENT,ASIA,KR,Gyeongsangnam-do,,35.009,128.604167,,,,2011-10-31,2011.0,10.0,31.0
"Trichiurus japonicus Temminck & Schlegel, 1844",2389414,,,,,,PRESENT,ASIA,KR,Jeollanam-do,,34.743833,127.521167,,,,2011-10-18,2011.0,10.0,18.0
"Trichiurus japonicus Temminck & Schlegel, 1844",2389414,,,,,,PRESENT,ASIA,KR,Jeju-do,,33.256667,126.198333,,,,2011-10-04,2011.0,10.0,4.0
"Trichiurus japonicus Temminck & Schlegel, 1844",2389414,,,,,,PRESENT,ASIA,KR,Jeollanam-do,,35.412697,126.423592,,,,2011-11-02,2011.0,11.0,2.0
"Trichiurus japonicus Temminck & Schlegel, 1844",2389414,,,,,,PRESENT,ASIA,KR,Busan,,35.206667,129.220333,,,,2011-11-17,2011.0,11.0,17.0
"Trichiurus japonicus Temminck & Schlegel, 1844",2389414,,,,,,PRESENT,ASIA,KR,Gyeongsangnam-do,,34.669444,128.538056,,,,2011-11-15,2011.0,11.0,15.0
"Trichiurus japonicus Temminck & Schlegel, 1844",2389414,,,,,,PRESENT,ASIA,KR,Jeollanam-do,,34.491833,127.758,,,,2011-11-08,2011.0,11.0,8.0
"Trichiurus japonicus Temminck & Schlegel, 1844",2389414,,,,,,PRESENT,ASIA,KR,Busan,,33.317367,129.801,,,,2011-12-18,2011.0,12.0,18.0
"Trichiurus lepturus Linnaeus, 1758",2389407,,,,,,PRESENT,ASIA,VN,,,12.335278,109.203611,,,,2010-01-22,2010.0,1.0,22.0
"Trichiurus lepturus Linnaeus, 1758",2389407,,,,,,PRESENT,ASIA,VN,,,10.93575,108.129611,,,,2010-01-27,2010.0,1.0,27.0
BOLD:ACP1370,10152751,,,,,,PRESENT,ASIA,PS,,,31.513542,35.027924,,,,2010-01-14,2010.0,1.0,14.0
BOLD:AAB0171,10642633,,,,,,PRESENT,ASIA,ID,Jawa Barat,,-7.03333,106.533,,,,2010-03-20,2010.0,3.0,20.0
BOLD:AAB0171,10642633,,,,,,PRESENT,ASIA,ID,Jawa Barat,,-7.03333,106.533,,,,2010-03-20,2010.0,3.0,20.0
"Trichiurus lepturus Linnaeus, 1758",2389407,,,,,,PRESENT,ASIA,ID,,,-7.03,106.53,,,,2010-03-20,2010.0,3.0,20.0
"Trichiurus lepturus Linnaeus, 1758",2389407,,,,,,PRESENT,ASIA,ID,,,-7.03,106.53,,,,2010-03-20,2010.0,3.0,20.0
"Trichiurus lepturus Linnaeus, 1758",2389407,,,,,,PRESENT,ASIA,TW,,,22.47,120.43,,,,2010-06-14,2010.0,6.0,14.0
"Trichiurus lepturus Linnaeus, 1758",2389407,,,,,,PRESENT,ASIA,IL,,,33.083901,35.085182,,,,2010-07-28,2010.0,7.0,28.0
"Trichiurus lepturus Linnaeus, 1758",2389407,,,,,,PRESENT,ASIA,ID,,,-7.03,106.53,,,,2010-08-10,2010.0,8.0,10.0
"Trichiurus lepturus Linnaeus, 1758",2389407,,,,,,PRESENT,ASIA,ID,,,-7.03,106.53,,,,2010-08-10,2010.0,8.0,10.0
"Trichiurus japonicus Temminck & Schlegel, 1844",2389414,,,,,,PRESENT,ASIA,JP,Miyazaki,,32.466667,131.683333,,,,2010-08-01,2010.0,8.0,1.0
"Trichiurus lepturus Linnaeus, 1758",2389407,,,,,,PRESENT,ASIA,IL,,,32.537222,34.883394,,,,2010-08-19,2010.0,8.0,19.0
"Trichiurus japonicus Temminck & Schlegel, 1844",2389414,,,,Indeterminate,,PRESENT,ASIA,JP,Kagoshima,,31.277222,130.671667,,,,2009-01-14,2009.0,1.0,14.0
"Trichiurus japonicus Temminck & Schlegel, 1844",2389414,1.0,,,,Adult,PRESENT,ASIA,JP,,,31.27722,130.67167,,,,2009-02-25,2009.0,2.0,25.0
"Trichiurus japonicus Temminck & Schlegel, 1844",2389414,2.0,,,,Adult,PRESENT,ASIA,JP,,,31.27722,130.67167,,,,2009-02-12,2009.0,2.0,12.0
"Trichiurus japonicus Temminck & Schlegel, 1844",2389414,,,,Indeterminate,,PRESENT,ASIA,JP,Kagoshima,,31.277222,130.671667,,,,2009-02-04,2009.0,2.0,4.0
BOLD:AAB0171,10642633,,,,,,PRESENT,ASIA,ID,Jawa Timur,,-8.18333,110.783,,,,2009-03-06,2009.0,3.0,6.0
"Trichiurus lepturus Linnaeus, 1758",2389407,,,,,,PRESENT,ASIA,ID,,,-8.18,110.78,,,,2009-03-06,2009.0,3.0,6.0
"Trichiurus lepturus Linnaeus, 1758",2389407,,,,,,PRESENT,ASIA,ZZ,,,26.66825,49.975217,,,,2009-04-12,2009.0,4.0,12.0
"Trichiurus lepturus Linnaeus, 1758",2389407,,,,,,PRESENT,ASIA,IL,,,32.836143,35.027246,,,,2009-07-21,2009.0,7.0,21.0
"Trichiurus lepturus Linnaeus, 1758",2389407,,,,,,PRESENT,ASIA,IL,,,32.836143,35.027246,,,,2009-08-13,2009.0,8.0,13.0
"Trichiurus lepturus Linnaeus, 1758",2389407,,,,,,PRESENT,ASIA,ID,,,-7.03,106.53,,,,2009-10-10,2009.0,10.0,10.0
"Trichiurus japonicus Temminck & Schlegel, 1844",2389414,,,,,,PRESENT,ASIA,JP,Miyazaki,,32.466667,131.683333,,,,2009-12-08,2009.0,12.0,8.0
"Trichiurus japonicus Temminck & Schlegel, 1844",2389414,,,,,,PRESENT,ASIA,JP,Miyazaki,,32.466667,131.683333,,,,2009-12-08,2009.0,12.0,8.0
"Trichiurus lepturus Linnaeus, 1758",2389407,,,,,,PRESENT,ASIA,ZZ,,,26.572283,55.39875,,,,2009,2009.0,,
"Trichiurus lepturus Linnaeus, 1758",2389407,,,,,,PRESENT,ASIA,ZZ,,,26.572283,55.39875,,,,2009,2009.0,,
"Trichiurus lepturus Linnaeus, 1758",2389407,1.0,,,,,PRESENT,ASIA,TW,Yilan,,24.94111,121.90086,,,,2009,2009.0,,
"Trichiurus japonicus Temminck & Schlegel, 1844",2389414,,,,Indeterminate,,PRESENT,ASIA,JP,Kagoshima,,31.166667,130.533333,,,,2008-06-18,2008.0,6.0,18.0
BOLD:AAB0171,10642633,,,,,,PRESENT,ASIA,ID,Jawa Timur,,-8.21667,111.067,,,,2008-07-03,2008.0,7.0,3.0
"Trichiurus japonicus Temminck & Schlegel, 1844",2389414,,,,Indeterminate,,PRESENT,ASIA,JP,Kagoshima,,31.283333,131.083333,,,,2008-07-20,2008.0,7.0,20.0
"Trichiurus japonicus Temminck & Schlegel, 1844",2389414,,,,Indeterminate,,PRESENT,ASIA,JP,Kagoshima,,31.277222,130.671667,,,,2008-07-23,2008.0,7.0,23.0
"Trichiurus lepturus Linnaeus, 1758",2389407,,,,,,PRESENT,ASIA,ID,,,-8.22,111.07,,,,2008-07-03,2008.0,7.0,3.0
"Trichiurus lepturus Linnaeus, 1758",2389407,,,,,,PRESENT,ASIA,ID,Jawa Timur,,-8.21667,111.067,,,,2008-07-03,2008.0,7.0,3.0
"Trichiurus japonicus Temminck & Schlegel, 1844",2389414,,,,,,PRESENT,ASIA,TW,,,22.01,120.74,,,,2008-11-05,2008.0,11.0,5.0
"Trichiurus lepturus Linnaeus, 1758",2389407,,,,,,PRESENT,ASIA,IL,,,32.836143,35.027246,,,,2008-11-04,2008.0,11.0,4.0
"Trichiurus lepturus Linnaeus, 1758",2389407,,,,,,PRESENT,ASIA,IL,,,32.427916,34.853096,,,,2008-11-04,2008.0,11.0,4.0
