fish_type,genus,decimalLatitude,decimalLongitude,eventDate,occurrenceStatus,source
Ca Trich,Clupea,-9.4461709,46.2109879,2023-04-24T04:55:32Z,1.0,obis
Ca Trich,Clupea,8.8481,119.932083,2023-04-14,1.0,obis
Ca Trich,Clupea,8.804517,119.825967,2023-04-15,1.0,obis
Ca Trich,Clupea,-9.3695186,46.450737,2023-03-27T05:23:53Z,1.0,obis
Ca Trich,Clupea,21.7565804,89.2230583,2023-01-08,1.0,obis
Ca Trich,Clupea,-9.4011713,46.2057637,2023-04-23,1.0,obis
Ca Trich,Clupea,8.671417,119.82565,2023-04-15,1.0,obis
Ca Trich,Clupea,8.893767,119.90955,2023-04-14,1.0,obis
Ca Trich,Clupea,-9.400901,46.206047,2023-04-02T10:43:31Z,1.0,obis
Ca Trich,Clupea,8.893767,119.90955,2023-04-14,1.0,obis
Ca Trich,Clupea,8.77905,119.816383,2023-04-15,1.0,obis
Ca Trich,Clupea,21.7565804,89.2230583,2023-01-08,1.0,obis
Ca Trich,Clupea,21.7549458,89.2837655,2023-01-09,1.0,obis
Ca Trich,Clupea,-9.42518,46.2253634,2023-04-24T06:49:41Z,1.0,obis
Ca Trich,Clupea,21.703926,89.2610127,2023-01-09,1.0,obis
Ca Trich,Clupea,8.8481,119.932083,2023-04-14,1.0,obis
Ca Trich,Clupea,8.671417,119.82565,2023-04-15,1.0,obis
Ca Trich,Clupea,8.893767,119.90955,2023-04-14,1.0,obis
Ca Trich,Clupea,8.804517,119.825967,2023-04-15,1.0,obis
Ca Trich,Clupea,-9.4461709,46.2109879,2023-04-24T04:55:32Z,1.0,obis
Ca Trich,Clupea,21.7565804,89.2230174,2023-01-08,1.0,obis
Ca Trich,Clupea,21.7565804,89.2230174,2023-01-08,1.0,obis
Ca Trich,Clupea,12.672825,54.197331,2023-07-03,1.0,obis
Ca Trich,Clupea,-9.4461709,46.2109879,2023-04-24T04:55:32Z,1.0,obis
Ca Trich,Clupea,37.15689722,129.6939667,2023-10-07,1.0,obis
Ca Trich,Clupea,21.703926,89.2610127,2023-01-09,1.0,obis
Ca Trich,Clupea,-9.42518,46.2253634,2023-04-24T06:47:10Z,1.0,obis
Ca Trich,Clupea,8.8481,119.932083,2023-04-14,1.0,obis
Ca Trich,Clupea,-9.4011713,46.2057637,2023-04-23,1.0,obis
Ca Trich,Clupea,12.602461,54.346147,2023-07-03,1.0,obis
Ca Trich,Clupea,8.8481,119.932083,2023-04-14,1.0,obis
Ca Trich,Clupea,36.40988333,129.8276167,2024-09-05,1.0,obis
Ca Trich,Clupea,8.893767,119.90955,2023-04-14,1.0,obis
Ca Trich,Clupea,8.893767,119.90955,2023-04-14,1.0,obis
Ca Trich,Clupea,8.893767,119.90955,2023-04-14,1.0,obis
Ca Trich,Clupea,-9.4011713,46.2057637,2023-04-23,1.0,obis
Ca Trich,Clupea,-9.4461709,46.2109879,2023-04-24T04:51:48Z,1.0,obis
Ca Trich,Clupea,8.77905,119.816383,2023-04-15,1.0,obis
Ca Trich,Clupea,8.893767,119.90955,2023-04-14,1.0,obis
Ca Trich,Clupea,-9.4011713,46.2057637,2023-04-23,1.0,obis
Ca Trich,Clupea,-9.42518,46.2253634,2023-04-24T06:49:41Z,1.0,obis
Ca Trich,Clupea,21.7549458,89.2837655,2023-01-09,1.0,obis
Ca Trich,Clupea,8.8481,119.932083,2023-04-14,1.0,obis
Ca Trich,Clupea,8.671417,119.82565,2023-04-15,1.0,obis
Ca Trich,Clupea,8.893767,119.90955,2023-04-14,1.0,obis
Ca Trich,Clupea,8.893767,119.90955,2023-04-14,1.0,obis
Ca Trich,Clupea,-9.4461709,46.2109879,2023-04-24T04:47:27Z,1.0,obis
Ca Trich,Clupea,8.804517,119.825967,2023-04-15,1.0,obis
Ca Trich,Clupea,36.73063889,129.54175,2024-08-18,1.0,obis
Ca Trich,Clupea,-9.3695186,46.450737,2023-03-27T04:59:15Z,1.0,obis
Ca Trich,Clupea,-9.42518,46.2253634,2023-04-24T06:47:10Z,1.0,obis
Ca Trich,Clupea,-9.42518,46.2253634,2023-04-24T06:47:10Z,1.0,obis
Ca Trich,Clupea,-9.42518,46.2253634,2023-04-24T06:49:41Z,1.0,obis
Ca Trich,Clupea,-9.4461709,46.2109879,2023-04-24T04:51:48Z,1.0,obis
Ca Trich,Clupea,-9.4011713,46.2057637,2023-04-23,1.0,obis
Ca Trich,Clupea,12.672825,54.197331,2023-07-03,1.0,obis
Ca Trich,Clupea,8.8481,119.932083,2023-04-14,1.0,obis
Ca Trich,Clupea,-9.4011713,46.2057637,2023-04-23,1.0,obis
Ca Thu,Scomber,35.87805556,129.5188889,2022-07-20,1.0,obis
Ca Thu,Scomber,35.77916667,129.51,2023-10-12,1.0,obis
Ca Thu,Scomber,33.29058333,124.4476611,2020-01-21,1.0,obis
Ca Thu,Scomber,34.37834444,126.3150889,2021-10-15,1.0,obis
Ca Thu,Scomber,34.37834444,126.3150889,2021-10-15,1.0,obis
Ca Ngu,Thunnus,-9.4461709,46.2109879,2023-04-24T04:45:11Z,1.0,obis
Ca Ngu,Thunnus,-9.42518,46.2253634,2023-04-24T06:44:22Z,1.0,obis
Ca Ngu,Thunnus,-9.4461709,46.2109879,2023-04-24T04:55:32Z,1.0,obis
Ca Ngu,Thunnus,25.869853,131.332943,2024-05-05,1.0,obis
Ca Ngu,Thunnus,-9.42518,46.2253634,2023-04-24T06:44:22Z,1.0,obis
Ca Ngu,Thunnus,-9.42518,46.2253634,2023-04-24T06:47:10Z,1.0,obis
Ca Ngu,Thunnus,-9.4461709,46.2109879,2023-04-24T04:45:11Z,1.0,obis
Ca Ngu,Thunnus,8.8481,119.932083,2023-04-14,1.0,obis
Ca Ngu,Thunnus,-9.3695186,46.450737,2023-03-27T04:59:15Z,1.0,obis
Ca Ngu,Thunnus,-9.4461709,46.2109879,2023-04-24T04:47:27Z,1.0,obis
Ca Ngu,Thunnus,-9.4461709,46.2109879,2023-04-24T04:51:48Z,1.0,obis
Ca Ngu,Thunnus,-9.4461709,46.2109879,2023-04-24T04:45:11Z,1.0,obis
Ca Ngu,Thunnus,-9.4461709,46.2109879,2023-04-24T04:45:11Z,1.0,obis
Ca Ngu,Thunnus,-9.4461709,46.2109879,2023-04-24T04:45:11Z,1.0,obis
Ca Ngu,Thunnus,-9.4461709,46.2109879,2023-04-24T04:51:48Z,1.0,obis
Ca Ngu,Thunnus,-9.4461709,46.2109879,2023-04-24T04:51:48Z,1.0,obis
Ca Ngu,Thunnus,-9.3695186,46.450737,2023-03-27T04:59:15Z,1.0,obis
Ca Ngu,Thunnus,-9.42518,46.2253634,2023-04-24T06:49:41Z,1.0,obis
Ca Ngu,Thunnus,-9.3695186,46.450737,2023-03-27T04:37:49Z,1.0,obis
Ca Ngu,Thunnus,-9.42518,46.2253634,2023-04-24T06:49:41Z,1.0,obis
Ca Ngu,Thunnus,25.937317,131.353883,2024-05-08T21:50:00+09:00,1.0,obis
Ca Ngu,Thunnus,-9.4461709,46.2109879,2023-04-24T04:45:11Z,1.0,obis
Ca Ngu,Thunnus,-9.42518,46.2253634,2023-04-24T06:44:22Z,1.0,obis
Ca Ngu,Thunnus,-9.4461709,46.2109879,2023-04-24T04:45:11Z,1.0,obis
Ca Ngu,Thunnus,-9.400901,46.206047,2023-04-02T10:48:42Z,1.0,obis
Ca Ngu,Thunnus,-9.4461709,46.2109879,2023-04-24T04:47:27Z,1.0,obis
Ca Ngu,Thunnus,-9.4011713,46.2057637,2023-04-23,1.0,obis
Ca Ngu,Thunnus,-9.400901,46.206047,2023-04-02T10:43:31Z,1.0,obis
Ca Ngu,Thunnus,-9.4461709,46.2109879,2023-04-24T04:51:48Z,1.0,obis
Ca Ngu,Thunnus,25.868318,131.337948,2024-05-02T22:40:00+09:00,1.0,obis
Ca Ngu,Thunnus,-9.4461709,46.2109879,2023-04-24T04:45:11Z,1.0,obis
Ca Ngu,Thunnus,-9.4461709,46.2109879,2023-04-24T04:51:48Z,1.0,obis
Ca Ngu,Thunnus,-9.4461709,46.2109879,2023-04-24T04:51:48Z,1.0,obis
Ca Ngu,Thunnus,-9.4011713,46.2057637,2023-04-02T12:25:14Z,1.0,obis
Ca Ngu,Thunnus,-9.4461709,46.2109879,2023-04-24T04:51:48Z,1.0,obis
Ca Ngu,Thunnus,25.869853,131.332943,2024-05-05T22:30:00+09:00,1.0,obis
Ca Ngu,Thunnus,-9.42518,46.2253634,2023-04-24T06:47:10Z,1.0,obis
Ca Ngu,Thunnus,-9.4011713,46.2057637,2023-04-23,1.0,obis
Ca Ngu,Thunnus,-9.3695186,46.450737,2023-03-27T04:09:49Z,1.0,obis
Ca Ngu,Thunnus,-9.4461709,46.2109879,2023-04-24T04:51:48Z,1.0,obis
Ca Ngu,Thunnus,-9.4461709,46.2109879,2023-04-24T04:45:11Z,1.0,obis
Ca Ngu,Thunnus,-9.4011713,46.2057637,2023-04-23,1.0,obis
Ca Ngu,Thunnus,-9.400901,46.206047,2023-04-02T10:48:42Z,1.0,obis
Ca Ngu,Thunnus,-9.4011713,46.2057637,2023-04-23,1.0,obis
Ca Ngu,Thunnus,-9.4011713,46.2057637,2023-04-23,1.0,obis
Ca Ngu,Thunnus,-9.3695186,46.450737,2023-03-27T04:59:15Z,1.0,obis
Ca Ngu,Thunnus,-9.4461709,46.2109879,2023-04-24T04:51:48Z,1.0,obis
Ca Ngu,Thunnus,-9.4461709,46.2109879,2023-04-24T04:45:11Z,1.0,obis
Ca Ngu,Thunnus,-9.3695186,46.450737,2023-03-27T04:59:15Z,1.0,obis
Ca Ngu,Thunnus,-9.3695186,46.450737,2023-03-27T04:59:15Z,1.0,obis
Ca Ngu,Thunnus,-9.4461709,46.2109879,2023-04-24T04:45:11Z,1.0,obis
Ca Ngu,Thunnus,-9.4461709,46.2109879,2023-04-24T04:51:48Z,1.0,obis
Ca Ngu,Thunnus,-9.3695186,46.450737,2023-03-27T05:23:53Z,1.0,obis
Ca Ngu,Thunnus,-9.4461709,46.2109879,2023-04-24T04:45:11Z,1.0,obis
Ca Ngu,Thunnus,-9.42518,46.2253634,2023-04-24T06:49:41Z,1.0,obis
Ca Ngu,Thunnus,-9.4461709,46.2109879,2023-04-24T04:51:48Z,1.0,obis
Ca Ngu,Thunnus,-9.4461709,46.2109879,2023-04-24T04:45:11Z,1.0,obis
Ca Ngu,Thunnus,-9.4461709,46.2109879,2023-04-24T04:55:32Z,1.0,obis
Ca Ngu,Thunnus,-9.400901,46.206047,2023-04-02T10:43:31Z,1.0,obis
Ca Ngu,Thunnus,-9.4011713,46.2057637,2023-04-02T12:25:14Z,1.0,obis
Ca Ngu,Thunnus,-9.4461709,46.2109879,2023-04-24T04:45:11Z,1.0,obis
Ca Ngu,Thunnus,-9.4461709,46.2109879,2023-04-24T04:45:11Z,1.0,obis
Ca Ngu,Thunnus,-9.400901,46.206047,2023-04-02T10:43:31Z,1.0,obis
Ca Ngu,Thunnus,-9.400901,46.206047,2023-04-02T10:43:31Z,1.0,obis
Ca Ngu,Thunnus,-9.3695186,46.450737,2023-03-27T04:37:49Z,1.0,obis
Ca Ngu,Thunnus,25.868318,131.337948,2024-05-02T22:40:00+09:00,1.0,obis
Ca Trich,Amblygaster,22.83806,121.189425,2020-03-10,1.0,gbif
Ca Trich,Amblygaster,22.836917,121.189351,2021-06-09,1.0,gbif
Ca Trich,Anodontostoma,5.679,102.7122,2022-01-17,1.0,gbif
Ca Trich,Anodontostoma,5.668,102.735,2023-01-25,1.0,gbif
Ca Trich,Anodontostoma,21.703521,89.261482,2023-01-09,1.0,gbif
Ca Trich,Anodontostoma,21.827841,89.195423,2023-01-08,1.0,gbif
Ca Trich,Anodontostoma,21.703521,89.261482,2023-01-09,1.0,gbif
Ca Trich,Anodontostoma,21.827841,89.195423,2023-01-08,1.0,gbif
Ca Trich,Anodontostoma,21.827841,89.195423,2023-01-08,1.0,gbif
Ca Trich,Anodontostoma,21.827841,89.195423,2023-01-08,1.0,gbif
Ca Trich,Anodontostoma,21.828443,89.195,2023-01-08,1.0,gbif
Ca Trich,Anodontostoma,21.703521,89.261482,2023-01-09,1.0,gbif
Ca Trich,Anodontostoma,21.754752,89.283835,2023-01-09,1.0,gbif
Ca Trich,Anodontostoma,21.827841,89.195423,2023-01-08,1.0,gbif
Ca Trich,Anodontostoma,21.827841,89.195423,2023-01-08,1.0,gbif
Ca Trich,Anodontostoma,21.827841,89.195423,2023-01-08,1.0,gbif
Ca Trich,Anodontostoma,21.828443,89.195,2023-01-08,1.0,gbif
Ca Trich,Anodontostoma,21.703521,89.261482,2023-01-09,1.0,gbif
Ca Trich,Anodontostoma,21.827841,89.195423,2023-01-08,1.0,gbif
Ca Trich,Anodontostoma,21.827841,89.195423,2023-01-08,1.0,gbif
Ca Trich,Anodontostoma,21.827841,89.195423,2023-01-08,1.0,gbif
Ca Trich,Anodontostoma,21.828443,89.195,2023-01-08,1.0,gbif
Ca Trich,Anodontostoma,21.75474,89.283996,2023-01-09,1.0,gbif
Ca Trich,Anodontostoma,21.703926,89.261013,2023-01-09,1.0,gbif
Ca Trich,Anodontostoma,21.703931,89.261001,2023-01-09,1.0,gbif
Ca Trich,Anodontostoma,21.754946,89.283766,2023-01-09,1.0,gbif
Ca Trich,Anodontostoma,21.703917,89.260995,2023-01-09,1.0,gbif
Ca Trich,Anodontostoma,21.793305,89.280875,2023-01-09,1.0,gbif
Ca Trich,Anodontostoma,21.793313,89.281088,2023-01-09,1.0,gbif
Ca Trich,Anodontostoma,21.75658,89.223058,2023-01-08,1.0,gbif
Ca Trich,Anodontostoma,21.703521,89.261482,2023-01-09,1.0,gbif
Ca Trich,Anodontostoma,21.827841,89.195423,2023-01-08,1.0,gbif
Ca Trich,Anodontostoma,21.827841,89.195423,2023-01-08,1.0,gbif
Ca Trich,Anodontostoma,21.827841,89.195423,2023-01-08,1.0,gbif
Ca Trich,Anodontostoma,21.828443,89.195,2023-01-08,1.0,gbif
Ca Trich,Anodontostoma,21.703521,89.261482,2023-01-09,1.0,gbif
Ca Trich,Anodontostoma,21.827841,89.195423,2023-01-08,1.0,gbif
Ca Trich,Anodontostoma,21.827841,89.195423,2023-01-08,1.0,gbif
Ca Trich,Anodontostoma,21.827841,89.195423,2023-01-08,1.0,gbif
Ca Trich,Anodontostoma,21.828443,89.195,2023-01-08,1.0,gbif
Ca Trich,Anodontostoma,21.75474,89.283996,2023-01-09,1.0,gbif
Ca Trich,Anodontostoma,21.703926,89.261013,2023-01-09,1.0,gbif
Ca Trich,Anodontostoma,21.703931,89.261001,2023-01-09,1.0,gbif
Ca Trich,Anodontostoma,21.754946,89.283766,2023-01-09,1.0,gbif
Ca Trich,Anodontostoma,21.703917,89.260995,2023-01-09,1.0,gbif
Ca Trich,Anodontostoma,21.793305,89.280875,2023-01-09,1.0,gbif
Ca Trich,Anodontostoma,21.75658,89.223058,2023-01-08,1.0,gbif
Ca Trich,Anodontostoma,21.703926,89.261013,2023-01-09,1.0,gbif
Ca Trich,Anodontostoma,21.703917,89.260995,2023-01-09,1.0,gbif
Ca Trich,Anodontostoma,21.793305,89.280875,2023-01-09,1.0,gbif
Ca Trich,Anodontostoma,21.703521,89.261482,2023-01-09,1.0,gbif
Ca Trich,Anodontostoma,21.827841,89.195423,2023-01-08,1.0,gbif
Ca Trich,Anodontostoma,21.828443,89.195,2023-01-08,1.0,gbif
Ca Trich,Anodontostoma,21.703521,89.261482,2023-01-09,1.0,gbif
Ca Trich,Anodontostoma,21.703926,89.261013,2023-01-09,1.0,gbif
Ca Trich,Anodontostoma,21.703931,89.261001,2023-01-09,1.0,gbif
Ca Trich,Anodontostoma,21.754946,89.283766,2023-01-09,1.0,gbif
Ca Trich,Anodontostoma,21.827841,89.195423,2023-01-08,1.0,gbif
Ca Trich,Anodontostoma,21.827841,89.195423,2023-01-08,1.0,gbif
Ca Trich,Anodontostoma,21.827841,89.195423,2023-01-08,1.0,gbif
Ca Trich,Anodontostoma,21.703917,89.260995,2023-01-09,1.0,gbif
Ca Trich,Anodontostoma,21.793305,89.280875,2023-01-09,1.0,gbif
Ca Trich,Anodontostoma,21.828443,89.195,2023-01-08,1.0,gbif
Ca Trich,Anodontostoma,21.703926,89.261013,2023-01-09,1.0,gbif
Ca Trich,Anodontostoma,21.703931,89.261001,2023-01-09,1.0,gbif
Ca Trich,Anodontostoma,21.754946,89.283766,2023-01-09,1.0,gbif
Ca Trich,Anodontostoma,21.703917,89.260995,2023-01-09,1.0,gbif
Ca Trich,Anodontostoma,21.793305,89.280875,2023-01-09,1.0,gbif
Ca Trich,Anodontostoma,21.75474,89.283996,2023-01-09,1.0,gbif
Ca Trich,Anodontostoma,21.703926,89.261013,2023-01-09,1.0,gbif
Ca Trich,Anodontostoma,21.703931,89.261001,2023-01-09,1.0,gbif
Ca Trich,Anodontostoma,21.754946,89.283766,2023-01-09,1.0,gbif
Ca Trich,Anodontostoma,21.703917,89.260995,2023-01-09,1.0,gbif
Ca Trich,Anodontostoma,21.793305,89.280875,2023-01-09,1.0,gbif
Ca Trich,Anodontostoma,21.793313,89.281088,2023-01-09,1.0,gbif
Ca Trich,Anodontostoma,21.75658,89.223058,2023-01-08,1.0,gbif
Ca Trich,Anodontostoma,21.703521,89.261482,2023-01-09,1.0,gbif
Ca Trich,Anodontostoma,21.754752,89.283835,2023-01-09,1.0,gbif
Ca Trich,Anodontostoma,21.827841,89.195423,2023-01-08,1.0,gbif
Ca Trich,Anodontostoma,21.827841,89.195423,2023-01-08,1.0,gbif
Ca Trich,Anodontostoma,21.828443,89.195,2023-01-08,1.0,gbif
Ca Trich,Anodontostoma,21.75474,89.283996,2023-01-09,1.0,gbif
Ca Trich,Anodontostoma,21.703926,89.261013,2023-01-09,1.0,gbif
Ca Trich,Anodontostoma,21.703931,89.261001,2023-01-09,1.0,gbif
Ca Trich,Anodontostoma,21.754946,89.283766,2023-01-09,1.0,gbif
Ca Trich,Anodontostoma,21.793305,89.280875,2023-01-09,1.0,gbif
Ca Trich,Anodontostoma,21.75474,89.283996,2023-01-09,1.0,gbif
Ca Trich,Anodontostoma,21.703926,89.261013,2023-01-09,1.0,gbif
Ca Trich,Anodontostoma,21.703931,89.261001,2023-01-09,1.0,gbif
Ca Trich,Anodontostoma,21.754946,89.283766,2023-01-09,1.0,gbif
Ca Trich,Anodontostoma,21.793305,89.280875,2023-01-09,1.0,gbif
Ca Trich,Anodontostoma,21.828443,89.195,2023-01-08,1.0,gbif
Ca Trich,Anodontostoma,21.703926,89.261013,2023-01-09,1.0,gbif
Ca Trich,Anodontostoma,21.703926,89.261013,2023-01-09,1.0,gbif
Ca Trich,Anodontostoma,21.703931,89.261001,2023-01-09,1.0,gbif
Ca Trich,Anodontostoma,21.703931,89.261001,2023-01-09,1.0,gbif
Ca Trich,Anodontostoma,21.793305,89.280875,2023-01-09,1.0,gbif
Ca Trich,Anodontostoma,21.793305,89.280875,2023-01-09,1.0,gbif
Ca Trich,Anodontostoma,21.75474,89.283996,2023-01-09,1.0,gbif
Ca Trich,Anodontostoma,21.703926,89.261013,2023-01-09,1.0,gbif
Ca Trich,Anodontostoma,21.703931,89.261001,2023-01-09,1.0,gbif
Ca Trich,Anodontostoma,21.754946,89.283766,2023-01-09,1.0,gbif
Ca Trich,Anodontostoma,21.703917,89.260995,2023-01-09,1.0,gbif
Ca Trich,Anodontostoma,21.793305,89.280875,2023-01-09,1.0,gbif
Ca Trich,Anodontostoma,21.793313,89.281088,2023-01-09,1.0,gbif
Ca Trich,Anodontostoma,21.75658,89.223058,2023-01-08,1.0,gbif
Ca Trich,Anodontostoma,21.75474,89.283996,2023-01-09,1.0,gbif
Ca Trich,Anodontostoma,21.703926,89.261013,2023-01-09,1.0,gbif
Ca Trich,Anodontostoma,21.703931,89.261001,2023-01-09,1.0,gbif
Ca Trich,Anodontostoma,21.754946,89.283766,2023-01-09,1.0,gbif
Ca Trich,Anodontostoma,21.703917,89.260995,2023-01-09,1.0,gbif
Ca Trich,Anodontostoma,21.793305,89.280875,2023-01-09,1.0,gbif
Ca Trich,Anodontostoma,21.793313,89.281088,2023-01-09,1.0,gbif
Ca Trich,Anodontostoma,21.75658,89.223058,2023-01-08,1.0,gbif
Ca Trich,Anodontostoma,21.703521,89.261482,2023-01-09,1.0,gbif
Ca Trich,Anodontostoma,21.827841,89.195423,2023-01-08,1.0,gbif
Ca Trich,Anodontostoma,21.827841,89.195423,2023-01-08,1.0,gbif
Ca Trich,Anodontostoma,21.827841,89.195423,2023-01-08,1.0,gbif
Ca Trich,Anodontostoma,21.828443,89.195,2023-01-08,1.0,gbif
Ca Trich,Anodontostoma,21.703926,89.261013,2023-01-09,1.0,gbif
Ca Trich,Anodontostoma,21.703931,89.261001,2023-01-09,1.0,gbif
Ca Trich,Anodontostoma,21.793305,89.280875,2023-01-09,1.0,gbif
Ca Trich,Anodontostoma,21.75658,89.223058,2023-01-08,1.0,gbif
Ca Trich,Anodontostoma,21.703926,89.261013,2023-01-09,1.0,gbif
Ca Trich,Anodontostoma,21.703931,89.261001,2023-01-09,1.0,gbif
Ca Trich,Anodontostoma,21.793305,89.280875,2023-01-09,1.0,gbif
Ca Trich,Anodontostoma,21.75658,89.223058,2023-01-08,1.0,gbif
Ca Trich,Anodontostoma,21.703926,89.261013,2023-01-09,1.0,gbif
Ca Trich,Anodontostoma,21.703931,89.261001,2023-01-09,1.0,gbif
Ca Trich,Anodontostoma,21.754946,89.283766,2023-01-09,1.0,gbif
Ca Trich,Anodontostoma,21.703917,89.260995,2023-01-09,1.0,gbif
Ca Trich,Anodontostoma,21.793305,89.280875,2023-01-09,1.0,gbif
Ca Trich,Anodontostoma,21.703926,89.261013,2023-01-09,1.0,gbif
Ca Trich,Anodontostoma,21.703931,89.261001,2023-01-09,1.0,gbif
Ca Trich,Anodontostoma,21.754946,89.283766,2023-01-09,1.0,gbif
Ca Trich,Anodontostoma,21.703917,89.260995,2023-01-09,1.0,gbif
Ca Trich,Anodontostoma,21.793305,89.280875,2023-01-09,1.0,gbif
Ca Trich,Anodontostoma,21.703521,89.261482,2023-01-09,1.0,gbif
Ca Trich,Anodontostoma,21.827841,89.195423,2023-01-08,1.0,gbif
Ca Trich,Anodontostoma,21.827841,89.195423,2023-01-08,1.0,gbif
Ca Trich,Anodontostoma,21.827841,89.195423,2023-01-08,1.0,gbif
Ca Trich,Anodontostoma,21.828443,89.195,2023-01-08,1.0,gbif
Ca Trich,Anodontostoma,21.75474,89.283996,2023-01-09,1.0,gbif
Ca Trich,Anodontostoma,21.703926,89.261013,2023-01-09,1.0,gbif
Ca Trich,Anodontostoma,21.703931,89.261001,2023-01-09,1.0,gbif
Ca Trich,Anodontostoma,21.754946,89.283766,2023-01-09,1.0,gbif
Ca Trich,Anodontostoma,21.703917,89.260995,2023-01-09,1.0,gbif
Ca Trich,Anodontostoma,21.793305,89.280875,2023-01-09,1.0,gbif
Ca Trich,Anodontostoma,21.793313,89.281088,2023-01-09,1.0,gbif
Ca Trich,Anodontostoma,21.75658,89.223058,2023-01-08,1.0,gbif
Ca Trich,Anodontostoma,21.703926,89.261013,2023-01-09,1.0,gbif
Ca Trich,Anodontostoma,21.703931,89.261001,2023-01-09,1.0,gbif
Ca Trich,Anodontostoma,21.754946,89.283766,2023-01-09,1.0,gbif
Ca Trich,Anodontostoma,21.703917,89.260995,2023-01-09,1.0,gbif
Ca Trich,Anodontostoma,21.793305,89.280875,2023-01-09,1.0,gbif
Ca Trich,Anodontostoma,21.703926,89.261013,2023-01-09,1.0,gbif
Ca Trich,Anodontostoma,21.703931,89.261001,2023-01-09,1.0,gbif
Ca Trich,Anodontostoma,21.754946,89.283766,2023-01-09,1.0,gbif
Ca Trich,Anodontostoma,21.703917,89.260995,2023-01-09,1.0,gbif
Ca Trich,Anodontostoma,21.793305,89.280875,2023-01-09,1.0,gbif
Ca Trich,Anodontostoma,21.703521,89.261482,2023-01-09,1.0,gbif
Ca Trich,Anodontostoma,21.827841,89.195423,2023-01-08,1.0,gbif
Ca Trich,Anodontostoma,21.827841,89.195423,2023-01-08,1.0,gbif
Ca Trich,Anodontostoma,21.827841,89.195423,2023-01-08,1.0,gbif
Ca Trich,Anodontostoma,21.828443,89.195,2023-01-08,1.0,gbif
Ca Trich,Anodontostoma,21.75474,89.283996,2023-01-09,1.0,gbif
Ca Trich,Anodontostoma,21.703926,89.261013,2023-01-09,1.0,gbif
Ca Trich,Anodontostoma,21.703931,89.261001,2023-01-09,1.0,gbif
Ca Trich,Anodontostoma,21.754946,89.283766,2023-01-09,1.0,gbif
Ca Trich,Anodontostoma,21.703917,89.260995,2023-01-09,1.0,gbif
Ca Trich,Anodontostoma,21.793305,89.280875,2023-01-09,1.0,gbif
Ca Trich,Anodontostoma,21.793313,89.281088,2023-01-09,1.0,gbif
Ca Trich,Anodontostoma,21.75658,89.223058,2023-01-08,1.0,gbif
Ca Trich,Anodontostoma,21.75474,89.283996,2023-01-09,1.0,gbif
Ca Trich,Anodontostoma,21.703926,89.261013,2023-01-09,1.0,gbif
Ca Trich,Anodontostoma,21.703931,89.261001,2023-01-09,1.0,gbif
Ca Trich,Anodontostoma,21.754946,89.283766,2023-01-09,1.0,gbif
Ca Trich,Anodontostoma,21.703917,89.260995,2023-01-09,1.0,gbif
Ca Trich,Anodontostoma,21.793305,89.280875,2023-01-09,1.0,gbif
Ca Trich,Anodontostoma,21.793313,89.281088,2023-01-09,1.0,gbif
Ca Trich,Anodontostoma,21.75658,89.223058,2023-01-08,1.0,gbif
Ca Trich,Anodontostoma,21.75474,89.283996,2023-01-09,1.0,gbif
Ca Trich,Anodontostoma,21.703926,89.261013,2023-01-09,1.0,gbif
Ca Trich,Anodontostoma,21.703931,89.261001,2023-01-09,1.0,gbif
Ca Trich,Anodontostoma,21.754946,89.283766,2023-01-09,1.0,gbif
Ca Trich,Anodontostoma,21.703917,89.260995,2023-01-09,1.0,gbif
Ca Trich,Anodontostoma,21.793305,89.280875,2023-01-09,1.0,gbif
Ca Trich,Anodontostoma,21.793313,89.281088,2023-01-09,1.0,gbif
Ca Trich,Anodontostoma,21.75658,89.223058,2023-01-08,1.0,gbif
Ca Trich,Anodontostoma,21.703521,89.261482,2023-01-09,1.0,gbif
Ca Trich,Anodontostoma,21.827841,89.195423,2023-01-08,1.0,gbif
Ca Trich,Anodontostoma,21.827841,89.195423,2023-01-08,1.0,gbif
Ca Trich,Anodontostoma,21.827841,89.195423,2023-01-08,1.0,gbif
Ca Trich,Anodontostoma,21.828443,89.195,2023-01-08,1.0,gbif
Ca Trich,Anodontostoma,21.75474,89.283996,2023-01-09,1.0,gbif
Ca Trich,Anodontostoma,21.703926,89.261013,2023-01-09,1.0,gbif
Ca Trich,Anodontostoma,21.703931,89.261001,2023-01-09,1.0,gbif
Ca Trich,Anodontostoma,21.754946,89.283766,2023-01-09,1.0,gbif
Ca Trich,Anodontostoma,21.703917,89.260995,2023-01-09,1.0,gbif
Ca Trich,Anodontostoma,21.793305,89.280875,2023-01-09,1.0,gbif
Ca Trich,Anodontostoma,21.793313,89.281088,2023-01-09,1.0,gbif
Ca Trich,Anodontostoma,21.75658,89.223058,2023-01-08,1.0,gbif
Ca Trich,Anodontostoma,21.703521,89.261482,2023-01-09,1.0,gbif
Ca Trich,Anodontostoma,21.827841,89.195423,2023-01-08,1.0,gbif
Ca Trich,Anodontostoma,21.827841,89.195423,2023-01-08,1.0,gbif
Ca Trich,Anodontostoma,21.827841,89.195423,2023-01-08,1.0,gbif
Ca Trich,Anodontostoma,21.828443,89.195,2023-01-08,1.0,gbif
Ca Trich,Anodontostoma,21.703926,89.261013,2023-01-09,1.0,gbif
Ca Trich,Anodontostoma,21.703931,89.261001,2023-01-09,1.0,gbif
Ca Trich,Anodontostoma,21.754946,89.283766,2023-01-09,1.0,gbif
Ca Trich,Anodontostoma,21.793305,89.280875,2023-01-09,1.0,gbif
Ca Trich,Anodontostoma,21.75474,89.283996,2023-01-09,1.0,gbif
Ca Trich,Anodontostoma,21.703926,89.261013,2023-01-09,1.0,gbif
Ca Trich,Anodontostoma,21.703931,89.261001,2023-01-09,1.0,gbif
Ca Trich,Anodontostoma,21.754946,89.283766,2023-01-09,1.0,gbif
Ca Trich,Anodontostoma,21.703917,89.260995,2023-01-09,1.0,gbif
Ca Trich,Anodontostoma,21.793305,89.280875,2023-01-09,1.0,gbif
Ca Trich,Anodontostoma,21.793313,89.281088,2023-01-09,1.0,gbif
Ca Trich,Anodontostoma,21.75658,89.223058,2023-01-08,1.0,gbif
Ca Trich,Anodontostoma,21.75474,89.283996,2023-01-09,1.0,gbif
Ca Trich,Anodontostoma,21.703926,89.261013,2023-01-09,1.0,gbif
Ca Trich,Anodontostoma,21.703931,89.261001,2023-01-09,1.0,gbif
Ca Trich,Anodontostoma,21.754946,89.283766,2023-01-09,1.0,gbif
Ca Trich,Anodontostoma,21.703917,89.260995,2023-01-09,1.0,gbif
Ca Trich,Anodontostoma,21.793305,89.280875,2023-01-09,1.0,gbif
Ca Trich,Anodontostoma,21.793313,89.281088,2023-01-09,1.0,gbif
Ca Trich,Anodontostoma,21.75658,89.223058,2023-01-08,1.0,gbif
Ca Trich,Anodontostoma,21.703926,89.261013,2023-01-09,1.0,gbif
Ca Trich,Anodontostoma,21.703931,89.261001,2023-01-09,1.0,gbif
Ca Trich,Anodontostoma,21.754946,89.283766,2023-01-09,1.0,gbif
Ca Trich,Anodontostoma,21.793305,89.280875,2023-01-09,1.0,gbif
Ca Trich,Anodontostoma,21.703926,89.261013,2023-01-09,1.0,gbif
Ca Trich,Anodontostoma,21.703931,89.261001,2023-01-09,1.0,gbif
Ca Trich,Anodontostoma,21.754946,89.283766,2023-01-09,1.0,gbif
Ca Trich,Anodontostoma,21.703917,89.260995,2023-01-09,1.0,gbif
Ca Trich,Anodontostoma,21.793305,89.280875,2023-01-09,1.0,gbif
Ca Trich,Anodontostoma,21.793313,89.281088,2023-01-09,1.0,gbif
Ca Trich,Anodontostoma,21.703521,89.261482,2023-01-09,1.0,gbif
Ca Trich,Anodontostoma,21.827841,89.195423,2023-01-08,1.0,gbif
Ca Trich,Anodontostoma,21.827841,89.195423,2023-01-08,1.0,gbif
Ca Trich,Anodontostoma,21.827841,89.195423,2023-01-08,1.0,gbif
Ca Trich,Anodontostoma,21.828443,89.195,2023-01-08,1.0,gbif
Ca Trich,Anodontostoma,21.703521,89.261482,2023-01-09,1.0,gbif
Ca Trich,Anodontostoma,21.827841,89.195423,2023-01-08,1.0,gbif
Ca Trich,Anodontostoma,21.827841,89.195423,2023-01-08,1.0,gbif
Ca Trich,Anodontostoma,21.827841,89.195423,2023-01-08,1.0,gbif
Ca Trich,Anodontostoma,21.828443,89.195,2023-01-08,1.0,gbif
Ca Trich,Anodontostoma,21.703521,89.261482,2023-01-09,1.0,gbif
Ca Trich,Anodontostoma,21.827841,89.195423,2023-01-08,1.0,gbif
Ca Trich,Anodontostoma,21.827841,89.195423,2023-01-08,1.0,gbif
Ca Trich,Anodontostoma,21.827841,89.195423,2023-01-08,1.0,gbif
Ca Trich,Anodontostoma,21.828443,89.195,2023-01-08,1.0,gbif
Ca Trich,Anodontostoma,21.703521,89.261482,2023-01-09,1.0,gbif
Ca Trich,Anodontostoma,21.827841,89.195423,2023-01-08,1.0,gbif
Ca Trich,Anodontostoma,21.828443,89.195,2023-01-08,1.0,gbif
Ca Trich,Anodontostoma,21.703926,89.261013,2023-01-09,1.0,gbif
Ca Trich,Anodontostoma,21.703931,89.261001,2023-01-09,1.0,gbif
Ca Trich,Anodontostoma,21.754946,89.283766,2023-01-09,1.0,gbif
Ca Trich,Anodontostoma,21.793305,89.280875,2023-01-09,1.0,gbif
Ca Trich,Anodontostoma,21.703926,89.261013,2023-01-09,1.0,gbif
Ca Trich,Anodontostoma,21.703931,89.261001,2023-01-09,1.0,gbif
Ca Trich,Anodontostoma,21.754946,89.283766,2023-01-09,1.0,gbif
Ca Trich,Anodontostoma,21.703917,89.260995,2023-01-09,1.0,gbif
Ca Trich,Anodontostoma,21.793305,89.280875,2023-01-09,1.0,gbif
Ca Trich,Anodontostoma,21.793313,89.281088,2023-01-09,1.0,gbif
Ca Trich,Anodontostoma,21.703926,89.261013,2023-01-09,1.0,gbif
Ca Trich,Anodontostoma,21.703931,89.261001,2023-01-09,1.0,gbif
Ca Trich,Anodontostoma,21.754946,89.283766,2023-01-09,1.0,gbif
Ca Trich,Anodontostoma,21.703917,89.260995,2023-01-09,1.0,gbif
Ca Trich,Anodontostoma,21.793305,89.280875,2023-01-09,1.0,gbif
Ca Trich,Anodontostoma,21.793313,89.281088,2023-01-09,1.0,gbif
Ca Trich,Anodontostoma,21.75658,89.223058,2023-01-08,1.0,gbif
Ca Trich,Anodontostoma,21.703926,89.261013,2023-01-09,1.0,gbif
Ca Trich,Anodontostoma,21.703931,89.261001,2023-01-09,1.0,gbif
Ca Trich,Anodontostoma,21.754946,89.283766,2023-01-09,1.0,gbif
Ca Trich,Anodontostoma,21.703917,89.260995,2023-01-09,1.0,gbif
Ca Trich,Anodontostoma,21.793305,89.280875,2023-01-09,1.0,gbif
Ca Trich,Anodontostoma,21.703926,89.261013,2023-01-09,1.0,gbif
Ca Trich,Anodontostoma,21.703931,89.261001,2023-01-09,1.0,gbif
Ca Trich,Anodontostoma,21.754946,89.283766,2023-01-09,1.0,gbif
Ca Trich,Anodontostoma,21.703917,89.260995,2023-01-09,1.0,gbif
Ca Trich,Anodontostoma,21.793305,89.280875,2023-01-09,1.0,gbif
Ca Trich,Anodontostoma,21.75474,89.283996,2023-01-09,1.0,gbif
Ca Trich,Anodontostoma,21.703926,89.261013,2023-01-09,1.0,gbif
Ca Trich,Anodontostoma,21.703931,89.261001,2023-01-09,1.0,gbif
Ca Trich,Anodontostoma,21.754946,89.283766,2023-01-09,1.0,gbif
Ca Trich,Anodontostoma,21.793305,89.280875,2023-01-09,1.0,gbif
Ca Trich,Anodontostoma,21.703926,89.261013,2023-01-09,1.0,gbif
Ca Trich,Anodontostoma,21.703931,89.261001,2023-01-09,1.0,gbif
Ca Trich,Anodontostoma,21.754946,89.283766,2023-01-09,1.0,gbif
Ca Trich,Anodontostoma,21.793305,89.280875,2023-01-09,1.0,gbif
Ca Trich,Anodontostoma,21.703926,89.261013,2023-01-09,1.0,gbif
Ca Trich,Anodontostoma,21.703931,89.261001,2023-01-09,1.0,gbif
Ca Trich,Anodontostoma,21.754946,89.283766,2023-01-09,1.0,gbif
Ca Trich,Anodontostoma,21.703917,89.260995,2023-01-09,1.0,gbif
Ca Trich,Anodontostoma,21.793305,89.280875,2023-01-09,1.0,gbif
Ca Trich,Anodontostoma,21.75474,89.283996,2023-01-09,1.0,gbif
Ca Trich,Anodontostoma,21.703926,89.261013,2023-01-09,1.0,gbif
Ca Trich,Anodontostoma,21.703931,89.261001,2023-01-09,1.0,gbif
Ca Trich,Anodontostoma,21.754946,89.283766,2023-01-09,1.0,gbif
Ca Trich,Anodontostoma,21.793305,89.280875,2023-01-09,1.0,gbif
Ca Trich,Anodontostoma,21.703926,89.261013,2023-01-09,1.0,gbif
Ca Trich,Anodontostoma,21.703931,89.261001,2023-01-09,1.0,gbif
Ca Trich,Anodontostoma,21.754946,89.283766,2023-01-09,1.0,gbif
Ca Trich,Anodontostoma,21.703917,89.260995,2023-01-09,1.0,gbif
Ca Trich,Anodontostoma,21.793305,89.280875,2023-01-09,1.0,gbif
Ca Trich,Anodontostoma,21.703926,89.261013,2023-01-09,1.0,gbif
Ca Trich,Anodontostoma,21.703931,89.261001,2023-01-09,1.0,gbif
Ca Trich,Anodontostoma,21.754946,89.283766,2023-01-09,1.0,gbif
Ca Trich,Anodontostoma,21.703917,89.260995,2023-01-09,1.0,gbif
Ca Trich,Anodontostoma,21.793305,89.280875,2023-01-09,1.0,gbif
Ca Trich,Anodontostoma,21.75474,89.283996,2023-01-09,1.0,gbif
Ca Trich,Anodontostoma,21.703926,89.261013,2023-01-09,1.0,gbif
Ca Trich,Anodontostoma,21.703931,89.261001,2023-01-09,1.0,gbif
Ca Trich,Anodontostoma,21.754946,89.283766,2023-01-09,1.0,gbif
Ca Trich,Anodontostoma,21.75658,89.223017,2023-01-08,1.0,gbif
Ca Trich,Anodontostoma,21.703917,89.260995,2023-01-09,1.0,gbif
Ca Trich,Anodontostoma,21.793305,89.280875,2023-01-09,1.0,gbif
Ca Trich,Anodontostoma,21.793313,89.281088,2023-01-09,1.0,gbif
Ca Trich,Anodontostoma,21.75658,89.223058,2023-01-08,1.0,gbif
Ca Trich,Anodontostoma,21.703521,89.261482,2023-01-09,1.0,gbif
Ca Trich,Anodontostoma,21.827841,89.195423,2023-01-08,1.0,gbif
Ca Trich,Anodontostoma,21.827841,89.195423,2023-01-08,1.0,gbif
Ca Trich,Anodontostoma,21.827841,89.195423,2023-01-08,1.0,gbif
Ca Trich,Anodontostoma,21.828443,89.195,2023-01-08,1.0,gbif
Ca Trich,Anodontostoma,21.703926,89.261013,2023-01-09,1.0,gbif
Ca Trich,Anodontostoma,21.703931,89.261001,2023-01-09,1.0,gbif
Ca Trich,Anodontostoma,21.754946,89.283766,2023-01-09,1.0,gbif
Ca Trich,Anodontostoma,21.703917,89.260995,2023-01-09,1.0,gbif
Ca Trich,Anodontostoma,21.793305,89.280875,2023-01-09,1.0,gbif
Ca Trich,Anodontostoma,21.793305,89.280875,2023-01-09,1.0,gbif
Ca Trich,Anodontostoma,21.793305,89.280875,2023-01-09,1.0,gbif
Ca Trich,Anodontostoma,21.703521,89.261482,2023-01-09,1.0,gbif
Ca Trich,Anodontostoma,21.827841,89.195423,2023-01-08,1.0,gbif
Ca Trich,Anodontostoma,21.827841,89.195423,2023-01-08,1.0,gbif
Ca Trich,Anodontostoma,21.827841,89.195423,2023-01-08,1.0,gbif
Ca Trich,Anodontostoma,21.828443,89.195,2023-01-08,1.0,gbif
Ca Trich,Anodontostoma,21.703521,89.261482,2023-01-09,1.0,gbif
Ca Trich,Anodontostoma,21.827841,89.195423,2023-01-08,1.0,gbif
Ca Trich,Anodontostoma,21.827841,89.195423,2023-01-08,1.0,gbif
Ca Trich,Anodontostoma,21.828443,89.195,2023-01-08,1.0,gbif
Ca Trich,Hilsa,22.53,114.63,2021-06-27,1.0,gbif
Ca Trich,Hilsa,22.53,114.63,2021-06-27,1.0,gbif
Ca Trich,Hilsa,22.53,114.63,2021-06-27,1.0,gbif
Ca Trich,Hilsa,22.53,114.63,2021-06-27,1.0,gbif
Ca Trich,Hilsa,22.53,114.63,2021-06-27,1.0,gbif
Ca Trich,Hilsa,22.55,114.6,2021-06-27,1.0,gbif
Ca Trich,Hilsa,22.57,114.6,2021-06-27,1.0,gbif
Ca Trich,Hilsa,22.59,114.62,2021-06-27,1.0,gbif
Ca Trich,Hilsa,22.57,114.6,2021-06-27,1.0,gbif
Ca Trich,Hilsa,22.57,114.6,2021-06-27,1.0,gbif
Ca Trich,Gudusia,26.9579,82.1768,2024-07-27,1.0,gbif
Ca Trich,Ehirava,17.2095,81.6404,2020-02-27,1.0,gbif
Ca Trich,Corica,18.8567,79.9615,2024-03-09,1.0,gbif
Ca Trich,Clupea,21.703926,89.261013,2023-01-09,1.0,gbif
Ca Trich,Clupea,21.754946,89.283766,2023-01-09,1.0,gbif
Ca Trich,Clupea,21.75658,89.223017,2023-01-08,1.0,gbif
Ca Trich,Clupea,21.75658,89.223058,2023-01-08,1.0,gbif
Ca Trich,Clupea,21.703926,89.261013,2023-01-09,1.0,gbif
Ca Trich,Clupea,21.754946,89.283766,2023-01-09,1.0,gbif
Ca Trich,Clupea,21.75658,89.223017,2023-01-08,1.0,gbif
Ca Trich,Clupea,21.75658,89.223058,2023-01-08,1.0,gbif
Ca Trich,Clupea,,,2021,1.0,gbif
Ca Trich,,22.51325,120.30881,2020-06-03,1.0,gbif
Ca Trich,,24.837317,120.906417,2020-11-19,1.0,gbif
Ca Trich,,23.143842,120.076266,2020-05-13,1.0,gbif
Ca Trich,,23.124482,120.074022,2021-02-03,1.0,gbif
Ca Trich,,23.124482,120.074022,2021-04-07,1.0,gbif
Ca Trich,,21.703521,89.261482,2023-01-09,1.0,gbif
Ca Trich,,21.79321,89.281313,2023-01-09,1.0,gbif
Ca Trich,,21.754752,89.283835,2023-01-09,1.0,gbif
Ca Trich,,21.827841,89.195423,2023-01-08,1.0,gbif
Ca Trich,,21.827841,89.195423,2023-01-08,1.0,gbif
Ca Trich,,21.827841,89.195423,2023-01-08,1.0,gbif
Ca Trich,,21.756639,89.222982,2023-01-09,1.0,gbif
Ca Trich,,21.756641,89.22312,2023-01-08,1.0,gbif
Ca Trich,,21.828443,89.195,2023-01-08,1.0,gbif
Ca Trich,,21.703926,89.261013,2023-01-09,1.0,gbif
Ca Trich,,21.703931,89.261001,2023-01-09,1.0,gbif
Ca Trich,,21.754946,89.283766,2023-01-09,1.0,gbif
Ca Trich,,21.703917,89.260995,2023-01-09,1.0,gbif
Ca Trich,,21.793305,89.280875,2023-01-09,1.0,gbif
Ca Trich,,21.75489,89.28418,2023-01-09,1.0,gbif
Ca Trich,,21.703521,89.261482,2023-01-09,1.0,gbif
Ca Trich,,21.79321,89.281313,2023-01-09,1.0,gbif
Ca Trich,,21.754752,89.283835,2023-01-09,1.0,gbif
Ca Trich,,21.827841,89.195423,2023-01-08,1.0,gbif
Ca Trich,,21.827841,89.195423,2023-01-08,1.0,gbif
Ca Trich,,21.756641,89.22312,2023-01-08,1.0,gbif
Ca Trich,,21.828443,89.195,2023-01-08,1.0,gbif
Ca Trich,,21.703926,89.261013,2023-01-09,1.0,gbif
Ca Trich,,21.703931,89.261001,2023-01-09,1.0,gbif
Ca Trich,,21.754946,89.283766,2023-01-09,1.0,gbif
Ca Trich,,21.75658,89.223017,2023-01-08,1.0,gbif
Ca Trich,,21.703917,89.260995,2023-01-09,1.0,gbif
Ca Trich,,21.793305,89.280875,2023-01-09,1.0,gbif
Ca Trich,,21.793313,89.281088,2023-01-09,1.0,gbif
Ca Trich,,21.75658,89.223058,2023-01-08,1.0,gbif
Ca Trich,,21.75489,89.28418,2023-01-09,1.0,gbif
Ca Trich,,21.75474,89.283996,2023-01-09,1.0,gbif
Ca Trich,,21.703926,89.261013,2023-01-09,1.0,gbif
Ca Trich,,21.703931,89.261001,2023-01-09,1.0,gbif
Ca Trich,,21.754946,89.283766,2023-01-09,1.0,gbif
Ca Trich,,21.75658,89.223017,2023-01-08,1.0,gbif
Ca Trich,,21.703917,89.260995,2023-01-09,1.0,gbif
Ca Trich,,21.793305,89.280875,2023-01-09,1.0,gbif
Ca Trich,,21.793313,89.281088,2023-01-09,1.0,gbif
Ca Trich,,21.75658,89.223058,2023-01-08,1.0,gbif
Ca Trich,,21.75489,89.28418,2023-01-09,1.0,gbif
Ca Trich,,21.703917,89.260995,2023-01-09,1.0,gbif
Ca Trich,,21.703917,89.260995,2023-01-09,1.0,gbif
Ca Trich,,21.75489,89.28418,2023-01-09,1.0,gbif
Ca Trich,,21.703926,89.261013,2023-01-09,1.0,gbif
Ca Trich,,21.703931,89.261001,2023-01-09,1.0,gbif
Ca Trich,,21.754946,89.283766,2023-01-09,1.0,gbif
Ca Trich,,21.75658,89.223017,2023-01-08,1.0,gbif
Ca Trich,,21.703917,89.260995,2023-01-09,1.0,gbif
Ca Trich,,21.793305,89.280875,2023-01-09,1.0,gbif
Ca Trich,,21.793313,89.281088,2023-01-09,1.0,gbif
Ca Trich,,21.75658,89.223058,2023-01-08,1.0,gbif
Ca Trich,,21.75489,89.28418,2023-01-09,1.0,gbif
Ca Trich,,21.703521,89.261482,2023-01-09,1.0,gbif
Ca Trich,,21.79321,89.281313,2023-01-09,1.0,gbif
Ca Trich,,21.754752,89.283835,2023-01-09,1.0,gbif
Ca Trich,,21.827841,89.195423,2023-01-08,1.0,gbif
Ca Trich,,21.827841,89.195423,2023-01-08,1.0,gbif
Ca Trich,,21.756641,89.22312,2023-01-08,1.0,gbif
Ca Trich,,21.828443,89.195,2023-01-08,1.0,gbif
Ca Trich,,21.703926,89.261013,2023-01-09,1.0,gbif
Ca Trich,,21.703931,89.261001,2023-01-09,1.0,gbif
Ca Trich,,21.754946,89.283766,2023-01-09,1.0,gbif
Ca Trich,,21.75658,89.223017,2023-01-08,1.0,gbif
Ca Trich,,21.703917,89.260995,2023-01-09,1.0,gbif
Ca Trich,,21.793305,89.280875,2023-01-09,1.0,gbif
Ca Trich,,21.793313,89.281088,2023-01-09,1.0,gbif
Ca Trich,,21.75658,89.223058,2023-01-08,1.0,gbif
Ca Trich,,21.75489,89.28418,2023-01-09,1.0,gbif
Ca Trich,Escualosa,21.703931,89.261001,2023-01-09,1.0,gbif
Ca Trich,Escualosa,21.703917,89.260995,2023-01-09,1.0,gbif
Ca Trich,Escualosa,21.75489,89.28418,2023-01-09,1.0,gbif
Ca Trich,Escualosa,21.703926,89.261013,2023-01-09,1.0,gbif
Ca Trich,Escualosa,21.703917,89.260995,2023-01-09,1.0,gbif
Ca Trich,Escualosa,21.703521,89.261482,2023-01-09,1.0,gbif
Ca Trich,Escualosa,21.754752,89.283835,2023-01-09,1.0,gbif
Ca Trich,Escualosa,21.827841,89.195423,2023-01-08,1.0,gbif
Ca Trich,Escualosa,21.756641,89.22312,2023-01-08,1.0,gbif
Ca Trich,Escualosa,21.828443,89.195,2023-01-08,1.0,gbif
Ca Trich,Escualosa,21.756641,89.22312,2023-01-08,1.0,gbif
Ca Trich,Escualosa,21.703926,89.261013,2023-01-09,1.0,gbif
Ca Trich,Escualosa,21.703931,89.261001,2023-01-09,1.0,gbif
Ca Trich,Escualosa,21.75658,89.223017,2023-01-08,1.0,gbif
Ca Trich,Escualosa,21.703917,89.260995,2023-01-09,1.0,gbif
Ca Trich,Escualosa,21.793313,89.281088,2023-01-09,1.0,gbif
Ca Trich,Escualosa,21.75658,89.223058,2023-01-08,1.0,gbif
Ca Trich,Escualosa,21.756641,89.22312,2023-01-08,1.0,gbif
Ca Trich,Escualosa,21.703926,89.261013,2023-01-09,1.0,gbif
Ca Trich,Escualosa,21.703931,89.261001,2023-01-09,1.0,gbif
Ca Trich,Escualosa,21.75658,89.223017,2023-01-08,1.0,gbif
Ca Trich,Escualosa,21.703917,89.260995,2023-01-09,1.0,gbif
Ca Trich,Escualosa,21.793313,89.281088,2023-01-09,1.0,gbif
Ca Trich,Escualosa,21.75658,89.223058,2023-01-08,1.0,gbif
Ca Trich,Escualosa,21.75658,89.223017,2023-01-08,1.0,gbif
Ca Trich,Escualosa,21.703521,89.261482,2023-01-09,1.0,gbif
Ca Trich,Escualosa,21.754752,89.283835,2023-01-09,1.0,gbif
Ca Trich,Escualosa,21.827841,89.195423,2023-01-08,1.0,gbif
Ca Trich,Escualosa,21.827841,89.195423,2023-01-08,1.0,gbif
Ca Trich,Escualosa,21.756641,89.22312,2023-01-08,1.0,gbif
Ca Trich,Escualosa,21.828443,89.195,2023-01-08,1.0,gbif
Ca Trich,Escualosa,21.703926,89.261013,2023-01-09,1.0,gbif
Ca Trich,Escualosa,21.703931,89.261001,2023-01-09,1.0,gbif
Ca Trich,Escualosa,21.75658,89.223017,2023-01-08,1.0,gbif
Ca Trich,Escualosa,21.703917,89.260995,2023-01-09,1.0,gbif
Ca Trich,Escualosa,21.793313,89.281088,2023-01-09,1.0,gbif
Ca Trich,Escualosa,21.75658,89.223058,2023-01-08,1.0,gbif
Ca Trich,Escualosa,21.703926,89.261013,2023-01-09,1.0,gbif
Ca Trich,Escualosa,21.703931,89.261001,2023-01-09,1.0,gbif
Ca Trich,Escualosa,21.75658,89.223017,2023-01-08,1.0,gbif
Ca Trich,Escualosa,21.703917,89.260995,2023-01-09,1.0,gbif
Ca Trich,Escualosa,21.793313,89.281088,2023-01-09,1.0,gbif
Ca Trich,Escualosa,21.75658,89.223058,2023-01-08,1.0,gbif
Ca Trich,Escualosa,21.828443,89.195,2023-01-08,1.0,gbif
Ca Trich,Escualosa,21.703926,89.261013,2023-01-09,1.0,gbif
Ca Trich,Escualosa,21.75658,89.223017,2023-01-08,1.0,gbif
Ca Trich,Escualosa,21.703926,89.261013,2023-01-09,1.0,gbif
Ca Trich,Escualosa,21.703931,89.261001,2023-01-09,1.0,gbif
Ca Trich,Escualosa,21.75658,89.223017,2023-01-08,1.0,gbif
Ca Trich,Escualosa,21.703917,89.260995,2023-01-09,1.0,gbif
Ca Trich,Escualosa,21.703926,89.261013,2023-01-09,1.0,gbif
Ca Trich,Escualosa,21.703931,89.261001,2023-01-09,1.0,gbif
Ca Trich,Escualosa,21.75658,89.223017,2023-01-08,1.0,gbif
Ca Trich,Escualosa,21.703917,89.260995,2023-01-09,1.0,gbif
Ca Trich,Escualosa,21.703521,89.261482,2023-01-09,1.0,gbif
Ca Trich,Escualosa,21.827841,89.195423,2023-01-08,1.0,gbif
Ca Trich,Escualosa,21.756641,89.22312,2023-01-08,1.0,gbif
Ca Trich,Escualosa,21.703926,89.261013,2023-01-09,1.0,gbif
Ca Trich,Escualosa,21.703931,89.261001,2023-01-09,1.0,gbif
Ca Trich,Escualosa,21.75658,89.223017,2023-01-08,1.0,gbif
Ca Trich,Escualosa,21.793313,89.281088,2023-01-09,1.0,gbif
Ca Trich,Escualosa,21.703926,89.261013,2023-01-09,1.0,gbif
Ca Trich,Escualosa,21.703926,89.261013,2023-01-09,1.0,gbif
Ca Trich,Escualosa,21.703931,89.261001,2023-01-09,1.0,gbif
Ca Trich,Escualosa,21.703931,89.261001,2023-01-09,1.0,gbif
Ca Trich,Escualosa,21.703917,89.260995,2023-01-09,1.0,gbif
Ca Trich,Escualosa,21.703917,89.260995,2023-01-09,1.0,gbif
Ca Trich,Escualosa,21.75658,89.223058,2023-01-08,1.0,gbif
Ca Trich,Escualosa,21.75658,89.223058,2023-01-08,1.0,gbif
Ca Trich,Escualosa,21.703926,89.261013,2023-01-09,1.0,gbif
Ca Trich,Escualosa,21.703931,89.261001,2023-01-09,1.0,gbif
Ca Trich,Escualosa,21.75658,89.223017,2023-01-08,1.0,gbif
Ca Trich,Escualosa,21.793313,89.281088,2023-01-09,1.0,gbif
Ca Trich,Escualosa,21.75658,89.223058,2023-01-08,1.0,gbif
Ca Trich,Escualosa,21.703521,89.261482,2023-01-09,1.0,gbif
Ca Trich,Escualosa,21.827841,89.195423,2023-01-08,1.0,gbif
Ca Trich,Escualosa,21.827841,89.195423,2023-01-08,1.0,gbif
Ca Trich,Escualosa,21.756641,89.22312,2023-01-08,1.0,gbif
Ca Trich,Escualosa,21.828443,89.195,2023-01-08,1.0,gbif
Ca Trich,Escualosa,21.703931,89.261001,2023-01-09,1.0,gbif
Ca Trich,Escualosa,21.703917,89.260995,2023-01-09,1.0,gbif
Ca Trich,Escualosa,21.793305,89.280875,2023-01-09,1.0,gbif
Ca Trich,Escualosa,21.703926,89.261013,2023-01-09,1.0,gbif
Ca Trich,Escualosa,21.703931,89.261001,2023-01-09,1.0,gbif
Ca Trich,Escualosa,21.75658,89.223017,2023-01-08,1.0,gbif
Ca Trich,Escualosa,21.703917,89.260995,2023-01-09,1.0,gbif
Ca Trich,Escualosa,21.703926,89.261013,2023-01-09,1.0,gbif
Ca Trich,Escualosa,21.703931,89.261001,2023-01-09,1.0,gbif
Ca Trich,Escualosa,21.75658,89.223017,2023-01-08,1.0,gbif
Ca Trich,Escualosa,21.703917,89.260995,2023-01-09,1.0,gbif
Ca Trich,Escualosa,21.703521,89.261482,2023-01-09,1.0,gbif
Ca Trich,Escualosa,21.827841,89.195423,2023-01-08,1.0,gbif
Ca Trich,Escualosa,21.756641,89.22312,2023-01-08,1.0,gbif
Ca Trich,Escualosa,21.75474,89.283996,2023-01-09,1.0,gbif
Ca Trich,Escualosa,21.703926,89.261013,2023-01-09,1.0,gbif
Ca Trich,Escualosa,21.703931,89.261001,2023-01-09,1.0,gbif
Ca Trich,Escualosa,21.754946,89.283766,2023-01-09,1.0,gbif
Ca Trich,Escualosa,21.75658,89.223017,2023-01-08,1.0,gbif
Ca Trich,Escualosa,21.703917,89.260995,2023-01-09,1.0,gbif
Ca Trich,Escualosa,21.75658,89.223058,2023-01-08,1.0,gbif
Ca Trich,Escualosa,21.703521,89.261482,2023-01-09,1.0,gbif
Ca Trich,Escualosa,21.827841,89.195423,2023-01-08,1.0,gbif
Ca Trich,Escualosa,21.756641,89.22312,2023-01-08,1.0,gbif
Ca Trich,Escualosa,21.75474,89.283996,2023-01-09,1.0,gbif
Ca Trich,Escualosa,21.703926,89.261013,2023-01-09,1.0,gbif
Ca Trich,Escualosa,21.754946,89.283766,2023-01-09,1.0,gbif
Ca Trich,Escualosa,21.75658,89.223017,2023-01-08,1.0,gbif
Ca Trich,Escualosa,21.703917,89.260995,2023-01-09,1.0,gbif
Ca Trich,Escualosa,21.75658,89.223058,2023-01-08,1.0,gbif
Ca Trich,Escualosa,21.703521,89.261482,2023-01-09,1.0,gbif
Ca Trich,Escualosa,21.827841,89.195423,2023-01-08,1.0,gbif
Ca Trich,Escualosa,21.756641,89.22312,2023-01-08,1.0,gbif
Ca Trich,Escualosa,21.703926,89.261013,2023-01-09,1.0,gbif
Ca Trich,Escualosa,21.793313,89.281088,2023-01-09,1.0,gbif
Ca Trich,Escualosa,21.703926,89.261013,2023-01-09,1.0,gbif
Ca Trich,Escualosa,21.793313,89.281088,2023-01-09,1.0,gbif
Ca Trich,Escualosa,21.703926,89.261013,2023-01-09,1.0,gbif
Ca Trich,Escualosa,21.793313,89.281088,2023-01-09,1.0,gbif
Ca Trich,Escualosa,21.703926,89.261013,2023-01-09,1.0,gbif
Ca Trich,Escualosa,21.793313,89.281088,2023-01-09,1.0,gbif
Ca Trich,Escualosa,21.75658,89.223058,2023-01-08,1.0,gbif
Ca Trich,Escualosa,21.75474,89.283996,2023-01-09,1.0,gbif
Ca Trich,Escualosa,21.703926,89.261013,2023-01-09,1.0,gbif
Ca Trich,Escualosa,21.703931,89.261001,2023-01-09,1.0,gbif
Ca Trich,Escualosa,21.754946,89.283766,2023-01-09,1.0,gbif
Ca Trich,Escualosa,21.75658,89.223017,2023-01-08,1.0,gbif
Ca Trich,Escualosa,21.703917,89.260995,2023-01-09,1.0,gbif
Ca Trich,Escualosa,21.75658,89.223058,2023-01-08,1.0,gbif
Ca Trich,Escualosa,21.703521,89.261482,2023-01-09,1.0,gbif
Ca Trich,Escualosa,21.754752,89.283835,2023-01-09,1.0,gbif
Ca Trich,Escualosa,21.827841,89.195423,2023-01-08,1.0,gbif
Ca Trich,Escualosa,21.827841,89.195423,2023-01-08,1.0,gbif
Ca Trich,Escualosa,21.756641,89.22312,2023-01-08,1.0,gbif
Ca Trich,Escualosa,21.828443,89.195,2023-01-08,1.0,gbif
Ca Trich,Escualosa,21.703926,89.261013,2023-01-09,1.0,gbif
Ca Trich,Escualosa,21.793313,89.281088,2023-01-09,1.0,gbif
Ca Trich,Escualosa,21.703926,89.261013,2023-01-09,1.0,gbif
Ca Trich,Escualosa,21.793313,89.281088,2023-01-09,1.0,gbif
Ca Trich,Escualosa,21.75658,89.223058,2023-01-08,1.0,gbif
Ca Trich,Escualosa,21.75474,89.283996,2023-01-09,1.0,gbif
Ca Trich,Escualosa,21.754946,89.283766,2023-01-09,1.0,gbif
Ca Trich,Escualosa,21.703917,89.260995,2023-01-09,1.0,gbif
Ca Trich,Escualosa,21.75658,89.223058,2023-01-08,1.0,gbif
Ca Trich,Escualosa,21.703521,89.261482,2023-01-09,1.0,gbif
Ca Trich,Escualosa,21.754752,89.283835,2023-01-09,1.0,gbif
Ca Trich,Escualosa,21.827841,89.195423,2023-01-08,1.0,gbif
Ca Trich,Escualosa,21.756641,89.22312,2023-01-08,1.0,gbif
Ca Trich,Escualosa,21.828443,89.195,2023-01-08,1.0,gbif
Ca Trich,Escualosa,21.703926,89.261013,2023-01-09,1.0,gbif
Ca Trich,Escualosa,21.75658,89.223017,2023-01-08,1.0,gbif
Ca Trich,Escualosa,21.703917,89.260995,2023-01-09,1.0,gbif
Ca Trich,Escualosa,21.75658,89.223017,2023-01-08,1.0,gbif
Ca Trich,Escualosa,21.703926,89.261013,2023-01-09,1.0,gbif
Ca Trich,Escualosa,21.703931,89.261001,2023-01-09,1.0,gbif
Ca Trich,Escualosa,21.75658,89.223017,2023-01-08,1.0,gbif
Ca Trich,Escualosa,21.75658,89.223058,2023-01-08,1.0,gbif
Ca Trich,Escualosa,21.703521,89.261482,2023-01-09,1.0,gbif
Ca Trich,Escualosa,21.827841,89.195423,2023-01-08,1.0,gbif
Ca Trich,Escualosa,21.703926,89.261013,2023-01-09,1.0,gbif
Ca Trich,Escualosa,21.703931,89.261001,2023-01-09,1.0,gbif
Ca Trich,Escualosa,21.75658,89.223017,2023-01-08,1.0,gbif
Ca Trich,Escualosa,21.75658,89.223058,2023-01-08,1.0,gbif
Ca Trich,Escualosa,21.703926,89.261013,2023-01-09,1.0,gbif
Ca Trich,Escualosa,21.703931,89.261001,2023-01-09,1.0,gbif
Ca Trich,Escualosa,21.75658,89.223017,2023-01-08,1.0,gbif
Ca Trich,Escualosa,21.703917,89.260995,2023-01-09,1.0,gbif
Ca Trich,Escualosa,21.793313,89.281088,2023-01-09,1.0,gbif
Ca Trich,Escualosa,21.75658,89.223058,2023-01-08,1.0,gbif
Ca Trich,Escualosa,21.703521,89.261482,2023-01-09,1.0,gbif
Ca Trich,Escualosa,21.754752,89.283835,2023-01-09,1.0,gbif
Ca Trich,Escualosa,21.827841,89.195423,2023-01-08,1.0,gbif
Ca Trich,Escualosa,21.756641,89.22312,2023-01-08,1.0,gbif
Ca Trich,Escualosa,21.828443,89.195,2023-01-08,1.0,gbif
Ca Trich,Escualosa,21.703521,89.261482,2023-01-09,1.0,gbif
Ca Trich,Escualosa,21.756641,89.22312,2023-01-08,1.0,gbif
Ca Trich,Escualosa,21.703521,89.261482,2023-01-09,1.0,gbif
Ca Trich,Escualosa,21.827841,89.195423,2023-01-08,1.0,gbif
Ca Trich,Escualosa,21.756641,89.22312,2023-01-08,1.0,gbif
Ca Trich,Escualosa,21.703926,89.261013,2023-01-09,1.0,gbif
Ca Trich,Escualosa,21.703931,89.261001,2023-01-09,1.0,gbif
Ca Trich,Escualosa,21.75658,89.223017,2023-01-08,1.0,gbif
Ca Trich,Escualosa,21.793313,89.281088,2023-01-09,1.0,gbif
Ca Trich,Escualosa,21.75658,89.223058,2023-01-08,1.0,gbif
Ca Trich,Escualosa,21.75474,89.283996,2023-01-09,1.0,gbif
Ca Trich,Escualosa,21.703926,89.261013,2023-01-09,1.0,gbif
Ca Trich,Escualosa,21.75658,89.223017,2023-01-08,1.0,gbif
Ca Trich,Escualosa,21.703917,89.260995,2023-01-09,1.0,gbif
Ca Trich,Escualosa,21.703926,89.261013,2023-01-09,1.0,gbif
Ca Trich,Escualosa,21.703931,89.261001,2023-01-09,1.0,gbif
Ca Trich,Escualosa,21.703917,89.260995,2023-01-09,1.0,gbif
Ca Trich,Escualosa,21.703926,89.261013,2023-01-09,1.0,gbif
Ca Trich,Escualosa,21.703931,89.261001,2023-01-09,1.0,gbif
Ca Trich,Escualosa,21.703917,89.260995,2023-01-09,1.0,gbif
Ca Trich,Escualosa,21.75474,89.283996,2023-01-09,1.0,gbif
Ca Trich,Escualosa,21.754946,89.283766,2023-01-09,1.0,gbif
Ca Trich,Escualosa,21.703917,89.260995,2023-01-09,1.0,gbif
Ca Trich,Escualosa,21.75658,89.223058,2023-01-08,1.0,gbif
Ca Trich,Escualosa,21.703917,89.260995,2023-01-09,1.0,gbif
Ca Trich,,,,2022-01-30,1.0,gbif
Ca Trich,Herklotsichthys,23.143842,120.076266,2020-03-16,1.0,gbif
Ca Trich,Herklotsichthys,23.114808,120.098873,2020-03-15,1.0,gbif
Ca Trich,Herklotsichthys,23.114808,120.098873,2020-09-05,1.0,gbif
Ca Trich,Herklotsichthys,23.114808,120.098873,2021-05-27,1.0,gbif
Ca Trich,Hilsa,23.107992,120.043438,2021-10-14,1.0,gbif
Ca Trich,Hilsa,23.124482,120.074022,2021-12-09,1.0,gbif
Ca Trich,Hilsa,21.703931,89.261001,2023-01-09,1.0,gbif
Ca Trich,Hilsa,21.703931,89.261001,2023-01-09,1.0,gbif
Ca Trich,Hilsa,21.75474,89.283996,2023-01-09,1.0,gbif
Ca Trich,Hilsa,21.703926,89.261013,2023-01-09,1.0,gbif
Ca Trich,Hilsa,21.703931,89.261001,2023-01-09,1.0,gbif
Ca Trich,Hilsa,21.703521,89.261482,2023-01-09,1.0,gbif
Ca Trich,Hilsa,21.827841,89.195423,2023-01-08,1.0,gbif
Ca Trich,Hilsa,21.703521,89.261482,2023-01-09,1.0,gbif
Ca Trich,Hilsa,21.827841,89.195423,2023-01-08,1.0,gbif
Ca Trich,Hilsa,21.703926,89.261013,2023-01-09,1.0,gbif
Ca Trich,Hilsa,21.703917,89.260995,2023-01-09,1.0,gbif
Ca Trich,Hilsa,21.703931,89.261001,2023-01-09,1.0,gbif
Ca Trich,Hilsa,21.703931,89.261001,2023-01-09,1.0,gbif
Ca Trich,Hilsa,21.703931,89.261001,2023-01-09,1.0,gbif
Ca Trich,Hilsa,21.703521,89.261482,2023-01-09,1.0,gbif
Ca Trich,Hilsa,21.827841,89.195423,2023-01-08,1.0,gbif
Ca Trich,Hilsa,21.703521,89.261482,2023-01-09,1.0,gbif
Ca Trich,Hilsa,21.827841,89.195423,2023-01-08,1.0,gbif
Ca Trich,Hilsa,21.703521,89.261482,2023-01-09,1.0,gbif
Ca Trich,Hilsa,21.827841,89.195423,2023-01-08,1.0,gbif
Ca Trich,Hilsa,21.703931,89.261001,2023-01-09,1.0,gbif
Ca Trich,Hilsa,21.703931,89.261001,2023-01-09,1.0,gbif
Ca Trich,Hilsa,21.754752,89.283835,2023-01-09,1.0,gbif
Ca Trich,Hilsa,21.756639,89.222982,2023-01-09,1.0,gbif
Ca Trich,Hilsa,21.703931,89.261001,2023-01-09,1.0,gbif
Ca Trich,Konosirus,23.114808,120.098873,2020-01-09,1.0,gbif
Ca Trich,Konosirus,23.114808,120.098873,2020-01-11,1.0,gbif
Ca Trich,Konosirus,23.114808,120.098873,2020-01-14,1.0,gbif
Ca Trich,Konosirus,23.127064,120.055231,2020-01-16,1.0,gbif
Ca Trich,Konosirus,23.118403,120.088635,2020-01-15,1.0,gbif
Ca Trich,Konosirus,23.124482,120.074022,2020-01-15,1.0,gbif
Ca Trich,Konosirus,23.143842,120.076266,2020-05-13,1.0,gbif
Ca Trich,Konosirus,23.114808,120.098873,2020-05-07,1.0,gbif
Ca Trich,Konosirus,23.114808,120.098873,2020-05-10,1.0,gbif
Ca Trich,Konosirus,23.124482,120.074022,2020-05-14,1.0,gbif
Ca Trich,Konosirus,23.143842,120.076266,2020-07-13,1.0,gbif
Ca Trich,Konosirus,23.114808,120.098873,2020-07-10,1.0,gbif
Ca Trich,Konosirus,23.114808,120.098873,2020-07-11,1.0,gbif
Ca Trich,Konosirus,23.114808,120.098873,2020-07-12,1.0,gbif
Ca Trich,Konosirus,23.118403,120.088635,2020-07-14,1.0,gbif
Ca Trich,Konosirus,23.124482,120.074022,2020-07-14,1.0,gbif
Ca Trich,Konosirus,23.143842,120.076266,2020-09-07,1.0,gbif
Ca Trich,Konosirus,23.114808,120.098873,2020-09-05,1.0,gbif
Ca Trich,Konosirus,23.114808,120.098873,2020-09-06,1.0,gbif
Ca Trich,Konosirus,23.124482,120.074022,2020-09-07,1.0,gbif
Ca Trich,Konosirus,23.124482,120.074022,2020-11-05,1.0,gbif
Ca Trich,Konosirus,23.143842,120.076266,2021-06-02,1.0,gbif
Ca Trich,Konosirus,23.114808,120.098873,2021-05-27,1.0,gbif
Ca Trich,Konosirus,23.114808,120.098873,2021-05-29,1.0,gbif
Ca Trich,Konosirus,23.114808,120.098873,2021-06-01,1.0,gbif
Ca Trich,Konosirus,23.124482,120.074022,2021-06-03,1.0,gbif
Ca Trich,Konosirus,23.05733,120.07747,2022-05-31,1.0,gbif
Ca Trich,Nematalosa,23.114808,120.098873,2021-02-01,1.0,gbif
Ca Trich,Nematalosa,23.127064,120.055231,2021-02-04,1.0,gbif
Ca Trich,Nematalosa,23.107992,120.043438,2021-02-04,1.0,gbif
Ca Trich,Nematalosa,23.143842,120.076266,2021-08-11,1.0,gbif
Ca Trich,Nematalosa,23.114808,120.098873,2021-08-07,1.0,gbif
Ca Trich,Nematalosa,23.127064,120.055231,2021-08-13,1.0,gbif
Ca Trich,Nematalosa,23.107992,120.043438,2021-08-13,1.0,gbif
Ca Trich,Nematalosa,23.124482,120.074022,2021-08-12,1.0,gbif
Ca Trich,Nematalosa,23.114808,120.098873,2021-10-05,1.0,gbif
Ca Trich,Nematalosa,23.114808,120.098873,2021-10-07,1.0,gbif
Ca Trich,Nematalosa,23.114808,120.098873,2021-10-09,1.0,gbif
Ca Trich,Nematalosa,23.143842,120.076266,2021-12-08,1.0,gbif
Ca Trich,Nematalosa,23.114808,120.098873,2021-11-30,1.0,gbif
Ca Trich,Nematalosa,23.114808,120.098873,2021-12-02,1.0,gbif
Ca Trich,Nematalosa,23.114808,120.098873,2021-12-04,1.0,gbif
Ca Trich,Nematalosa,23.127064,120.055231,2021-12-10,1.0,gbif
Ca Trich,Nematalosa,23.118403,120.088635,2021-12-09,1.0,gbif
Ca Trich,Nematalosa,23.107992,120.043438,2021-12-10,1.0,gbif
Ca Trich,Nematalosa,23.124482,120.074022,2021-12-09,1.0,gbif
Ca Trich,Nematalosa,23.1346,120.0717,2021-09-10,1.0,gbif
Ca Trich,Nematalosa,23.1346,120.0717,2021-09-15,1.0,gbif
Ca Trich,Nematalosa,23.1346,120.0717,2021-11-10,1.0,gbif
Ca Trich,Nematalosa,23.1346,120.0717,2021-11-16,1.0,gbif
Ca Trich,Nematalosa,23.1346,120.0717,2021-12-02,1.0,gbif
Ca Trich,Nematalosa,23.1346,120.0717,2021-12-27,1.0,gbif
Ca Trich,Nematalosa,23.1346,120.0717,2022-01-12,1.0,gbif
Ca Trich,Nematalosa,23.1346,120.0717,2022-01-30,1.0,gbif
Ca Trich,Nematalosa,23.1346,120.0717,2022-02-01,1.0,gbif
Ca Trich,Nematalosa,23.1346,120.0717,2022-02-20,1.0,gbif
Ca Trich,Nematalosa,23.1346,120.0717,2022-03-08,1.0,gbif
Ca Trich,Nematalosa,23.1346,120.0717,2022-03-19,1.0,gbif
Ca Trich,Nematalosa,23.1346,120.0717,2022-04-03,1.0,gbif
Ca Trich,Nematalosa,23.1346,120.0717,2022-04-30,1.0,gbif
Ca Trich,Nematalosa,23.1346,120.0717,2022-05-11,1.0,gbif
Ca Trich,Nematalosa,23.1346,120.0717,2022-05-26,1.0,gbif
Ca Trich,Nematalosa,23.1346,120.0717,2022-06-09,1.0,gbif
Ca Trich,Nematalosa,23.1346,120.0717,2022-06-24,1.0,gbif
Ca Trich,Nematalosa,23.1346,120.0717,2022-07-15,1.0,gbif
Ca Trich,Nematalosa,23.1346,120.0717,2022-07-30,1.0,gbif
Ca Trich,Nematalosa,23.1346,120.0717,2022-08-14,1.0,gbif
Ca Trich,Nematalosa,23.1346,120.0717,2022-08-24,1.0,gbif
Ca Trich,Nematalosa,23.1346,120.0717,2022-09-04,1.0,gbif
Ca Trich,Nematalosa,23.1346,120.0717,2022-09-23,1.0,gbif
Ca Trich,Nematalosa,23.1346,120.0717,2022-10-11,1.0,gbif
Ca Trich,Nematalosa,23.1346,120.0717,2022-10-27,1.0,gbif
Ca Trich,Nematalosa,23.1346,120.0717,2022-11-11,1.0,gbif
Ca Trich,Nematalosa,23.1346,120.0717,2022-11-28,1.0,gbif
Ca Trich,Nematalosa,23.1346,120.0717,2022-12-13,1.0,gbif
Ca Trich,Nematalosa,23.1346,120.0717,2022-12-25,1.0,gbif
Ca Trich,Nematalosa,24.848674,120.936475,2021-10-20,1.0,gbif
Ca Trich,Nematalosa,24.848674,120.936475,2021-10-20,1.0,gbif
Ca Trich,Nematalosa,24.848674,120.936475,2021-10-20,1.0,gbif
Ca Trich,Nematalosa,24.848674,120.936475,2021-10-20,1.0,gbif
Ca Trich,Nematalosa,24.848674,120.936475,2021-10-20,1.0,gbif
Ca Trich,Nematalosa,24.848674,120.936475,2021-10-20,1.0,gbif
Ca Trich,Nematalosa,24.848674,120.936475,2021-10-20,1.0,gbif
Ca Trich,Nematalosa,24.848674,120.936475,2021-10-20,1.0,gbif
Ca Trich,Nematalosa,24.848674,120.936475,2021-10-20,1.0,gbif
Ca Trich,Nematalosa,24.848674,120.936475,2021-10-20,1.0,gbif
Ca Trich,Nematalosa,23.143842,120.076266,2020-01-14,1.0,gbif
Ca Trich,Nematalosa,23.114808,120.098873,2020-01-11,1.0,gbif
Ca Trich,Nematalosa,23.114808,120.098873,2020-01-14,1.0,gbif
Ca Trich,Nematalosa,23.107992,120.043438,2020-01-16,1.0,gbif
Ca Trich,Nematalosa,23.124482,120.074022,2020-01-15,1.0,gbif
Ca Trich,Nematalosa,23.143842,120.076266,2020-03-16,1.0,gbif
Ca Trich,Nematalosa,23.114808,120.098873,2020-03-11,1.0,gbif
Ca Trich,Nematalosa,23.118403,120.088635,2020-03-17,1.0,gbif
Ca Trich,Nematalosa,23.124482,120.074022,2020-03-17,1.0,gbif
Ca Trich,Nematalosa,23.114808,120.098873,2020-05-10,1.0,gbif
Ca Trich,Nematalosa,23.114808,120.098873,2020-05-12,1.0,gbif
Ca Trich,Nematalosa,23.107992,120.043438,2020-05-14,1.0,gbif
Ca Trich,Nematalosa,23.124482,120.074022,2020-05-14,1.0,gbif
Ca Trich,Nematalosa,23.114808,120.098873,2020-07-12,1.0,gbif
Ca Trich,Nematalosa,23.107992,120.043438,2020-07-15,1.0,gbif
Ca Trich,Nematalosa,23.124482,120.074022,2020-07-14,1.0,gbif
Ca Trich,Nematalosa,23.143842,120.076266,2020-09-07,1.0,gbif
Ca Trich,Nematalosa,23.114808,120.098873,2020-09-03,1.0,gbif
Ca Trich,Nematalosa,23.124482,120.074022,2020-09-07,1.0,gbif
Ca Trich,Nematalosa,23.143842,120.076266,2020-11-04,1.0,gbif
Ca Trich,Nematalosa,23.114808,120.098873,2020-10-29,1.0,gbif
Ca Trich,Nematalosa,23.114808,120.098873,2020-10-31,1.0,gbif
Ca Trich,Nematalosa,23.114808,120.098873,2020-11-03,1.0,gbif
Ca Trich,Nematalosa,23.118403,120.088635,2020-11-05,1.0,gbif
Ca Trich,Nematalosa,23.107992,120.043438,2020-11-06,1.0,gbif
Ca Trich,Nematalosa,23.124482,120.074022,2020-11-05,1.0,gbif
Ca Trich,Nematalosa,23.143842,120.076266,2021-02-02,1.0,gbif
Ca Trich,Nematalosa,23.114808,120.098873,2021-01-30,1.0,gbif
Ca Trich,Nematalosa,23.114808,120.098873,2021-02-01,1.0,gbif
Ca Trich,Nematalosa,23.127064,120.055231,2021-02-04,1.0,gbif
Ca Trich,Nematalosa,23.118403,120.088635,2021-02-03,1.0,gbif
Ca Trich,Nematalosa,23.124482,120.074022,2021-02-03,1.0,gbif
Ca Trich,Nematalosa,23.143842,120.076266,2021-04-06,1.0,gbif
Ca Trich,Nematalosa,23.118403,120.088635,2021-04-07,1.0,gbif
Ca Trich,Nematalosa,23.107992,120.043438,2021-04-08,1.0,gbif
Ca Trich,Nematalosa,23.114808,120.098873,2021-05-29,1.0,gbif
Ca Trich,Nematalosa,23.127064,120.055231,2021-06-04,1.0,gbif
Ca Trich,Nematalosa,23.107992,120.043438,2021-06-04,1.0,gbif
Ca Trich,Nematalosa,23.143842,120.076266,2021-10-12,1.0,gbif
Ca Trich,Nematalosa,23.107992,120.043438,2021-10-14,1.0,gbif
Ca Trich,Nematalosa,23.124482,120.074022,2021-10-13,1.0,gbif
Ca Trich,Nematalosa,23.553797,120.16401,2024-08-30,1.0,gbif
Ca Trich,Nematalosa,23.553601,120.158226,2025-10-14,1.0,gbif
Ca Trich,Nematalosa,23.55433,120.15961,2025-11-26,1.0,gbif
Ca Trich,Nematalosa,23.55433,120.15961,2025-12-16,1.0,gbif
Ca Trich,Nematalosa,24.85947,120.94779,2022-12-10,1.0,gbif
Ca Trich,Nematalosa,24.85947,120.94779,2022-12-10,1.0,gbif
Ca Trich,Nematalosa,24.85947,120.94779,2022-12-10,1.0,gbif
Ca Trich,Nematalosa,24.85947,120.94779,2022-12-10,1.0,gbif
Ca Trich,Nematalosa,24.85943,120.94831,2022-12-10,1.0,gbif
Ca Trich,Nematalosa,24.85943,120.94831,2022-12-10,1.0,gbif
Ca Trich,Nematalosa,24.85943,120.94831,2022-12-10,1.0,gbif
Ca Trich,Nematalosa,24.85943,120.94831,2022-12-10,1.0,gbif
Ca Trich,Nematalosa,24.85943,120.94831,2022-12-10,1.0,gbif
Ca Trich,Nematalosa,24.85943,120.94812,2022-12-10,1.0,gbif
Ca Trich,Nematalosa,24.85943,120.94812,2022-12-10,1.0,gbif
Ca Trich,Nematalosa,24.85943,120.94812,2022-12-10,1.0,gbif
Ca Trich,Nematalosa,24.85943,120.94812,2022-12-10,1.0,gbif
Ca Trich,Nematalosa,24.85943,120.94799,2022-12-10,1.0,gbif
Ca Trich,Nematalosa,24.85943,120.94799,2022-12-10,1.0,gbif
Ca Trich,Nematalosa,24.85943,120.94799,2022-12-10,1.0,gbif
Ca Trich,Nematalosa,24.85943,120.94799,2022-12-10,1.0,gbif
Ca Trich,Nematalosa,24.84579,120.93898,2022-12-13,1.0,gbif
Ca Trich,Nematalosa,24.84579,120.93898,2022-12-13,1.0,gbif
Ca Trich,Nematalosa,24.84579,120.93898,2022-12-13,1.0,gbif
Ca Trich,Nematalosa,24.84569,120.93904,2022-12-13,1.0,gbif
Ca Trich,Nematalosa,24.84556,120.9391,2022-12-13,1.0,gbif
Ca Trich,Nematalosa,24.84556,120.9391,2022-12-13,1.0,gbif
Ca Trich,Nematalosa,25.11652,121.46357,2023-02-07,1.0,gbif
Ca Trich,Nematalosa,25.11601,121.46373,2023-02-07,1.0,gbif
Ca Trich,Nematalosa,25.11601,121.46373,2023-02-07,1.0,gbif
Ca Trich,Nematalosa,25.11601,121.46373,2023-02-07,1.0,gbif
Ca Trich,Nematalosa,25.11601,121.46373,2023-02-07,1.0,gbif
Ca Trich,Nematalosa,24.85943,120.9483,2023-03-14,1.0,gbif
Ca Trich,Nematalosa,24.85943,120.9483,2023-03-14,1.0,gbif
Ca Trich,Nematalosa,24.85943,120.9483,2023-03-14,1.0,gbif
Ca Trich,Nematalosa,24.85943,120.94812,2023-03-14,1.0,gbif
Ca Trich,Nematalosa,24.85943,120.94812,2023-03-14,1.0,gbif
Ca Trich,Nematalosa,24.85943,120.94798,2023-03-14,1.0,gbif
Ca Trich,Nematalosa,24.85943,120.94798,2023-03-14,1.0,gbif
Ca Trich,Nematalosa,24.85943,120.94798,2023-03-14,1.0,gbif
Ca Trich,Nematalosa,24.85949,120.94819,2023-03-14,1.0,gbif
Ca Trich,Nematalosa,24.85949,120.94819,2023-03-14,1.0,gbif
Ca Trich,Nematalosa,24.84579,120.93898,2023-03-15,1.0,gbif
Ca Trich,Nematalosa,24.84557,120.9391,2023-03-15,1.0,gbif
Ca Trich,Nematalosa,24.84557,120.9391,2023-03-15,1.0,gbif
Ca Trich,Nematalosa,24.60873,120.78452,2023-03-22,1.0,gbif
Ca Trich,Nematalosa,24.60873,120.78452,2023-03-22,1.0,gbif
Ca Trich,Nematalosa,24.60877,120.78442,2023-03-22,1.0,gbif
Ca Trich,Nematalosa,24.60883,120.78432,2023-03-22,1.0,gbif
Ca Trich,Nematalosa,24.60883,120.78432,2023-03-22,1.0,gbif
Ca Trich,Nematalosa,24.60883,120.78432,2023-03-22,1.0,gbif
Ca Trich,Nematalosa,24.60889,120.78419,2023-03-22,1.0,gbif
Ca Trich,Nematalosa,24.60889,120.78419,2023-03-22,1.0,gbif
Ca Trich,Nematalosa,24.60889,120.78419,2023-03-22,1.0,gbif
Ca Trich,Nematalosa,24.66454,120.83985,2023-06-29,1.0,gbif
Ca Trich,Nematalosa,23.10712,120.20552,2022-05-30,1.0,gbif
Ca Trich,Nematalosa,23.05733,120.07747,2022-05-31,1.0,gbif
Ca Trich,Nematalosa,23.05733,120.07747,2022-05-31,1.0,gbif
Ca Trich,Nematalosa,22.80041,120.23196,2022-11-30,1.0,gbif
Ca Trich,Nematalosa,22.80442,120.21626,2022-11-30,1.0,gbif
Ca Trich,Nematalosa,22.80442,120.21626,2022-11-30,1.0,gbif
Ca Trich,Nematalosa,23.51473,120.1793,2022-12-19,1.0,gbif
Ca Trich,Nematalosa,23.5147,120.17977,2022-12-19,1.0,gbif
Ca Trich,Nematalosa,23.51481,120.17876,2023-03-06,1.0,gbif
Ca Trich,Nematalosa,23.51481,120.17876,2023-03-06,1.0,gbif
Ca Trich,Nematalosa,5.679,102.7122,2021-11-20,1.0,gbif
Ca Trich,Nematalosa,5.679,102.7122,2021-11-20,1.0,gbif
Ca Trich,Nematalosa,5.679,102.7122,2021-11-27,1.0,gbif
Ca Trich,Nematalosa,5.679,102.7122,2021-11-27,1.0,gbif
Ca Trich,Nematalosa,5.679,102.7122,2022-01-17,1.0,gbif
Ca Trich,Nematalosa,25.05029,121.016204,2020-01-16,1.0,gbif
Ca Trich,Nematalosa,23.038395,120.021337,2020-03-03,1.0,gbif
Ca Trich,Nematalosa,23.02515,120.031832,2020-03-03,1.0,gbif
Ca Trich,Nematalosa,24.862165,120.890855,2020-11-19,1.0,gbif
Ca Trich,Nematalosa,24.3385,120.513183,2021-01-31,1.0,gbif
Ca Trich,Nematalosa,24.862165,120.890855,2021-02-03,1.0,gbif
Ca Trich,Nematalosa,24.507883,120.6485,2023-01-12,1.0,gbif
Ca Trich,Nematalosa,24.753183,120.827617,2023-01-12,1.0,gbif
Ca Trich,Nematalosa,24.845,120.937,2021-07-29,1.0,gbif
Ca Trich,Nematalosa,24.845,120.937,2021-07-29,1.0,gbif
Ca Trich,Nematalosa,23.143842,120.076266,2020-01-14,1.0,gbif
Ca Trich,Nematalosa,23.127064,120.055231,2020-01-16,1.0,gbif
Ca Trich,Nematalosa,23.118403,120.088635,2020-01-15,1.0,gbif
Ca Trich,Nematalosa,23.107992,120.043438,2020-01-16,1.0,gbif
Ca Trich,Nematalosa,23.124482,120.074022,2020-01-15,1.0,gbif
Ca Trich,Nematalosa,23.143842,120.076266,2020-03-16,1.0,gbif
Ca Trich,Nematalosa,23.127064,120.055231,2020-03-18,1.0,gbif
Ca Trich,Nematalosa,23.107992,120.043438,2020-03-18,1.0,gbif
Ca Trich,Nematalosa,23.124482,120.074022,2020-03-17,1.0,gbif
Ca Trich,Nematalosa,23.143842,120.076266,2020-05-13,1.0,gbif
Ca Trich,Nematalosa,23.114808,120.098873,2020-05-07,1.0,gbif
Ca Trich,Nematalosa,23.114808,120.098873,2020-05-12,1.0,gbif
Ca Trich,Nematalosa,23.127064,120.055231,2020-05-15,1.0,gbif
Ca Trich,Nematalosa,23.118403,120.088635,2020-05-14,1.0,gbif
Ca Trich,Nematalosa,23.124482,120.074022,2020-05-14,1.0,gbif
Ca Trich,Nematalosa,23.143842,120.076266,2020-07-13,1.0,gbif
Ca Trich,Nematalosa,23.114808,120.098873,2020-07-10,1.0,gbif
Ca Trich,Nematalosa,23.114808,120.098873,2020-07-11,1.0,gbif
Ca Trich,Nematalosa,23.127064,120.055231,2020-07-15,1.0,gbif
Ca Trich,Nematalosa,23.107992,120.043438,2020-07-15,1.0,gbif
Ca Trich,Nematalosa,23.124482,120.074022,2020-07-14,1.0,gbif
Ca Trich,Nematalosa,23.143842,120.076266,2020-09-07,1.0,gbif
Ca Trich,Nematalosa,23.114808,120.098873,2020-09-03,1.0,gbif
Ca Trich,Nematalosa,23.127064,120.055231,2020-09-09,1.0,gbif
Ca Trich,Nematalosa,23.107992,120.043438,2020-09-09,1.0,gbif
Ca Trich,Nematalosa,23.124482,120.074022,2020-09-07,1.0,gbif
Ca Trich,Nematalosa,23.143842,120.076266,2020-11-04,1.0,gbif
Ca Trich,Nematalosa,23.114808,120.098873,2020-11-03,1.0,gbif
Ca Trich,Nematalosa,23.127064,120.055231,2020-11-06,1.0,gbif
Ca Trich,Nematalosa,23.124482,120.074022,2020-11-05,1.0,gbif
Ca Trich,Nematalosa,23.143842,120.076266,2021-02-02,1.0,gbif
Ca Trich,Nematalosa,23.118403,120.088635,2021-02-03,1.0,gbif
Ca Trich,Nematalosa,23.107992,120.043438,2021-02-04,1.0,gbif
Ca Trich,Nematalosa,23.143842,120.076266,2021-04-06,1.0,gbif
Ca Trich,Nematalosa,23.114808,120.098873,2021-04-01,1.0,gbif
Ca Trich,Nematalosa,23.127064,120.055231,2021-04-08,1.0,gbif
Ca Trich,Nematalosa,23.107992,120.043438,2021-04-08,1.0,gbif
Ca Trich,Nematalosa,23.143842,120.076266,2021-06-02,1.0,gbif
Ca Trich,Nematalosa,23.114808,120.098873,2021-05-27,1.0,gbif
Ca Trich,Nematalosa,23.114808,120.098873,2021-05-29,1.0,gbif
Ca Trich,Nematalosa,23.114808,120.098873,2021-06-01,1.0,gbif
Ca Trich,Nematalosa,23.127064,120.055231,2021-06-04,1.0,gbif
Ca Trich,Nematalosa,23.118403,120.088635,2021-06-03,1.0,gbif
Ca Trich,Nematalosa,23.107992,120.043438,2021-06-04,1.0,gbif
Ca Trich,Nematalosa,23.124482,120.074022,2021-06-03,1.0,gbif
Ca Trich,Nematalosa,23.143842,120.076266,2021-10-12,1.0,gbif
Ca Trich,Nematalosa,23.127064,120.055231,2021-10-14,1.0,gbif
Ca Trich,Nematalosa,23.107992,120.043438,2021-10-14,1.0,gbif
Ca Trich,Nematalosa,23.124482,120.074022,2021-10-13,1.0,gbif
Ca Trich,Nematalosa,23.554725,120.164169,2021-07-27,1.0,gbif
Ca Trich,Nematalosa,23.555397,120.15878,2022-07-21,1.0,gbif
Ca Trich,Nematalosa,23.555932,120.161599,2022-08-03,1.0,gbif
Ca Trich,Nematalosa,23.555766,120.160049,2023-09-22,1.0,gbif
Ca Trich,Nematalosa,24.60873,120.78452,2022-12-13,1.0,gbif
Ca Trich,Nematalosa,24.60873,120.78452,2022-12-13,1.0,gbif
Ca Trich,Nematalosa,24.60873,120.78452,2022-12-13,1.0,gbif
Ca Trich,Nematalosa,24.60873,120.78452,2022-12-13,1.0,gbif
Ca Trich,Nematalosa,24.60873,120.78452,2022-12-13,1.0,gbif
Ca Trich,Nematalosa,24.60877,120.78442,2022-12-13,1.0,gbif
Ca Trich,Nematalosa,24.60877,120.78442,2022-12-13,1.0,gbif
Ca Trich,Nematalosa,24.60877,120.78442,2022-12-13,1.0,gbif
Ca Trich,Nematalosa,23.10733,120.20572,2022-11-09,1.0,gbif
Ca Trich,Nematalosa,23.28977,120.14243,2022-12-12,1.0,gbif
Ca Trich,Nematalosa,23.28977,120.14243,2022-12-12,1.0,gbif
Ca Trich,Nematalosa,23.28977,120.14243,2022-12-12,1.0,gbif
Ca Trich,Nematalosa,23.28977,120.14243,2022-12-12,1.0,gbif
Ca Trich,Nematalosa,23.28959,120.14278,2022-12-12,1.0,gbif
Ca Trich,Nematalosa,23.28959,120.14278,2022-12-12,1.0,gbif
Ca Trich,Nematalosa,23.28959,120.14278,2022-12-12,1.0,gbif
Ca Trich,Nematalosa,23.28959,120.14278,2022-12-12,1.0,gbif
Ca Trich,Nematalosa,23.28959,120.14278,2022-12-12,1.0,gbif
Ca Trich,Nematalosa,23.51474,120.17946,2023-08-15,1.0,gbif
Ca Trich,Nematalosa,23.51475,120.17966,2023-08-15,1.0,gbif
Ca Trich,Nematalosa,23.51475,120.17966,2023-08-15,1.0,gbif
Ca Trich,Nematalosa,23.038395,120.021337,2020-03-03,1.0,gbif
Ca Trich,Nematalosa,23.18973,120.065444,2020-04-29,1.0,gbif
Ca Trich,Nematalosa,22.51325,120.30881,2020-06-03,1.0,gbif
Ca Trich,Nematalosa,23.18973,120.065444,2020-06-16,1.0,gbif
Ca Trich,Nematalosa,24.40866,54.41551,2024-12-17T00:00Z,1.0,gbif
Ca Trich,Nematalosa,24.40866,54.41551,2024-12-17T00:00Z,1.0,gbif
Ca Trich,Nematalosa,24.44779,54.32323,2024-12-17T00:00Z,1.0,gbif
Ca Trich,Sardina,21.703931,89.261001,2023-01-09,1.0,gbif
Ca Trich,Sardina,21.703917,89.260995,2023-01-09,1.0,gbif
Ca Trich,Sardina,21.75489,89.28418,2023-01-09,1.0,gbif
Ca Trich,Sardina,21.703521,89.261482,2023-01-09,1.0,gbif
Ca Trich,Sardina,21.754752,89.283835,2023-01-09,1.0,gbif
Ca Trich,Sardina,21.827841,89.195423,2023-01-08,1.0,gbif
Ca Trich,Sardina,21.703521,89.261482,2023-01-09,1.0,gbif
Ca Trich,Sardina,21.827841,89.195423,2023-01-08,1.0,gbif
Ca Trich,Sardina,21.703931,89.261001,2023-01-09,1.0,gbif
Ca Trich,Sardina,21.703917,89.260995,2023-01-09,1.0,gbif
Ca Trich,Sardina,21.75489,89.28418,2023-01-09,1.0,gbif
Ca Trich,Sardinella,25.05029,121.016204,2020-06-22,1.0,gbif
Ca Trich,Sardinella,21.703917,89.260995,2023-01-09,1.0,gbif
Ca Trich,Sardinella,21.75489,89.28418,2023-01-09,1.0,gbif
Ca Trich,Sardinella,21.79321,89.281313,2023-01-09,1.0,gbif
Ca Trich,Sardinella,21.756641,89.22312,2023-01-08,1.0,gbif
Ca Trich,Sardinella,21.827841,89.195423,2023-01-08,1.0,gbif
Ca Trich,Sardinella,21.756639,89.222982,2023-01-09,1.0,gbif
Ca Trich,Sardinella,21.79321,89.281313,2023-01-09,1.0,gbif
Ca Trich,Sardinella,21.756641,89.22312,2023-01-08,1.0,gbif
Ca Trich,Sardinella,21.703917,89.260995,2023-01-09,1.0,gbif
Ca Trich,Sardinella,21.75489,89.28418,2023-01-09,1.0,gbif
Ca Trich,Sardinella,21.703917,89.260995,2023-01-09,1.0,gbif
Ca Trich,Sardinella,21.75489,89.28418,2023-01-09,1.0,gbif
Ca Trich,Sardinella,21.703917,89.260995,2023-01-09,1.0,gbif
Ca Trich,Sardinella,21.75489,89.28418,2023-01-09,1.0,gbif
Ca Trich,Sardinella,21.79321,89.281313,2023-01-09,1.0,gbif
Ca Trich,Sardinella,21.79321,89.281313,2023-01-09,1.0,gbif
Ca Trich,Sardinella,21.756641,89.22312,2023-01-08,1.0,gbif
Ca Trich,Sardinella,21.75489,89.28418,2023-01-09,1.0,gbif
Ca Trich,Sardinella,21.75489,89.28418,2023-01-09,1.0,gbif
Ca Trich,Sardinella,21.79321,89.281313,2023-01-09,1.0,gbif
Ca Trich,Sardinella,21.756641,89.22312,2023-01-08,1.0,gbif
Ca Trich,Sardinella,21.703917,89.260995,2023-01-09,1.0,gbif
Ca Trich,Sardinella,21.75489,89.28418,2023-01-09,1.0,gbif
Ca Trich,Sardinella,21.827841,89.195423,2023-01-08,1.0,gbif
Ca Trich,Sardinella,21.756639,89.222982,2023-01-09,1.0,gbif
Ca Trich,Sardinella,21.827841,89.195423,2023-01-08,1.0,gbif
Ca Trich,Sardinella,21.756639,89.222982,2023-01-09,1.0,gbif
Ca Trich,Sardinella,23.196826,120.059133,2020-04-29,1.0,gbif
Ca Trich,Sardinella,5.689,102.704,2023-02-09,1.0,gbif
Ca Trich,Sardinella,5.7324,102.6655,2022-10-19,1.0,gbif
Ca Trich,Sardinella,5.7324,102.6655,2022-10-19,1.0,gbif
Ca Trich,Sardinella,5.648,102.76,2023-06-08,1.0,gbif
Ca Trich,Sardinella,5.648,102.76,2023-06-08,1.0,gbif
Ca Trich,Sardinella,23.1346,120.0717,2021-12-02,1.0,gbif
Ca Trich,Sardinella,23.1346,120.0717,2022-01-12,1.0,gbif
Ca Trich,Sardinella,23.1346,120.0717,2022-02-20,1.0,gbif
Ca Trich,Sardinella,23.1346,120.0717,2022-03-08,1.0,gbif
Ca Trich,Sardinella,23.1346,120.0717,2022-04-03,1.0,gbif
Ca Trich,Sardinella,23.1346,120.0717,2022-07-15,1.0,gbif
Ca Trich,Sardinella,23.1346,120.0717,2022-07-30,1.0,gbif
Ca Trich,Sardinella,23.1346,120.0717,2022-10-11,1.0,gbif
Ca Trich,Sardinella,23.1346,120.0717,2022-10-27,1.0,gbif
Ca Trich,Sardinella,23.1346,120.0717,2022-11-11,1.0,gbif
Ca Trich,Sardinella,23.1346,120.0717,2022-11-28,1.0,gbif
Ca Trich,Sardinella,24.848674,120.936475,2021-10-20,1.0,gbif
Ca Trich,Sardinella,24.848674,120.936475,2021-10-20,1.0,gbif
Ca Trich,Sardinella,24.848674,120.936475,2021-10-20,1.0,gbif
Ca Trich,Sardinella,21.79321,89.281313,2023-01-09,1.0,gbif
Ca Trich,Sardinella,21.756641,89.22312,2023-01-08,1.0,gbif
Ca Trich,Sardinella,25.05029,121.016204,2020-04-24,1.0,gbif
Ca Trich,Sardinella,23.18973,120.065444,2020-04-29,1.0,gbif
Ca Trich,Sardinella,23.196826,120.059133,2020-09-23,1.0,gbif
Ca Trich,Sardinella,23.18973,120.065444,2020-09-23,1.0,gbif
Ca Trich,Sardinella,22.51325,120.30881,2021-02-01,1.0,gbif
Ca Trich,Sardinella,24.753183,120.827617,2022-05-09,1.0,gbif
Ca Trich,Sardinella,23.1346,120.0717,2022-12-13,1.0,gbif
Ca Trich,Sardinella,23.1346,120.0717,2022-12-25,1.0,gbif
Ca Trich,Sardinella,23.127064,120.055231,2021-02-04,1.0,gbif
Ca Trich,Sardinella,23.107992,120.043438,2021-02-04,1.0,gbif
Ca Trich,Sardinella,23.107992,120.043438,2021-06-04,1.0,gbif
Ca Trich,Sardinella,23.01908,120.055523,2020-03-03,1.0,gbif
Ca Trich,Sardinella,22.51325,120.30881,2020-06-03,1.0,gbif
Ca Trich,Sardinella,22.51325,120.30881,2020-06-03,1.0,gbif
Ca Trich,Sardinella,23.143842,120.076266,2020-03-16,1.0,gbif
Ca Trich,Sardinella,23.124482,120.074022,2020-11-05,1.0,gbif
Ca Trich,Sardinella,23.107992,120.043438,2021-02-04,1.0,gbif
Ca Trich,Sardinella,23.114808,120.098873,2021-12-04,1.0,gbif
Ca Trich,Sardinella,23.107992,120.043438,2021-12-10,1.0,gbif
Ca Trich,Sardinella,23.124482,120.074022,2021-12-09,1.0,gbif
Ca Trich,Sardinella,24.40866,54.41551,2024-12-17T00:00Z,1.0,gbif
Ca Trich,Sardinella,24.40866,54.41551,2024-12-17T00:00Z,1.0,gbif
Ca Trich,Sardinops,34.188611,127.43975,2024-08-14,1.0,gbif
Ca Trich,Tenualosa,,,2020-03-15,1.0,gbif
Ca Trich,Tenualosa,,,2020-03-15,1.0,gbif
Ca Trich,Tenualosa,,,2020-03-15,1.0,gbif
Ca Trich,Tenualosa,,,2020-03-15,1.0,gbif
Ca Trich,Tenualosa,,,2020-03-15,1.0,gbif
Ca Trich,Tenualosa,,,2020-03-15,1.0,gbif
Ca Trich,Tenualosa,,,2022-12-17,1.0,gbif
Ca Trich,Tenualosa,21.754752,89.283835,2023-01-09,1.0,gbif
Ca Trich,Tenualosa,21.827841,89.195423,2023-01-08,1.0,gbif
Ca Trich,Tenualosa,21.827841,89.195423,2023-01-08,1.0,gbif
Ca Trich,Alosa,43.132677,40.907167,2021-02-02T23:01:42,1.0,gbif
Ca Trich,Herklotsichthys,24.445549,54.431321,2025-10-15T13:49,1.0,gbif
Ca Trich,Herklotsichthys,5.854788,95.272086,2024-10-19T09:49,1.0,gbif
Ca Trich,Sardinella,36.322589,28.210273,2025-06-24T18:42:17,1.0,gbif
Ca Trich,Spratelloides,36.23166,28.153061,2025-11-20T14:57:57,1.0,gbif
Ca Trich,Herklotsichthys,12.030308,92.996775,2025-04-04T14:52:35,1.0,gbif
Ca Trich,Clupeichthys,14.45123,100.45997,2024-05-26,1.0,gbif
Ca Trich,Herklotsichthys,36.39535,30.477016,2024-09-20T17:11,1.0,gbif
Ca Trich,Herklotsichthys,36.191,29.61,2025-10-01T18:56,1.0,gbif
Ca Trich,Sardinops,40.531594,141.553888,2023-10-18T22:36:48,1.0,gbif
Ca Trich,Sardinella,37.8628,27.245845,2025-09-22T11:17:51,1.0,gbif
Ca Trich,Sardinella,37.863033,27.245813,2025-09-22T11:17:40,1.0,gbif
Ca Trich,Clupeoides,14.17823,100.5019,2024-01-13,1.0,gbif
Ca Trich,Anodontostoma,-8.760437,115.169216,2022-04-15,1.0,gbif
Ca Trich,Sardinops,-8.757881,115.168083,2025-07-22T14:47,1.0,gbif
Ca Trich,Sardina,40.4284,27.6332,2020-07-10,1.0,gbif
Ca Trich,Sardinella,40.4284,27.6332,2020-07-10,1.0,gbif
Ca Trich,Sprattus,40.4284,27.6332,2020-07-10,1.0,gbif
Ca Trich,Hilsa,22.160505,90.120063,2025-05-10T19:45,1.0,gbif
Ca Trich,Konosirus,21.991822,89.941151,2025-07-17,1.0,gbif
Ca Trich,Nematalosa,21.982609,89.816547,2025-06-29T13:30,1.0,gbif
Ca Trich,Sardinella,21.958211,89.986887,2025-09-10,1.0,gbif
Ca Trich,Tenualosa,22.160505,90.120063,2022-04-23T07:52:49,1.0,gbif
Ca Trich,Tenualosa,21.82104,90.121423,2022-04-28T10:23:08,1.0,gbif
Ca Trich,Tenualosa,21.82104,90.121423,2022-04-28T10:23:15,1.0,gbif
Ca Trich,Tenualosa,21.82104,90.121423,2022-04-28T10:23:27,1.0,gbif
Ca Trich,Tenualosa,22.13013,90.932059,2021-01-18T14:15:29,1.0,gbif
Ca Trich,Gudusia,25.652863,84.387866,2025-12-23T14:21:31,1.0,gbif
Ca Trich,Anodontostoma,10.9403,108.279,2024-01-28,1.0,gbif
Ca Trich,Escualosa,10.9247,108.097,2024-01-28,1.0,gbif
Ca Trich,Sardinella,10.9403,108.279,2024-01-28,1.0,gbif
Ca Trich,Herklotsichthys,9.948765,123.364654,2023-06-17T06:55,1.0,gbif
Ca Trich,Herklotsichthys,9.956624,123.366316,2024-04-19T12:41,1.0,gbif
Ca Trich,Herklotsichthys,9.94883,123.365186,2025-04-30T08:25,1.0,gbif
Ca Trich,Sardinops,9.943235,123.368547,2023-09-20T10:49:24,1.0,gbif
Ca Trich,Herklotsichthys,1.263651,103.813051,2024-03-24T11:12,1.0,gbif
Ca Trich,Herklotsichthys,1.265668,103.800115,2024-05-08T14:41,1.0,gbif
Ca Trich,Herklotsichthys,1.296363,103.904708,2024-08-06T17:49,1.0,gbif
Ca Trich,Herklotsichthys,1.222103,103.851928,2024-07-31T18:18:50,1.0,gbif
Ca Trich,Hilsa,1.265867,103.799538,2025-05-17T14:32:01,1.0,gbif
Ca Trich,Sardinella,1.265862,103.7995,2025-05-17T14:47:25,1.0,gbif
Ca Trich,Sardinella,1.265853,103.799538,2025-05-17T14:39:36,1.0,gbif
Ca Trich,Sardinella,1.273042,103.851387,2025-06-05T16:10:03,1.0,gbif
Ca Trich,Sardinella,12.693797,102.206283,2023-09-05T07:42:05,1.0,gbif
Ca Trich,Konosirus,35.543485,140.059667,2023-08-20T08:01:59,1.0,gbif
Ca Trich,Konosirus,35.544369,140.060036,2023-08-20T15:46:16,1.0,gbif
Ca Trich,Sardinella,35.672585,139.966955,2024-09-07T17:31,1.0,gbif
Ca Trich,Konosirus,35.137194,139.837972,2020-08-22,1.0,gbif
Ca Trich,Konosirus,35.114194,139.826778,2020-08-20,1.0,gbif
Ca Trich,Konosirus,36.262646,126.543406,2021-08-17,1.0,gbif
Ca Trich,Sardinella,36.001014,126.698969,2023-10-26,1.0,gbif
Ca Trich,Sardinella,36.001014,126.698969,2023-10-26,1.0,gbif
Ca Trich,Hilsa,20.717609,70.960451,2024-08-31T05:33,1.0,gbif
Ca Trich,Tenualosa,25.165357,89.763368,2025-09-06T10:50:58,1.0,gbif
Ca Trich,Tenualosa,25.165387,89.763468,2025-09-06T10:34:15,1.0,gbif
Ca Trich,Tenualosa,24.247505,89.919472,2020-08-22T11:17:16,1.0,gbif
Ca Trich,Herklotsichthys,1.30683,103.94152,2022-11-27T14:53:53,1.0,gbif
Ca Trich,Herklotsichthys,1.305447,103.942178,2023-11-08T12:36:58,1.0,gbif
Ca Trich,Herklotsichthys,1.30615,103.941887,2023-11-15T13:05:33,1.0,gbif
Ca Trich,Herklotsichthys,1.306345,103.94178,2023-12-04T13:52:28,1.0,gbif
Ca Trich,Herklotsichthys,1.30591,103.941968,2024-08-04T18:22,1.0,gbif
Ca Trich,Herklotsichthys,1.306205,103.941807,2024-08-08T17:06,1.0,gbif
Ca Trich,Herklotsichthys,1.305848,103.942025,2025-02-15T13:17,1.0,gbif
Ca Trich,Herklotsichthys,1.305422,103.942138,2025-06-15T14:43:55,1.0,gbif
Ca Trich,Herklotsichthys,1.305905,103.941524,2025-09-13T16:59,1.0,gbif
Ca Trich,Hilsa,1.305775,103.942102,2024-05-31T19:03:57,1.0,gbif
Ca Trich,Hilsa,1.306019,103.941943,2024-05-31T20:52:35,1.0,gbif
Ca Trich,Hilsa,1.307083,103.941612,2024-06-23T14:04:47,1.0,gbif
Ca Trich,Hilsa,1.305478,103.942213,2024-07-03T07:56:42,1.0,gbif
Ca Trich,Hilsa,1.307293,103.94156,2024-07-05T17:04,1.0,gbif
Ca Trich,Hilsa,1.306902,103.941685,2024-07-05T17:06,1.0,gbif
Ca Trich,Hilsa,1.305287,103.942215,2024-06-29T17:12,1.0,gbif
Ca Trich,Hilsa,1.305287,103.942215,2024-06-29T17:14,1.0,gbif
Ca Trich,Hilsa,1.305287,103.942215,2024-06-29T17:13,1.0,gbif
Ca Trich,Hilsa,1.305287,103.942215,2024-06-29T17:13,1.0,gbif
Ca Trich,Hilsa,1.305287,103.942215,2024-06-29T17:13,1.0,gbif
Ca Trich,Hilsa,1.305287,103.942215,2024-06-29T17:13,1.0,gbif
Ca Trich,Hilsa,1.305287,103.942215,2024-06-29T17:16,1.0,gbif
Ca Trich,Hilsa,1.305287,103.942215,2024-06-29T17:18,1.0,gbif
Ca Trich,Hilsa,1.305287,103.942215,2024-06-29T17:18,1.0,gbif
Ca Trich,Hilsa,1.305287,103.942215,2024-06-29T17:20,1.0,gbif
Ca Trich,Hilsa,1.39132,103.974016,2025-11-08T13:30:25,1.0,gbif
Ca Trich,Sardinella,1.306768,103.941586,2025-05-31T08:13:36,1.0,gbif
Ca Trich,Sardinella,1.30176,103.941955,2025-11-28T16:00,1.0,gbif
Ca Trich,Sardinella,1.305562,103.942165,2024-07-07T16:18,1.0,gbif
Ca Trich,Sardinella,1.30542,103.942455,2024-08-13T20:02,1.0,gbif
Ca Trich,Sardinella,1.307,103.941605,2025-06-08T11:38:11,1.0,gbif
Ca Trich,Sardinella,1.305146,103.941591,2025-11-28T06:58,1.0,gbif
Ca Trich,Sardinella,1.305285,103.942216,2024-04-12T20:00,1.0,gbif
Ca Trich,Nematalosa,22.284147,114.180595,2024-06-19T18:03:51,1.0,gbif
Ca Trich,Sardinops,33.333333,132.166667,2020-03-30,1.0,gbif
Ca Trich,Sardinops,33.333333,132.166667,2020-03-30,1.0,gbif
Ca Trich,Sardinops,33.333333,132.166667,2020-03-30,1.0,gbif
Ca Trich,Sardinops,33.333333,132.166667,2020-03-30,1.0,gbif
Ca Trich,Sardinops,33.333333,132.166667,2020-03-30,1.0,gbif
Ca Trich,Clupanodon,24.549342,118.102755,2023-12-15T20:19:03,1.0,gbif
Ca Trich,Clupanodon,24.440292,118.150214,2024-11-11T11:21:02,1.0,gbif
Ca Trich,Clupanodon,24.448711,118.231768,2024-11-22T09:06,1.0,gbif
Ca Trich,Clupanodon,26.045521,119.321848,2025-02-20T16:37:56,1.0,gbif
Ca Trich,Clupanodon,26.044862,119.320682,2025-02-22T10:40:24,1.0,gbif
Ca Trich,Clupanodon,24.439557,118.147533,2025-08-30T16:33:19,1.0,gbif
Ca Trich,Clupanodon,24.52113,118.194083,2025-10-18T11:42:09,1.0,gbif
Ca Trich,Clupanodon,24.519547,118.194442,2025-10-18T11:33:19,1.0,gbif
Ca Trich,Escualosa,24.548735,118.102432,2023-12-01T20:03,1.0,gbif
Ca Trich,Konosirus,26.8901,120.2695,2025-01-18T12:07:43,1.0,gbif
Ca Trich,Konosirus,25.977064,119.706978,2025-10-05T13:47:22,1.0,gbif
Ca Trich,Sardinops,33.945,130.956944,2023-01-08,1.0,gbif
Ca Trich,Sardinops,33.945,130.956944,2023-01-08,1.0,gbif
Ca Trich,Sardinops,33.945,130.956944,2023-01-08,1.0,gbif
Ca Trich,Sardinops,33.945,130.956944,2023-01-08,1.0,gbif
Ca Trich,Sardinops,33.945,130.956944,2023-01-08,1.0,gbif
Ca Trich,Herklotsichthys,5.985791,80.327995,2024-08-07T11:22:44,1.0,gbif
Ca Trich,Escualosa,7.240967,79.841884,2025-04-25T14:01,1.0,gbif
Ca Trich,Escualosa,7.239467,79.840275,2025-04-25T15:19,1.0,gbif
Ca Trich,Clupea,38.1525,128.660278,2022-03-14,1.0,gbif
Ca Trich,Konosirus,37.742222,128.984444,2022-05-17,1.0,gbif
Ca Trich,Konosirus,38.48057,128.4386,2021-10-26,1.0,gbif
Ca Trich,Konosirus,38.33633,128.5176,2022-12-07T14:49,1.0,gbif
Ca Trich,Konosirus,38.329258,128.522945,2022-12-07T15:01,1.0,gbif
Ca Trich,Sardinops,38.078206,128.673263,2025-08-17T21:23:14,1.0,gbif
Ca Trich,Escualosa,15.71404,73.701668,2025-02-16T04:48:22,1.0,gbif
Ca Trich,Sardinella,15.504802,73.767383,2025-11-26T22:46:53,1.0,gbif
Ca Trich,Sardinella,15.280458,73.911774,2025-12-28T18:25:10,1.0,gbif
Ca Trich,Clupanodon,23.106798,113.244771,2024-08-17T11:25,1.0,gbif
Ca Trich,Clupanodon,22.896912,112.890427,2025-06-08T11:08:57,1.0,gbif
Ca Trich,Clupanodon,23.096125,113.33937,2022-05-28T10:22,1.0,gbif
Ca Trich,Escualosa,21.645689,111.761769,2025-03-02T10:52:52,1.0,gbif
Ca Trich,Konosirus,21.461614,111.137663,2025-10-06T10:29:45,1.0,gbif
Ca Trich,Konosirus,22.515156,113.945775,2025-12-26T16:28,1.0,gbif
Ca Trich,Nematalosa,22.488463,113.940401,2024-03-17T14:50:03,1.0,gbif
Ca Trich,Nematalosa,22.609754,114.356937,2023-05-02T17:59:09,1.0,gbif
Ca Trich,Clupanodon,21.678499,108.722414,2024-12-28T18:38:19,1.0,gbif
Ca Trich,Clupanodon,21.065,109.096,2023-08-12,1.0,gbif
Ca Trich,Clupanodon,21.078,109.12,2023-08-13,1.0,gbif
Ca Trich,Nematalosa,21.05,109.117,2022-04-21,1.0,gbif
Ca Trich,Nematalosa,21.019,109.083,2023-08-12,1.0,gbif
Ca Trich,Nematalosa,21.065,109.096,2023-08-12,1.0,gbif
Ca Trich,Nematalosa,21.078,109.12,2023-08-13,1.0,gbif
Ca Trich,Nematalosa,21.071,109.138,2023-08-13,1.0,gbif
Ca Trich,Nematalosa,21.062,109.147,2023-08-14,1.0,gbif
Ca Trich,Nematalosa,21.048,109.151,2023-08-14,1.0,gbif
Ca Trich,Nematalosa,21.035,109.148,2023-08-15,1.0,gbif
Ca Trich,Nematalosa,21.018,109.135,2023-08-15,1.0,gbif
Ca Trich,Sardinella,21.019,109.083,2023-08-12,1.0,gbif
Ca Trich,Sardinella,21.078,109.12,2023-08-13,1.0,gbif
Ca Trich,Sardinella,21.071,109.138,2023-08-13,1.0,gbif
Ca Trich,Sardinella,21.05,109.117,2022-04-21,1.0,gbif
Ca Trich,Sardinella,21.019,109.083,2023-08-12,1.0,gbif
Ca Trich,Sardinella,21.065,109.096,2023-08-12,1.0,gbif
Ca Trich,Sardinella,21.078,109.12,2023-08-13,1.0,gbif
Ca Trich,Sardinella,21.071,109.138,2023-08-13,1.0,gbif
Ca Trich,Sardinella,21.062,109.147,2023-08-14,1.0,gbif
Ca Trich,Sardinella,21.035,109.148,2023-08-15,1.0,gbif
Ca Trich,Sardinella,21.018,109.135,2023-08-15,1.0,gbif
Ca Trich,Sardinella,21.065,109.096,2023-08-12,1.0,gbif
Ca Trich,Sardinella,21.035,109.148,2023-08-15,1.0,gbif
Ca Trich,Sardinella,21.018,109.135,2023-08-15,1.0,gbif
Ca Trich,Sardinella,21.019,109.083,2023-08-12,1.0,gbif
Ca Trich,Sardinella,21.065,109.096,2023-08-12,1.0,gbif
Ca Trich,Sardinella,21.078,109.12,2023-08-13,1.0,gbif
Ca Trich,Sardinella,21.071,109.138,2023-08-13,1.0,gbif
Ca Trich,Sardinella,21.062,109.147,2023-08-14,1.0,gbif
Ca Trich,Sardinella,21.048,109.151,2023-08-14,1.0,gbif
Ca Trich,Sardinella,21.035,109.148,2023-08-15,1.0,gbif
Ca Trich,Sardinella,21.018,109.135,2023-08-15,1.0,gbif
Ca Trich,Sardinella,21.108,70.1,2024-02-08,1.0,gbif
Ca Trich,Sprattus,41.95473,41.745917,2025-05-05T17:04:32,1.0,gbif
Ca Trich,Konosirus,34.82245,128.038,2022-06-15,1.0,gbif
Ca Trich,Konosirus,35.202411,128.576538,2021-08-29,1.0,gbif
Ca Trich,Clupea,34.74119,127.8563,2022-09-27,1.0,gbif
Ca Trich,Konosirus,35.099031,128.5044,2023-08-18,1.0,gbif
Ca Trich,Sardinella,34.74132,127.8563,2022-09-27,1.0,gbif
Ca Trich,Sardinella,34.691833,127.929031,2022-09-27T17:46,1.0,gbif
Ca Trich,Sardinops,34.795511,128.442411,2023-06-05,1.0,gbif
Ca Trich,Sardinops,35.19801,128.576694,2024-11-15T13:54,1.0,gbif
Ca Trich,Herklotsichthys,32.981364,35.08071,2025-09-14T11:32,1.0,gbif
Ca Trich,Herklotsichthys,32.835579,34.97796,2022-08-27T10:53,1.0,gbif
Ca Trich,Herklotsichthys,32.835998,34.978286,2022-08-27T11:11,1.0,gbif
Ca Trich,Herklotsichthys,32.835753,34.979274,2024-06-01T15:50,1.0,gbif
Ca Trich,Herklotsichthys,32.835795,34.979059,2024-06-01T15:50,1.0,gbif
Ca Trich,Herklotsichthys,32.835912,34.977989,2024-06-13T18:50,1.0,gbif
Ca Trich,Herklotsichthys,32.836082,34.978002,2024-06-23T09:26,1.0,gbif
Ca Trich,Herklotsichthys,32.834133,34.976318,2024-08-15T08:41,1.0,gbif
Ca Trich,Herklotsichthys,32.836317,34.978332,2020-10-25T06:48,1.0,gbif
Ca Trich,Herklotsichthys,32.836486,34.978119,2021-06-13T14:10,1.0,gbif
Ca Trich,Herklotsichthys,32.835679,34.976805,2020-12-05T16:27,1.0,gbif
Ca Trich,Herklotsichthys,32.835834,34.977434,2020-11-11T17:25,1.0,gbif
Ca Trich,Herklotsichthys,32.835834,34.977434,2020-11-11T17:25,1.0,gbif
Ca Trich,Herklotsichthys,32.83422,34.976468,2020-11-10T14:28,1.0,gbif
Ca Trich,Herklotsichthys,32.836186,34.97812,2024-06-13T18:58,1.0,gbif
Ca Trich,Herklotsichthys,32.836186,34.97812,2024-06-13T18:56,1.0,gbif
Ca Trich,Clupanodon,20.023418,110.489531,2023-11-20T10:40,1.0,gbif
Ca Trich,Clupanodon,20.025465,110.485301,2023-11-20T11:21,1.0,gbif
Ca Trich,Konosirus,39.165443,118.045432,2025-09-27T13:21,1.0,gbif
Ca Trich,Clupea,43.916944,144.663333,2022-09-06,1.0,gbif
Ca Trich,Clupea,43.664221,145.133481,2025-07-29T13:38:17,1.0,gbif
Ca Trich,Sardinops,43.567081,145.223754,2025-08-24T10:14:53,1.0,gbif
Ca Trich,Sardinops,41.764495,140.706009,2023-09-18T19:13:22,1.0,gbif
Ca Trich,Sardinella,34.69277,135.358397,2025-05-16T18:26:07,1.0,gbif
Ca Trich,Konosirus,35.987072,140.353735,2024-09-26,1.0,gbif
Ca Trich,Clupanodon,22.113167,113.560242,2023-08-13T17:10:05,1.0,gbif
Ca Trich,Clupanodon,22.11978,113.570431,2025-06-29T16:11:25,1.0,gbif
Ca Trich,Sardinella,37.599742,126.312494,2021-10-24,1.0,gbif
Ca Trich,Sardinella,37.599742,126.312494,2021-10-24,1.0,gbif
Ca Trich,Sardinops,35.09651,129.031544,2022-08-13T14:18:13,1.0,gbif
Ca Trich,Amblygaster,22.265712,113.995071,2022-03-09T10:31,1.0,gbif
Ca Trich,Clupanodon,22.243376,113.975349,2022-07-02,1.0,gbif
Ca Trich,Clupanodon,22.26999,113.856875,2024-09-09T10:46,1.0,gbif
Ca Trich,Clupanodon,22.264122,114.051261,2021-11-15T17:00,1.0,gbif
Ca Trich,Hilsa,22.253995,113.86213,2021-02-04T10:23:59,1.0,gbif
Ca Trich,Nematalosa,22.36405,113.949335,2022-12-21T15:55,1.0,gbif
Ca Trich,Spratelloides,29.4967,34.91016,2023-07-28T13:10,1.0,gbif
Ca Trich,Spratelloides,29.4967,34.91016,2023-07-28T16:50,1.0,gbif
Ca Trich,Amblygaster,-8.594128,114.430947,2024-02-29T23:31:06,1.0,gbif
Ca Trich,Herklotsichthys,-8.593594,114.430806,2024-02-29T22:28:50,1.0,gbif
Ca Trich,Sardinella,-8.720053,114.421476,2024-11-25T21:03:14,1.0,gbif
Ca Trich,Spratelloides,33.219408,126.562468,2024-07-12T11:20,1.0,gbif
Ca Trich,Sardinops,33.243278,126.572083,2023-07-04,1.0,gbif
Ca Trich,Spratelloides,33.460139,126.935417,2023-05-22,1.0,gbif
Ca Trich,Spratelloides,33.1807,126.4827,2023-08-29,1.0,gbif
Ca Trich,Konosirus,36.000158,126.604012,2024-09-18T16:54:40,1.0,gbif
Ca Trich,Sardinella,35.986952,126.54332,2024-10-04T20:00,1.0,gbif
Ca Trich,Amblygaster,34.752227,127.766643,2023-10-01T14:53:58,1.0,gbif
Ca Trich,Konosirus,34.957014,126.376669,2021-08-18,1.0,gbif
Ca Trich,Konosirus,34.378344,126.315089,2021-04-29,1.0,gbif
Ca Trich,Konosirus,34.792882,126.411366,2024-04-18T16:23,1.0,gbif
Ca Trich,Konosirus,34.792604,126.411446,2024-09-24T07:39,1.0,gbif
Ca Trich,Konosirus,34.792845,126.411461,2024-09-24T07:42,1.0,gbif
Ca Trich,Konosirus,34.791392,126.413318,2024-10-08T16:44,1.0,gbif
Ca Trich,Konosirus,34.791783,126.412825,2024-10-08T16:59,1.0,gbif
Ca Trich,Konosirus,34.791697,126.413214,2024-10-08T17:01,1.0,gbif
Ca Trich,Konosirus,34.791539,126.413683,2024-10-08T17:03,1.0,gbif
Ca Trich,Konosirus,34.791823,126.413318,2024-10-08T17:04,1.0,gbif
Ca Trich,Konosirus,34.791761,126.413608,2024-10-08T17:11,1.0,gbif
Ca Trich,Konosirus,34.918604,127.486006,2024-10-03T12:37,1.0,gbif
Ca Trich,Sardinella,34.837388,127.549375,2024-10-03T12:37,1.0,gbif
Ca Trich,Escualosa,1.756487,102.931237,2025-12-15T17:43:46,1.0,gbif
Ca Trich,Herklotsichthys,27.729722,129.020556,2022-07-30,1.0,gbif
Ca Trich,Herklotsichthys,27.729722,129.020556,2022-07-31,1.0,gbif
Ca Trich,Herklotsichthys,27.729722,129.020556,2022-07-30,1.0,gbif
Ca Trich,Konosirus,32.110556,130.285833,2020-05-31,1.0,gbif
Ca Trich,Konosirus,31.4775,130.514444,2020-11-27,1.0,gbif
Ca Trich,Konosirus,31.595556,130.563333,2020-06-10,1.0,gbif
Ca Trich,Konosirus,31.707778,130.619167,2022-06-12,1.0,gbif
Ca Trich,Konosirus,32.110556,130.285833,2020-05-31,1.0,gbif
Ca Trich,Konosirus,31.707778,130.619167,2022-06-12,1.0,gbif
Ca Trich,Konosirus,31.283333,131.083333,2020-02-19,1.0,gbif
Ca Trich,Konosirus,31.707778,130.619167,2022-06-12,1.0,gbif
Ca Trich,Konosirus,32.110556,130.285833,2020-05-31,1.0,gbif
Ca Trich,Konosirus,31.707778,130.619167,2022-06-12,1.0,gbif
Ca Trich,Sardinella,31.428889,130.173611,2020-02-12,1.0,gbif
Ca Trich,Sardinella,31.283333,131.083333,2021-03-08,1.0,gbif
Ca Trich,Sardinella,31.4775,130.514444,2020-11-27,1.0,gbif
Ca Trich,Sardinella,31.283333,131.083333,2021-03-08,1.0,gbif
Ca Trich,Sardinella,31.480833,130.514444,2020-11-17,1.0,gbif
Ca Trich,Sardinella,31.488056,130.539167,2022-06-19,1.0,gbif
Ca Trich,Sardinella,31.4775,130.514444,2020-11-27,1.0,gbif
Ca Trich,Sardinella,31.291389,131.116389,2021-10-12,1.0,gbif
Ca Trich,Sardinella,31.480833,130.514444,2020-11-17,1.0,gbif
Ca Trich,Sardinella,31.480833,130.514444,2020-11-17,1.0,gbif
Ca Trich,Sardinella,31.480833,130.514444,2020-11-17,1.0,gbif
Ca Trich,Sardinella,31.283333,131.083333,2020-02-19,1.0,gbif
Ca Trich,Sardinella,31.428889,130.173611,2020-02-12,1.0,gbif
Ca Trich,Sardinella,31.4775,130.514444,2020-11-27,1.0,gbif
Ca Trich,Sardinella,31.595556,130.563333,2020-09-01,1.0,gbif
Ca Trich,Sardinella,31.428889,130.173611,2020-02-12,1.0,gbif
Ca Trich,Sardinella,31.291389,131.116389,2021-10-12,1.0,gbif
Ca Trich,Sardinops,31.428889,130.196944,2022-04-08,1.0,gbif
Ca Trich,Sardinops,31.428889,130.196944,2022-04-08,1.0,gbif
Ca Trich,Sardinops,31.428889,130.196944,2022-04-08,1.0,gbif
Ca Trich,Spratelloides,29.680278,129.531389,2020-03-14,1.0,gbif
Ca Trich,Spratelloides,29.680278,129.531389,2020-03-14,1.0,gbif
Ca Trich,Spratelloides,29.680278,129.531389,2020-03-14,1.0,gbif
Ca Trich,Spratelloides,29.680278,129.531389,2020-03-14,1.0,gbif
Ca Trich,Spratelloides,29.680278,129.532778,2022-07-26,1.0,gbif
Ca Trich,Spratelloides,31.234722,130.433333,2022-06-27,1.0,gbif
Ca Trich,Spratelloides,29.683333,129.533333,2020-04-10,1.0,gbif
Ca Trich,Spratelloides,29.680278,129.531389,2020-03-14,1.0,gbif
Ca Trich,Spratelloides,29.683333,129.533333,2020-04-10,1.0,gbif
Ca Trich,Spratelloides,29.680278,129.531389,2020-03-14,1.0,gbif
Ca Trich,Spratelloides,29.680278,129.531389,2020-03-14,1.0,gbif
Ca Trich,Spratelloides,29.680278,129.531389,2020-03-14,1.0,gbif
Ca Trich,Spratelloides,29.680278,129.532778,2022-07-26,1.0,gbif
Ca Trich,Spratelloides,29.680278,129.531389,2020-03-14,1.0,gbif
Ca Trich,Spratelloides,29.680278,129.531389,2020-03-14,1.0,gbif
Ca Trich,Spratelloides,29.680278,129.531389,2020-03-14,1.0,gbif
Ca Trich,Spratelloides,29.683333,129.533333,2020-04-10,1.0,gbif
Ca Trich,Spratelloides,29.680278,129.531389,2020-03-14,1.0,gbif
Ca Trich,Spratelloides,29.680278,129.531389,2020-03-14,1.0,gbif
Ca Trich,Spratelloides,29.683333,129.533333,2020-04-10,1.0,gbif
Ca Trich,Spratelloides,29.683333,129.533333,2020-04-10,1.0,gbif
Ca Trich,Spratelloides,29.680278,129.531389,2020-03-14,1.0,gbif
Ca Trich,Spratelloides,29.680278,129.531389,2020-03-14,1.0,gbif
Ca Trich,Spratelloides,27.329722,128.571944,2021-08-23,1.0,gbif
Ca Trich,Spratelloides,29.680278,129.531389,2020-03-14,1.0,gbif
Ca Trich,Spratelloides,29.680278,129.531389,2020-03-14,1.0,gbif
Ca Trich,Spratelloides,29.683333,129.533333,2020-04-10,1.0,gbif
Ca Trich,Spratelloides,29.680278,129.531389,2020-03-14,1.0,gbif
Ca Trich,Spratelloides,29.683333,129.533333,2020-04-10,1.0,gbif
Ca Trich,Spratelloides,29.680278,129.531389,2020-03-14,1.0,gbif
Ca Trich,Spratelloides,29.680278,129.531389,2020-03-14,1.0,gbif
Ca Trich,Spratelloides,29.680278,129.531389,2020-03-14,1.0,gbif
Ca Trich,Spratelloides,29.680278,129.531389,2020-03-14,1.0,gbif
Ca Trich,Spratelloides,29.680278,129.531389,2020-03-14,1.0,gbif
Ca Trich,Spratelloides,29.680278,129.531389,2020-03-14,1.0,gbif
Ca Trich,Spratelloides,29.680278,129.531389,2020-03-14,1.0,gbif
Ca Trich,Spratelloides,29.680278,129.531389,2020-03-14,1.0,gbif
Ca Trich,Spratelloides,29.680278,129.531389,2020-03-14,1.0,gbif
Ca Trich,Spratelloides,29.683333,129.533333,2020-04-10,1.0,gbif
Ca Trich,Spratelloides,29.683333,129.533333,2020-04-10,1.0,gbif
Ca Trich,Spratelloides,28.553224,129.71538,2025-01-07T10:27,1.0,gbif
Ca Trich,Spratelloides,29.68,129.532778,2022-07-26,1.0,gbif
Ca Trich,Spratelloides,28.108056,129.349167,2022-03-02,1.0,gbif
Ca Trich,Spratelloides,29.68,129.532778,2022-07-26,1.0,gbif
Ca Trich,Spratelloides,31.283333,131.083333,2020-02-19,1.0,gbif
Ca Trich,Spratelloides,31.283333,131.083333,2020-02-19,1.0,gbif
Ca Trich,Spratelloides,31.595556,130.563333,2020-06-14,1.0,gbif
Ca Trich,Spratelloides,31.283333,131.083333,2020-02-19,1.0,gbif
Ca Trich,Spratelloides,31.283333,131.083333,2020-02-19,1.0,gbif
Ca Trich,Spratelloides,31.283333,131.083333,2020-02-19,1.0,gbif
Ca Trich,Spratelloides,31.595556,130.563333,2020-11-06,1.0,gbif
Ca Trich,Spratelloides,31.283333,131.083333,2020-02-19,1.0,gbif
Ca Trich,Spratelloides,31.283333,131.083333,2020-02-19,1.0,gbif
Ca Trich,Spratelloides,31.283333,131.083333,2020-02-19,1.0,gbif
Ca Trich,Spratelloides,31.283333,131.083333,2020-02-19,1.0,gbif
Ca Trich,Spratelloides,31.283333,131.083333,2020-02-19,1.0,gbif
Ca Trich,Spratelloides,31.283333,131.083333,2020-02-19,1.0,gbif
Ca Trich,Spratelloides,31.283333,131.083333,2020-02-19,1.0,gbif
Ca Trich,Spratelloides,31.283333,131.083333,2020-02-19,1.0,gbif
Ca Trich,Spratelloides,31.595556,130.563333,2021-05-12,1.0,gbif
Ca Trich,Spratelloides,31.283333,131.083333,2020-02-19,1.0,gbif
Ca Trich,Spratelloides,31.283333,131.083333,2020-02-19,1.0,gbif
Ca Trich,Spratelloides,31.283333,131.083333,2020-02-19,1.0,gbif
Ca Trich,Spratelloides,31.283333,131.083333,2020-02-19,1.0,gbif
Ca Trich,Spratelloides,31.283333,131.083333,2020-02-19,1.0,gbif
Ca Trich,Spratelloides,31.283333,131.083333,2020-02-19,1.0,gbif
Ca Trich,Spratelloides,31.283333,131.083333,2020-02-19,1.0,gbif
Ca Trich,Spratelloides,31.283333,131.083333,2020-02-19,1.0,gbif
Ca Trich,Spratelloides,31.283333,131.083333,2020-02-19,1.0,gbif
Ca Trich,Spratelloides,31.283333,131.083333,2020-02-19,1.0,gbif
Ca Trich,Spratelloides,31.283333,131.083333,2020-02-19,1.0,gbif
Ca Trich,Spratelloides,31.283333,131.083333,2020-02-19,1.0,gbif
Ca Trich,Spratelloides,31.283333,131.083333,2020-02-19,1.0,gbif
Ca Trich,Spratelloides,31.283333,131.083333,2020-02-19,1.0,gbif
Ca Trich,Spratelloides,31.283333,131.083333,2020-02-19,1.0,gbif
Ca Trich,Spratelloides,31.283333,131.083333,2020-02-19,1.0,gbif
Ca Trich,Spratelloides,31.283333,131.083333,2020-02-19,1.0,gbif
Ca Trich,Spratelloides,31.595556,130.563333,2020-11-06,1.0,gbif
Ca Trich,Spratelloides,31.283333,131.083333,2020-02-19,1.0,gbif
Ca Trich,Spratelloides,31.283333,131.083333,2020-02-19,1.0,gbif
Ca Trich,Konosirus,35.30402,139.400384,2024-09-21T13:48:58,1.0,gbif
Ca Trich,Konosirus,35.42942,139.687649,2025-04-28T14:54:18,1.0,gbif
Ca Trich,Konosirus,35.315919,139.464054,2025-06-08T19:07,1.0,gbif
Ca Trich,Konosirus,35.429193,139.687654,2024-10-26T15:59:48,1.0,gbif
Ca Trich,Sardinella,35.201389,139.148611,2020-10-12,1.0,gbif
Ca Trich,Sardinella,35.31592,139.464078,2025-06-08T19:10,1.0,gbif
Ca Trich,Sardinops,35.212222,139.148611,2022-08-06,1.0,gbif
Ca Trich,Clupeichthys,13.98272,99.57335,2021-09-14,1.0,gbif
Ca Trich,Clupeichthys,13.90699,99.66615,2021-09-16,1.0,gbif
Ca Trich,Clupeichthys,13.90704,99.65862,2021-08-13,1.0,gbif
Ca Trich,Clupeichthys,15.14139,98.44989,2023-02-18,1.0,gbif
Ca Trich,Clupeichthys,14.19011,99.07561,2021-06-15,1.0,gbif
Ca Trich,Clupeichthys,13.98272,99.57335,2022-06-13,1.0,gbif
Ca Trich,Clupeichthys,13.98272,99.57335,2021-08-12,1.0,gbif
Ca Trich,Clupeichthys,13.96991,99.63201,2021-08-12,1.0,gbif
Ca Trich,Clupeichthys,13.90699,99.66615,2021-08-15,1.0,gbif
Ca Trich,Clupeichthys,13.96991,99.63201,2021-07-27,1.0,gbif
Ca Trich,Clupeichthys,13.98272,99.57335,2021-10-09,1.0,gbif
Ca Trich,Clupeichthys,13.98272,99.57335,2021-07-26,1.0,gbif
Ca Trich,Clupeichthys,14.67605,98.58993,2021-02-28,1.0,gbif
Ca Trich,Clupeichthys,14.53348,99.15523,2021-06-05,1.0,gbif
Ca Trich,Clupeichthys,13.90704,99.65862,2021-09-14,1.0,gbif
Ca Trich,Sundasalanx,14.67605,98.58993,2021-02-28,1.0,gbif
Ca Trich,Sundasalanx,13.98272,99.57335,2022-06-13,1.0,gbif
Ca Trich,Sundasalanx,15.14139,98.44989,2021-04-06,1.0,gbif
Ca Trich,Sundasalanx,15.12401,98.45347,2024-05-15,1.0,gbif
Ca Trich,Sundasalanx,15.13969,98.52666,2020-02-02,1.0,gbif
Ca Trich,Sundasalanx,15.14139,98.44989,2023-02-18,1.0,gbif
Ca Trich,Sardinella,13.346653,74.701161,2025-05-08T06:23:58,1.0,gbif
Ca Trich,Sardinella,12.854211,74.833772,2025-04-29T10:33:50,1.0,gbif
Ca Trich,Amblygaster,8.560949,76.998581,2024-03-01T07:58:22,1.0,gbif
Ca Trich,Ehirava,10.899143,76.223513,2025-06-11T17:50:11,1.0,gbif
Ca Trich,Escualosa,9.748859,76.283783,2025-04-26T08:27:20,1.0,gbif
Ca Trich,Sardinella,8.561072,76.998533,2025-03-08T10:48:30,1.0,gbif
Ca Trich,Sardinella,9.799426,76.275781,2025-02-24T07:28:07,1.0,gbif
Ca Trich,Sardinella,9.790521,76.304643,2025-09-15T19:05:19,1.0,gbif
Ca Trich,Clupea,56.821114,138.466331,2024-06-27T12:18,1.0,gbif
Ca Trich,Hilsa,10.936,108.287,2024-01-27,1.0,gbif
Ca Trich,Herklotsichthys,12.279,109.193,2025-08-20,1.0,gbif
Ca Trich,Herklotsichthys,12.279,109.193,2025-08-20,1.0,gbif
Ca Trich,Herklotsichthys,12.279,109.193,2025-08-20,1.0,gbif
Ca Trich,Sardinella,12.279,109.193,2025-08-20,1.0,gbif
Ca Trich,Sardinella,12.279,109.193,2025-08-20,1.0,gbif
Ca Trich,Sardinella,12.279,109.193,2025-08-20,1.0,gbif
Ca Trich,Sardinella,12.279,109.193,2025-08-20,1.0,gbif
Ca Trich,Spratelloides,12.279,109.193,2025-08-18,1.0,gbif
Ca Trich,Spratelloides,12.279,109.193,2025-08-18,1.0,gbif
Ca Trich,Spratelloides,12.279,109.193,2025-08-18,1.0,gbif
Ca Trich,Spratelloides,12.279,109.193,2025-08-18,1.0,gbif
Ca Trich,Spratelloides,12.279,109.193,2025-08-18,1.0,gbif
Ca Trich,Hilsa,22.40386,89.472438,2023-04-12T11:07,1.0,gbif
Ca Trich,Tenualosa,22.901623,89.566551,2021-09-18T09:47,1.0,gbif
Ca Trich,Konosirus,33.430278,133.409722,2021-08-04,1.0,gbif
Ca Trich,Anodontostoma,11.0653,103.698,2023-02-04,1.0,gbif
Ca Trich,Anodontostoma,11.0653,103.698,2023-02-04,1.0,gbif
Ca Trich,Anodontostoma,11.0653,103.698,2023-02-04,1.0,gbif
Ca Trich,Anodontostoma,11.0653,103.698,2023-02-04,1.0,gbif
Ca Trich,Anodontostoma,11.0653,103.698,2023-02-04,1.0,gbif
Ca Trich,Nematalosa,11.0653,103.698,2023-02-04,1.0,gbif
Ca Trich,Nematalosa,11.0653,103.698,2023-02-04,1.0,gbif
Ca Trich,Nematalosa,11.0653,103.698,2023-02-04,1.0,gbif
Ca Trich,Nematalosa,11.0653,103.698,2023-02-04,1.0,gbif
Ca Trich,Nematalosa,11.0653,103.698,2023-02-04,1.0,gbif
Ca Trich,Konosirus,32.882123,130.525696,2020-05-25,1.0,gbif
Ca Trich,Konosirus,38.850847,121.26208,2025-07-15T16:18:03,1.0,gbif
Ca Trich,Tenualosa,17.953112,101.679743,2025-05-20T13:45:52,1.0,gbif
Ca Trich,Escualosa,18.14357,72.984842,2022-02-22T09:52:59,1.0,gbif
Ca Trich,Sardinella,19.172538,72.756928,2024-02-22T10:24:53,1.0,gbif
Ca Trich,Clupeonella,36.689813,52.242992,2025-07-07T16:51:30,1.0,gbif
Ca Trich,Sardinella,32.476944,131.666389,2021-04-18,1.0,gbif
Ca Trich,Sardinella,32.476944,131.666389,2021-04-18,1.0,gbif
Ca Trich,Sardinella,32.476944,131.666389,2021-04-18,1.0,gbif
Ca Trich,Sardinella,32.476944,131.666389,2021-04-18,1.0,gbif
Ca Trich,Sardinella,32.476944,131.666389,2021-04-18,1.0,gbif
Ca Trich,Sardinella,32.476944,131.666389,2021-04-18,1.0,gbif
Ca Trich,Sardinella,32.476944,131.666389,2021-04-18,1.0,gbif
Ca Trich,Sardinella,32.476944,131.666389,2021-04-18,1.0,gbif
Ca Trich,Sardinella,32.476944,131.666389,2021-04-18,1.0,gbif
Ca Trich,Sardinella,32.476944,131.666389,2021-04-18,1.0,gbif
Ca Trich,Sardinella,32.476944,131.666389,2021-04-18,1.0,gbif
Ca Trich,Sardinella,32.476944,131.666389,2021-04-18,1.0,gbif
Ca Trich,Sardinella,32.476944,131.666389,2021-04-18,1.0,gbif
Ca Trich,Sardinella,32.480278,131.712222,2021-10-13,1.0,gbif
Ca Trich,Sardinella,32.480278,131.712222,2021-10-13,1.0,gbif
Ca Trich,Sardinella,32.480278,131.712222,2021-10-13,1.0,gbif
Ca Trich,Sardinella,32.480278,131.712222,2021-10-13,1.0,gbif
Ca Trich,Sardinella,32.476944,131.661667,2021-10-30,1.0,gbif
Ca Trich,Sardinella,32.042222,131.4975,2022-01-20,1.0,gbif
Ca Trich,Sardinella,32.042222,131.4975,2022-01-20,1.0,gbif
Ca Trich,Herklotsichthys,36.653279,29.115621,2025-09-27T16:37,1.0,gbif
Ca Trich,Sardinella,36.981588,28.397873,2024-01-13T13:59:29,1.0,gbif
Ca Trich,Sardinella,32.728056,130.095,2020-03-07,1.0,gbif
Ca Trich,Sardinella,32.728056,130.095,2020-03-07,1.0,gbif
Ca Trich,Sardinella,32.728056,130.095,2020-03-07,1.0,gbif
Ca Trich,Nematalosa,25.148397,121.38737,2022-12-06,1.0,gbif
Ca Trich,Nematalosa,25.148858,121.385958,2022-07-01,1.0,gbif
Ca Trich,Anodontostoma,1.426947,103.853571,2024-08-09T13:17:43,1.0,gbif
Ca Trich,Anodontostoma,1.452846,103.778494,2025-02-08T08:15:54,1.0,gbif
Ca Trich,Anodontostoma,1.443399,103.736385,2025-08-23T07:50,1.0,gbif
Ca Trich,Spratelloides,22.524853,114.284519,2025-05-02T11:30:39,1.0,gbif
Ca Trich,Tenualosa,1.521582,103.853565,2025-07-19T09:19:58,1.0,gbif
Ca Trich,Hilsa,19.79996,85.843798,2025-02-28T06:39:41,1.0,gbif
Ca Trich,Nematalosa,19.6894,85.283556,2025-02-14T16:35:25,1.0,gbif
Ca Trich,Spratelloides,32.860278,131.983056,2022-05-25,1.0,gbif
Ca Trich,Sardinella,34.54389,133.699382,2025-11-08T06:46,1.0,gbif
Ca Trich,Herklotsichthys,26.443025,127.802139,2022-05-02T14:43,1.0,gbif
Ca Trich,Herklotsichthys,26.499797,127.842408,2020-05-04T10:51,1.0,gbif
Ca Trich,Nematalosa,24.388611,123.783056,2020-07-14,1.0,gbif
Ca Trich,Nematalosa,24.388611,123.783056,2020-07-14,1.0,gbif
Ca Trich,Nematalosa,24.35194,124.253411,2024-04-01T17:44,1.0,gbif
Ca Trich,Spratelloides,26.174167,127.641389,2020-12-31,1.0,gbif
Ca Trich,Spratelloides,34.959703,32.311837,2025-09-21T10:55:43,1.0,gbif
Ca Trich,Herklotsichthys,-2.219008,130.546753,2024-10-11T21:22,1.0,gbif
Ca Trich,Anodontostoma,12.86155,99.996817,2022-11-03T16:55:36,1.0,gbif
Ca Trich,Clupeichthys,12.897863,99.628782,2024-01-13T20:40,1.0,gbif
Ca Trich,Herklotsichthys,7.762705,98.391571,2023-02-25T01:33:19,1.0,gbif
Ca Trich,Sardinella,7.609345,98.339058,2023-12-16T12:30,1.0,gbif
Ca Trich,Spratelloides,7.772242,98.32878,2023-12-13T13:51:39,1.0,gbif
Ca Trich,Sardinella,12.232513,99.993184,2024-10-29T11:20,1.0,gbif
Ca Trich,Gudusia,31.252,73.919,2021-02-24,1.0,gbif
Ca Trich,Sardinella,20.892233,107.203521,2023-03-09T09:45:49,1.0,gbif
Ca Trich,Tenualosa,24.012197,89.246761,2025-09-09T12:21:43,1.0,gbif
Ca Trich,Tenualosa,24.36455,88.634109,2020-08-31T10:52:49,1.0,gbif
Ca Trich,Clupeichthys,13.71467,99.807361,2024-05-11,1.0,gbif
Ca Trich,Anodontostoma,12.632989,101.486675,2025-08-02T07:30:10,1.0,gbif
Ca Trich,Sardinella,12.675231,101.633328,2025-02-01T07:46:42,1.0,gbif
Ca Trich,Sardinella,12.938278,101.523506,2025-10-31T16:43:26,1.0,gbif
Ca Trich,Clupeichthys,0.303554,100.607163,2021-02-18T18:07:20,1.0,gbif
Ca Trich,Amblygaster,6.895713,116.85211,2024-07-22T10:41,1.0,gbif
Ca Trich,Konosirus,33.073611,130.145556,2022-07-03,1.0,gbif
Ca Trich,Konosirus,33.073611,130.145556,2022-07-03,1.0,gbif
Ca Trich,Konosirus,33.073611,130.145556,2022-07-03,1.0,gbif
Ca Trich,Konosirus,33.073611,130.145556,2022-07-03,1.0,gbif
Ca Trich,Konosirus,33.073611,130.145556,2022-07-03,1.0,gbif
Ca Trich,Konosirus,33.073611,130.145556,2022-07-03,1.0,gbif
Ca Trich,Konosirus,33.073611,130.145556,2022-07-03,1.0,gbif
Ca Trich,Konosirus,33.073611,130.145556,2022-07-03,1.0,gbif
Ca Trich,Konosirus,33.073611,130.145556,2022-07-03,1.0,gbif
Ca Trich,Konosirus,33.073611,130.145556,2022-07-03,1.0,gbif
Ca Trich,Konosirus,33.073611,130.145556,2022-07-03,1.0,gbif
Ca Trich,Konosirus,33.073611,130.145556,2022-07-03,1.0,gbif
Ca Trich,Konosirus,33.073611,130.145556,2022-07-03,1.0,gbif
Ca Trich,Konosirus,33.073611,130.145556,2022-07-03,1.0,gbif
Ca Trich,Konosirus,33.073611,130.145556,2022-07-03,1.0,gbif
Ca Trich,Konosirus,33.073611,130.145556,2022-07-03,1.0,gbif
Ca Trich,Sardinella,33.073611,130.145556,2022-07-03,1.0,gbif
Ca Trich,Sardinella,33.073611,130.145556,2022-07-03,1.0,gbif
Ca Trich,Herklotsichthys,22.390433,114.3847,2025-06-21T13:25:48,1.0,gbif
Ca Trich,Spratelloides,22.263044,114.228727,2023-09-29T09:33,1.0,gbif
Ca Trich,Clupea,46.494335,142.36728,2022-05-21T08:56,1.0,gbif
Ca Trich,Clupea,46.60085,142.416372,2022-05-24T21:58,1.0,gbif
Ca Trich,Clupea,51.731997,143.302263,2022-09-22T21:02,1.0,gbif
Ca Trich,Clupea,46.614494,142.43135,2023-05-12T10:26,1.0,gbif
Ca Trich,Clupea,46.861056,143.159743,2022-11-02,1.0,gbif
Ca Trich,Clupea,47.305061,142.962469,2024-06-30T16:50:22,1.0,gbif
Ca Trich,Clupea,43.94902,145.592538,2024-08-23T15:05,1.0,gbif
Ca Trich,Clupea,43.949428,145.586381,2024-10-10T09:22,1.0,gbif
Ca Trich,Clupea,43.949195,145.586076,2025-12-18T14:32:15,1.0,gbif
Ca Trich,Clupea,46.597069,143.087997,2021-05-07T18:40:25,1.0,gbif
Ca Trich,Clupea,46.807251,143.144913,2020-02-13T09:09:27,1.0,gbif
Ca Trich,Clupanodon,22.309085,114.068157,2021-01-22T19:58:10,1.0,gbif
Ca Trich,Nematalosa,22.270357,114.048048,2021-01-22T21:17:30,1.0,gbif
Ca Trich,Nematalosa,22.384651,114.196592,2021-01-27T22:56,1.0,gbif
Ca Trich,Nematalosa,22.388371,114.205138,2020-12-24T16:24,1.0,gbif
Ca Trich,Nematalosa,22.2478,114.092936,2021-01-27T19:35:31,1.0,gbif
Ca Trich,Nematalosa,22.251646,114.195165,2021-01-27T20:54:36,1.0,gbif
Ca Trich,Nematalosa,22.375369,114.184122,2021-01-27T20:22,1.0,gbif
Ca Trich,Nematalosa,22.382497,114.194345,2021-01-27T21:21,1.0,gbif
Ca Trich,Konosirus,36.357906,120.686577,2021-12-12T19:30:46,1.0,gbif
Ca Trich,Konosirus,36.073134,120.314241,2025-07-02T22:47,1.0,gbif
Ca Trich,Konosirus,36.073373,120.31425,2025-08-12T21:03,1.0,gbif
Ca Trich,Konosirus,36.050142,120.346733,2025-09-01T18:03:23,1.0,gbif
Ca Trich,Konosirus,36.180711,120.277147,2025-09-07T10:01:52,1.0,gbif
Ca Trich,Konosirus,36.180731,120.277017,2025-09-07T09:59:25,1.0,gbif
Ca Trich,Konosirus,36.180964,120.277333,2025-09-07T09:48:02,1.0,gbif
Ca Trich,Konosirus,36.180683,120.277077,2025-09-07T10:07:12,1.0,gbif
Ca Trich,Konosirus,36.18087,120.277214,2025-10-06T11:15:07,1.0,gbif
Ca Trich,Konosirus,36.097796,120.539398,2025-11-20T14:55:17,1.0,gbif
Ca Trich,Konosirus,36.098444,120.530692,2025-11-30T16:21,1.0,gbif
Ca Trich,Konosirus,36.098789,120.530664,2025-11-30T15:20,1.0,gbif
Ca Trich,Konosirus,36.098781,120.530694,2025-12-10T14:55:27,1.0,gbif
Ca Trich,Konosirus,36.098495,120.530869,2025-12-14T14:35:21,1.0,gbif
Ca Trich,Konosirus,36.098518,120.530792,2025-12-10T14:55:32,1.0,gbif
Ca Trich,Sardinella,36.111951,120.320475,2023-06-20T18:04,1.0,gbif
Ca Trich,Sardinella,36.049886,120.345453,2025-09-08T00:01,1.0,gbif
Ca Trich,Sardinella,36.050115,120.33977,2025-09-07T21:26:52,1.0,gbif
Ca Trich,Sardinella,36.180714,120.277237,2025-10-06T11:19:04,1.0,gbif
Ca Trich,Sardinella,36.098475,120.530844,2025-12-14T14:34:09,1.0,gbif
Ca Trich,Sardinella,36.098579,120.53067,2025-12-14T14:33:35,1.0,gbif
Ca Trich,Konosirus,35.416464,132.889667,2025-09-21T08:11,1.0,gbif
Ca Trich,Sardinella,31.748,34.628,2020-06-02,1.0,gbif
Ca Trich,Sardinella,31.748,34.628,2020-06-02,1.0,gbif
Ca Trich,Nematalosa,22.23492,114.197572,2022-01-16T18:44:20,1.0,gbif
Ca Trich,Amblygaster,-0.79346,119.89309,2024-11-04T17:01,1.0,gbif
Ca Trich,Amblygaster,-0.79346,119.89309,2025-04-23T09:30,1.0,gbif
Ca Trich,Herklotsichthys,-0.79346,119.89309,2025-05-01T07:11,1.0,gbif
Ca Trich,Herklotsichthys,-0.79346,119.89309,2025-05-23T11:14,1.0,gbif
Ca Trich,Herklotsichthys,-0.13779,119.846804,2025-09-26T07:53,1.0,gbif
Ca Trich,Sardinella,-0.79346,119.89309,2025-04-10T22:56,1.0,gbif
Ca Trich,Spratelloides,-1.371444,120.766603,2024-09-17T13:20,1.0,gbif
Ca Trich,Spratelloides,-0.79346,119.89309,2025-05-07T11:02,1.0,gbif
Ca Trich,Spratelloides,1.611165,124.782839,2025-08-18T09:32,1.0,gbif
Ca Trich,Herklotsichthys,27.992575,34.485217,2022-11-26T14:00,1.0,gbif
Ca Trich,Spratelloides,28.080453,34.918697,2024-09-05T18:30:52,1.0,gbif
Ca Trich,Hilsa,24.198935,120.495853,2025-10-01T14:00,1.0,gbif
Ca Trich,Nematalosa,22.918487,120.198171,2022-12-07T11:01,1.0,gbif
Ca Trich,Nematalosa,23.290784,120.141689,2024-04-16T06:58:02,1.0,gbif
Ca Trich,Nematalosa,23.290959,120.141536,2024-05-17T06:22:22,1.0,gbif
Ca Trich,Nematalosa,23.290843,120.141705,2024-06-25T07:35:07,1.0,gbif
Ca Trich,Nematalosa,23.255008,120.216112,2023-07-09T16:24,1.0,gbif
Ca Trich,Nematalosa,23.199178,120.112889,2020-10-21T13:36Z,1.0,gbif
Ca Trich,Nematalosa,23.172114,120.092939,2021-01-15T10:02Z,1.0,gbif
Ca Trich,Nematalosa,23.191252,120.097545,2021-09-13T13:23Z,1.0,gbif
Ca Trich,Nematalosa,23.172595,120.092458,2021-09-14T16:12Z,1.0,gbif
Ca Trich,Nematalosa,23.198814,120.098033,2020-01-08T15:59Z,1.0,gbif
Ca Trich,Nematalosa,23.196617,120.090453,2025-11-30T12:40:35,1.0,gbif
Ca Trich,Nematalosa,24.740031,121.803375,2023-04-11T15:08,1.0,gbif
Ca Trich,Nematalosa,23.738037,120.186067,2023-11-17T08:37:27,1.0,gbif
Ca Trich,Nematalosa,23.737762,120.1856,2023-11-17T08:34:02,1.0,gbif
Ca Trich,Nematalosa,23.553981,120.161592,2023-11-03T15:54:16,1.0,gbif
Ca Trich,Sardinella,23.352234,121.501047,2024-10-17T08:36,1.0,gbif
Ca Trich,Hilsa,12.954207,80.261229,2025-03-09T01:49:28,1.0,gbif
Ca Trich,Sardinella,11.786745,79.796145,2025-06-03T14:35,1.0,gbif
Ca Trich,Konosirus,35.740585,139.809371,2022-07-12T13:56,1.0,gbif
Ca Trich,Konosirus,35.614258,139.83017,2022-12-15T13:47,1.0,gbif
Ca Trich,Konosirus,35.630933,139.899164,2023-02-13T00:20,1.0,gbif
Ca Trich,Konosirus,35.61555,139.83165,2024-07-15T18:54:14,1.0,gbif
Ca Trich,Sardinella,35.630163,139.900817,2022-09-03T01:59:54,1.0,gbif
Ca Trich,Clupeichthys,16.038972,105.247578,2022-06-05,1.0,gbif
Ca Trich,Clupeichthys,15.344806,104.553072,2022-06-06,1.0,gbif
Ca Trich,Clupeichthys,15.31579,105.49193,2020-01-23,1.0,gbif
Ca Trich,Clupeichthys,15.224383,104.859,2020-01-22,1.0,gbif
Ca Trich,Clupeichthys,15.30803,105.49011,2020-01-23,1.0,gbif
Ca Trich,Clupeichthys,15.31152,104.46042,2020-01-22,1.0,gbif
Ca Trich,Clupeoides,16.005991,105.420592,2022-06-05,1.0,gbif
Ca Trich,Tenualosa,15.31579,105.49193,2020-01-23,1.0,gbif
Ca Trich,Tenualosa,15.301952,105.484133,2022-06-04,1.0,gbif
Ca Trich,Tenualosa,15.301724,105.475022,2022-06-04,1.0,gbif
Ca Trich,Tenualosa,15.846832,105.22737,2025-11-02T16:51:33,1.0,gbif
Ca Trich,Clupeoides,15.33167,100.07833,2021-10-08,1.0,gbif
Ca Trich,Escualosa,22.090889,88.761366,2025-03-21T08:07:57,1.0,gbif
Ca Trich,Tenualosa,22.463157,88.334432,2025-04-01,1.0,gbif
Ca Trich,Tenualosa,22.933293,88.411601,2025-05-13T11:55:05,1.0,gbif
Ca Trich,Tenualosa,23.516244,87.309944,2025-07-27T11:29:35,1.0,gbif
Ca Trich,Sardinella,33.949273,131.309974,2024-10-14T15:22:47,1.0,gbif
Ca Trich,Tenualosa,16.476444,96.450425,2023-11-10T12:18:33,1.0,gbif
Ca Trich,Konosirus,29.860596,122.362568,2025-07-13T18:03:44,1.0,gbif
Ca Trich,Konosirus,35.282306,139.853194,2020-08-20,1.0,gbif
Ca Trich,Konosirus,35.279528,139.853222,2020-10-01,1.0,gbif
Ca Trich,Konosirus,35.254444,139.864556,2020-10-01,1.0,gbif
Ca Trich,Konosirus,35.166306,139.822056,2020-08-20,1.0,gbif
Ca Trich,Konosirus,35.14275,139.834778,2020-08-20,1.0,gbif
Ca Trich,Konosirus,35.058722,139.827417,2020-08-22,1.0,gbif
Ca Trich,Konosirus,35.041028,139.83075,2020-08-22,1.0,gbif
Ca Trich,Konosirus,34.927361,139.827889,2020-08-21,1.0,gbif
Ca Trich,Konosirus,34.906639,139.868694,2020-08-21,1.0,gbif
Ca Trich,Konosirus,34.94425,139.963222,2020-08-21,1.0,gbif
Ca Trich,Konosirus,34.963833,139.959806,2020-08-21,1.0,gbif
Ca Trich,Konosirus,34.982667,139.967472,2020-08-21,1.0,gbif
Ca Trich,Konosirus,35.010056,139.978778,2020-08-22,1.0,gbif
Ca Trich,Konosirus,35.024,139.993417,2020-10-01,1.0,gbif
Ca Trich,Konosirus,35.029028,139.998472,2020-10-01,1.0,gbif
Ca Trich,Konosirus,35.047056,140.028139,2020-10-01,1.0,gbif
Ca Trich,Konosirus,35.059806,140.054583,2020-10-02,1.0,gbif
Ca Trich,Konosirus,35.083806,140.097083,2020-10-02,1.0,gbif
Ca Trich,Konosirus,35.097111,140.104833,2020-10-02,1.0,gbif
Ca Trich,Konosirus,35.108083,140.108306,2020-10-02,1.0,gbif
Ca Trich,Konosirus,35.123833,140.169972,2020-10-02,1.0,gbif
Ca Trich,Konosirus,35.127556,140.192139,2020-10-02,1.0,gbif
Ca Trich,Konosirus,35.133694,140.247167,2020-10-02,1.0,gbif
Ca Trich,Konosirus,35.183472,140.357806,2020-10-03,1.0,gbif
Ca Trich,Konosirus,35.257694,140.399194,2020-10-03,1.0,gbif
Ca Ngu,Euthynnus,18.4,73.0,2022-01-04T16:01Z,1.0,gbif
Ca Ngu,Euthynnus,3.634057,72.958914,2021-01-19T11:40,1.0,gbif
Ca Ngu,Euthynnus,32.054923,34.750194,2025-01-02,1.0,gbif
Ca Ngu,Euthynnus,31.852714,34.654798,2025-01-22,1.0,gbif
Ca Thu,Scomber,24.753183,120.827617,2022-01-05,1.0,gbif
Ca Thu,Scomberomorus,31.852388,34.654536,2025-01-22,1.0,gbif
Ca Thu,Scomberomorus,32.132769,34.764095,2025-01-02,1.0,gbif
Ca Thu,Scomberomorus,32.825866,35.015176,2025-01-15,1.0,gbif
Ca Thu,Scomberomorus,32.790454,34.926743,2025-01-04,1.0,gbif
Ca Thu,Scomberomorus,32.000751,34.72301,2025-01-02,1.0,gbif
Ca Thu,Scomberomorus,32.028733,34.708647,2024-01-16,1.0,gbif
Ca Thu,Scomberomorus,32.202525,34.794707,2024-01-16,1.0,gbif
Ca Thu,Scomberomorus,32.141545,34.783099,2024-01-16,1.0,gbif
Ca Thu,Scomberomorus,,,2021-01-27,1.0,gbif
Ca Ngu,Thunnus,13.52039,120.99124,2020-01-14,1.0,gbif
Ca Ngu,Thunnus,,,2021-01-30,1.0,gbif
Ca Thu,Acanthocybium,11.656683,92.725233,2020-01-26T06:10,1.0,gbif
Ca Thu,Scomberomorus,-4.867747,103.36425,2021-01-25T06:51:03,1.0,gbif
Ca Thu,Scomberomorus,1.346429,103.856472,2025-01-18T13:50,1.0,gbif
Ca Ngu,Thunnus,24.586414,118.185608,2024-01-23T19:41:08,1.0,gbif
Ca Thu,Scomberomorus,31.577778,130.334722,2020-01-22,1.0,gbif
Ca Thu,Scomberomorus,31.616389,130.331667,2020-01-24,1.0,gbif
Ca Thu,Scomberomorus,31.616389,130.331667,2020-01-24,1.0,gbif
Ca Ngu,Euthynnus,10.671888,103.257187,2025-01-01T08:25:45,1.0,gbif
Ca Thu,Scomberomorus,10.720888,103.205539,2024-01-09T10:21:05,1.0,gbif
Ca Ngu,Euthynnus,9.508997,76.3826,2025-01-10T16:32:28,1.0,gbif
Ca Ngu,Euthynnus,8.880543,76.580533,2024-01-05T15:44:17,1.0,gbif
Ca Ngu,Euthynnus,8.876991,76.576462,2023-01-29T12:59:37,1.0,gbif
Ca Ngu,Euthynnus,8.881898,76.574103,2020-01-02T17:41:24,1.0,gbif
Ca Thu,Scomberomorus,9.545512,76.362436,2025-01-10T16:31:56,1.0,gbif
Ca Thu,Scomberomorus,8.987037,76.522063,2024-01-05T15:34:22,1.0,gbif
Ca Ngu,Euthynnus,12.214,109.196,2024-01-25,1.0,gbif
Ca Thu,Scomber,12.214,109.196,2024-01-25,1.0,gbif
Ca Thu,Scomber,12.214,109.196,2024-01-25,1.0,gbif
Ca Thu,Scomberomorus,10.936,108.287,2024-01-27,1.0,gbif
Ca Ngu,Thunnus,12.214,109.196,2024-01-25,1.0,gbif
Ca Ngu,Thunnus,12.2016,109.201,2024-01-25,1.0,gbif
Ca Ngu,Thunnus,12.214,109.196,2024-01-25,1.0,gbif
Ca Ngu,Thunnus,12.2016,109.201,2024-01-25,1.0,gbif
Ca Ngu,Thunnus,12.2016,109.201,2024-01-25,1.0,gbif
Ca Ngu,Auxis,19.970834,72.79298,2025-01-29T17:34:28,1.0,gbif
Ca Ngu,Thunnus,23.624065,58.563665,2025-01-14T07:25,1.0,gbif
Ca Ngu,Auxis,11.862732,120.155042,2025-01-20T11:28,1.0,gbif
Ca Ngu,Auxis,29.941111,122.279444,2021-01-10T09:52:58,1.0,gbif
Ca Ngu,Euthynnus,30.032968,122.110906,2025-01-21T20:30:46,1.0,gbif
Ca Ngu,Katsuwonus,28.407316,121.655715,2023-01-14T15:36,1.0,gbif
Ca Thu,Scomber,29.918112,122.395586,2025-01-03T18:35:47,1.0,gbif
Ca Thu,Scomberomorus,30.252738,122.329748,2025-01-27T11:59:01,1.0,gbif
Ca Thu,Scomberomorus,29.990216,122.057646,2025-01-24T07:56:17,1.0,gbif
Ca Ngu,Thunnus,30.077509,122.013418,2025-01-21T20:33:09,1.0,gbif
Ca Ngu,Thunnus,29.954602,122.300165,2021-01-10T10:49:31,1.0,gbif
Ca Ngu,Auxis,21.430073,91.94995,2022-02-02,1.0,gbif
Ca Ngu,Auxis,21.43,91.95,2022-02-02,1.0,gbif
Ca Ngu,Auxis,21.43,91.95,2022-02-02,1.0,gbif
Ca Ngu,Auxis,21.43,91.95,2022-02-02,1.0,gbif
Ca Ngu,Auxis,21.43,91.95,2022-02-02,1.0,gbif
Ca Ngu,Auxis,21.43,91.95,2022-02-02,1.0,gbif
Ca Ngu,Auxis,21.43,91.95,2022-02-02,1.0,gbif
Ca Ngu,Auxis,21.430073,91.94995,2022-02-02,1.0,gbif
Ca Ngu,Auxis,21.430073,91.94995,2022-02-02,1.0,gbif
Ca Ngu,Auxis,21.430073,91.94995,2022-02-02,1.0,gbif
Ca Ngu,Euthynnus,21.430073,91.94995,2022-02-02,1.0,gbif
Ca Ngu,Euthynnus,3.5274,72.85352,2020-02-24T09:57,1.0,gbif
Ca Ngu,Euthynnus,3.528543,72.855452,2020-02-24T09:54,1.0,gbif
Ca Ngu,Euthynnus,21.43,91.95,2022-02-02,1.0,gbif
Ca Ngu,Euthynnus,31.699418,34.561361,2024-02-07,1.0,gbif
Ca Ngu,Euthynnus,31.832991,34.632088,2024-02-07,1.0,gbif
Ca Ngu,Euthynnus,32.063417,34.744921,2024-02-07,1.0,gbif
Ca Ngu,Euthynnus,32.719177,34.915711,2024-02-24,1.0,gbif
Ca Ngu,Katsuwonus,4.179925,73.509617,2025-02-09T20:06:43,1.0,gbif
Ca Thu,Scomber,24.862165,120.890855,2021-02-03,1.0,gbif
Ca Thu,Scomber,24.862165,120.890855,2021-02-03,1.0,gbif
Ca Thu,Scomberomorus,23.789573,121.623615,2024-02-02T09:33,1.0,gbif
Ca Thu,Scomberomorus,32.216362,34.807204,2024-02-10,1.0,gbif
Ca Thu,Scomberomorus,31.699436,34.561382,2024-02-07,1.0,gbif
Ca Thu,Scomberomorus,31.758305,34.595754,2024-02-07,1.0,gbif
Ca Thu,Scomberomorus,32.240656,34.785103,2024-02-26,1.0,gbif
Ca Thu,Scomberomorus,32.001072,34.719696,2024-02-07,1.0,gbif
Ca Thu,Scomberomorus,33.047139,35.102708,2020-02-28,1.0,gbif
Ca Thu,Scomberomorus,21.43,91.95,2022-02-02,1.0,gbif
Ca Thu,Scomberomorus,,,2021-02-03,1.0,gbif
Ca Ngu,Thunnus,4.179925,73.509617,2025-02-09T20:06:40,1.0,gbif
Ca Ngu,Euthynnus,24.514473,54.376022,2020-02-17T18:17,1.0,gbif
Ca Ngu,Euthynnus,24.513544,54.375425,2020-02-17T18:17,1.0,gbif
Ca Ngu,Euthynnus,24.514607,54.376549,2020-02-17T18:19,1.0,gbif
Ca Thu,Acanthocybium,13.219868,124.016499,2025-02-14T16:32,1.0,gbif
Ca Ngu,Katsuwonus,13.710148,123.597992,2024-02-09T06:39,1.0,gbif
Ca Thu,Acanthocybium,6.014712,80.327845,2024-02-29T10:11,1.0,gbif
Ca Thu,Scomberomorus,6.267964,80.183206,2025-02-05T05:16:18,1.0,gbif
Ca Thu,Scomberomorus,6.233989,80.141936,2025-02-05T09:57:27,1.0,gbif
Ca Ngu,Katsuwonus,7.210245,79.831384,2025-02-22T05:41:15,1.0,gbif
Ca Ngu,Katsuwonus,7.203076,79.829305,2020-02-03T07:01:54,1.0,gbif
Ca Ngu,Thunnus,7.210326,79.831398,2025-02-22T05:39:27,1.0,gbif
Ca Thu,Scomberomorus,6.425451,79.962612,2025-02-04T15:05:17,1.0,gbif
Ca Thu,Scomberomorus,12.870771,74.850072,2025-02-23T08:08:49,1.0,gbif
Ca Ngu,Euthynnus,12.028373,75.226037,2024-02-18T10:43:16,1.0,gbif
Ca Ngu,Euthynnus,12.028197,75.22586,2024-02-18T10:44:09,1.0,gbif
Ca Ngu,Thunnus,18.946743,72.835772,2024-02-10T08:19:05,1.0,gbif
Ca Ngu,Auxis,32.423611,131.714444,2020-02-09,1.0,gbif
Ca Thu,Scomberomorus,9.685978,118.701388,2025-02-06T18:25:57,1.0,gbif
Ca Thu,Scomberomorus,8.771974,98.283547,2024-02-12T04:49,1.0,gbif
Ca Ngu,Euthynnus,11.930892,79.787421,2025-02-17,1.0,gbif
Ca Ngu,Euthynnus,11.930892,79.787421,2025-02-17,1.0,gbif
Ca Ngu,Thunnus,11.930892,79.787421,2025-02-17,1.0,gbif
Ca Thu,Acanthocybium,8.038838,79.71293,2025-02-20T04:54:26,1.0,gbif
Ca Thu,Scomberomorus,12.634241,101.554313,2025-02-01T10:07:43,1.0,gbif
Ca Ngu,Auxis,-1.392706,120.737869,2025-02-23T14:20,1.0,gbif
Ca Ngu,Auxis,-1.392706,120.737869,2025-02-17T15:08,1.0,gbif
Ca Ngu,Euthynnus,-0.298394,73.426861,2022-03-07T08:08,1.0,gbif
Ca Thu,Scomber,24.753933,120.836083,2022-03-10,1.0,gbif
Ca Thu,Scomber,24.623733,120.691617,2021-03-05,1.0,gbif
Ca Thu,Scomber,,,2021-03-20,1.0,gbif
Ca Thu,Scomberomorus,32.862597,34.975269,2024-03-05,1.0,gbif
Ca Thu,Scomberomorus,32.843427,34.951936,2025-03-03,1.0,gbif
Ca Thu,Scomberomorus,32.833068,35.032645,2025-03-03,1.0,gbif
Ca Thu,Scomberomorus,32.806197,34.939293,2025-03-03,1.0,gbif
Ca Thu,Scomberomorus,32.154566,34.791074,2024-03-13,1.0,gbif
Ca Thu,Scomberomorus,32.807797,34.963259,2024-03-10,1.0,gbif
Ca Thu,Scomberomorus,32.752615,34.954818,2024-03-30,1.0,gbif
Ca Thu,Scomberomorus,32.793177,34.956797,2024-03-10,1.0,gbif
Ca Thu,Scomberomorus,,,2021-03-20,1.0,gbif
Ca Ngu,Thunnus,4.170864,73.512822,2022-03-17T09:36:20,1.0,gbif
Ca Ngu,Thunnus,,,2021-03-30,1.0,gbif
Ca Ngu,Thunnus,,,2021-03-30,1.0,gbif
Ca Thu,Acanthocybium,-8.338389,115.672355,2024-03-31T09:42:48,1.0,gbif
Ca Ngu,Thunnus,-8.401204,115.712187,2024-03-29T19:42:01,1.0,gbif
Ca Ngu,Katsuwonus,13.7108,120.897259,2025-03-02T15:15,1.0,gbif
Ca Ngu,Auxis,12.622233,102.007658,2025-03-09T04:20:03,1.0,gbif
Ca Ngu,Euthynnus,5.940248,80.336117,2025-03-27T08:33,1.0,gbif
Ca Ngu,Thunnus,6.03041,80.217197,2024-03-05T09:50,1.0,gbif
Ca Ngu,Thunnus,7.210392,79.83078,2020-03-06T08:05:04,1.0,gbif
Ca Ngu,Thunnus,7.21026,79.831245,2024-03-14T09:38:04,1.0,gbif
Ca Thu,Scomber,31.291389,131.116389,2021-03-08,1.0,gbif
Ca Ngu,Katsuwonus,5.936804,80.565383,2023-03-02T11:08,1.0,gbif
Ca Ngu,Thunnus,26.82805,128.273523,2025-03-03,1.0,gbif
Ca Ngu,Auxis,12.682725,101.275211,2025-03-21T07:08:34,1.0,gbif
Ca Ngu,Euthynnus,-4.005344,119.621825,2025-03-07T22:03:23,1.0,gbif
Ca Ngu,Euthynnus,13.125808,80.297201,2024-03-21,1.0,gbif
Ca Ngu,Thunnus,11.091787,79.856038,2021-03-27T17:53:23,1.0,gbif
Ca Thu,Scomber,29.87341,121.74491,2025-03-08T14:51:33,1.0,gbif
Ca Ngu,Katsuwonus,10.5593,72.6358,2021-04-11,1.0,gbif
Ca Ngu,Euthynnus,5.01957,72.979272,2021-04-23T10:14,1.0,gbif
Ca Ngu,Euthynnus,32.110988,34.733282,2025-04-07,1.0,gbif
Ca Ngu,Euthynnus,32.613701,34.888359,2025-04-28,1.0,gbif
Ca Ngu,Katsuwonus,10.56,72.64,2021-04-11,1.0,gbif
Ca Ngu,Katsuwonus,,,2021-04-19,1.0,gbif
Ca Ngu,Katsuwonus,,,2021-04-22,1.0,gbif
Ca Thu,Scomber,,,2021-04-08,1.0,gbif
Ca Thu,Scomberomorus,32.410423,34.860443,2025-04-20,1.0,gbif
Ca Thu,Scomberomorus,32.537886,34.892521,2024-04-15,1.0,gbif
Ca Thu,Scomberomorus,32.264495,34.823732,2024-04-24,1.0,gbif
Ca Ngu,Thunnus,,,2021-04-08,1.0,gbif
Ca Thu,Acanthocybium,11.765062,93.103631,2023-04-26T11:44:57,1.0,gbif
Ca Ngu,Euthynnus,17.695824,83.30252,2025-04-25T08:43:23,1.0,gbif
Ca Thu,Scomberomorus,12.682513,102.193023,2024-04-27T05:47:29,1.0,gbif
Ca Thu,Scomberomorus,25.200104,55.282546,2025-04-06T17:39:21,1.0,gbif
Ca Ngu,Euthynnus,24.779419,118.772042,2025-04-12T15:25:42,1.0,gbif
Ca Ngu,Auxis,6.030371,80.217232,2025-04-21T07:06,1.0,gbif
Ca Ngu,Katsuwonus,6.033374,80.217667,2025-04-21T07:06,1.0,gbif
Ca Ngu,Thunnus,6.030341,80.217216,2025-04-21T07:03,1.0,gbif
Ca Ngu,Euthynnus,7.202943,79.829302,2025-04-25T06:03,1.0,gbif
Ca Thu,Scomberomorus,7.276013,79.805618,2025-04-25T14:00,1.0,gbif
Ca Thu,Scomberomorus,7.298658,79.948959,2025-04-25T14:00,1.0,gbif
Ca Thu,Scomberomorus,7.369199,79.842836,2025-04-25T06:03,1.0,gbif
Ca Ngu,Thunnus,7.202942,79.829326,2025-04-25T06:03,1.0,gbif
Ca Ngu,Auxis,21.05,109.117,2022-04-21,1.0,gbif
Ca Ngu,Auxis,21.05,109.117,2022-04-21,1.0,gbif
Ca Ngu,Euthynnus,21.05,109.117,2022-04-21,1.0,gbif
Ca Ngu,Katsuwonus,21.05,109.117,2022-04-21,1.0,gbif
Ca Ngu,Thunnus,21.05,109.117,2022-04-21,1.0,gbif
Ca Thu,Scomberomorus,-7.530713,110.642617,2025-04-07T15:50,1.0,gbif
Ca Ngu,Euthynnus,3.21779,106.215305,2022-04-23T05:13:40,1.0,gbif
Ca Ngu,Auxis,8.880462,76.580911,2024-04-17T08:34:58,1.0,gbif
Ca Ngu,Auxis,8.880314,76.581183,2024-04-17T12:33:30,1.0,gbif
Ca Thu,Scomberomorus,9.790855,76.250898,2025-04-26T08:27:20,1.0,gbif
Ca Ngu,Auxis,9.693693,104.359454,2024-04-06T08:27,1.0,gbif
Ca Ngu,Katsuwonus,10.558459,72.632411,2024-04-20T19:09,1.0,gbif
Ca Ngu,Katsuwonus,5.971575,80.426917,2025-04-20T16:50,1.0,gbif
Ca Thu,Scomberomorus,36.743306,29.040908,2023-04-16T15:36:16,1.0,gbif
Ca Thu,Scomberomorus,-8.26373,124.598122,2024-04-24T16:52,1.0,gbif
Ca Ngu,Katsuwonus,13.4999,120.955795,2024-04-25T13:32:30,1.0,gbif
Ca Thu,Scomberomorus,13.404027,120.930268,2024-04-25T13:31:02,1.0,gbif
Ca Ngu,Thunnus,13.436255,120.914131,2024-04-25T13:32:30,1.0,gbif
Ca Ngu,Euthynnus,12.325076,119.904099,2024-04-21T07:40,1.0,gbif
Ca Thu,Scomberomorus,12.555022,99.984419,2025-04-16T17:35:30,1.0,gbif
Ca Ngu,Auxis,12.938753,101.523114,2024-04-24T17:29:49,1.0,gbif
Ca Ngu,Euthynnus,12.932794,101.524008,2023-04-23T15:44:22,1.0,gbif
Ca Thu,Scomberomorus,12.914409,101.45656,2023-04-23T15:39:43,1.0,gbif
Ca Ngu,Thunnus,12.683572,101.274633,2024-04-22T07:08:04,1.0,gbif
Ca Ngu,Thunnus,4.469981,118.600978,2022-04-08T10:52,1.0,gbif
Ca Thu,Scomberomorus,6.526299,99.320382,2025-04-16T19:00:04,1.0,gbif
Ca Thu,Scomber,36.09835,120.530944,2025-04-26T17:07:57,1.0,gbif
Ca Thu,Scomberomorus,36.098563,120.530799,2025-04-26T16:53:53,1.0,gbif
Ca Thu,Scomberomorus,25.223119,55.28663,2025-04-24T12:15:54,1.0,gbif
Ca Ngu,Thunnus,-0.74493,119.879744,2025-04-30T06:40,1.0,gbif
Ca Thu,Scomber,24.754923,121.751787,2025-04-27T09:43,1.0,gbif
Ca Thu,Scomberomorus,1.308239,103.76484,2025-04-27T12:05:36,1.0,gbif
Ca Thu,Scomber,30.085964,122.392421,2025-04-16T18:10,1.0,gbif
Ca Thu,Acanthocybium,-7.273311,72.373883,2023-05-14T16:56:58,1.0,gbif
Ca Ngu,Auxis,24.862165,120.890855,2020-05-20,1.0,gbif
Ca Ngu,Euthynnus,-3.861978,115.49323,2025-05-08T10:38,1.0,gbif
Ca Ngu,Euthynnus,29.549414,34.965652,2024-05-04,1.0,gbif
Ca Ngu,Euthynnus,32.537192,34.868327,2025-05-24,1.0,gbif
Ca Thu,Scomberomorus,32.831585,35.042633,2025-05-10,1.0,gbif
Ca Ngu,Thunnus,24.853517,120.869483,2020-05-15,1.0,gbif
Ca Thu,Scomber,34.916108,136.826022,2021-05-30T10:15,1.0,gbif
Ca Thu,Scomber,39.393499,140.014055,2025-05-05,1.0,gbif
Ca Thu,Scomber,33.308322,126.164205,2023-05-19T13:44:32,1.0,gbif
Ca Ngu,Auxis,31.861667,129.972778,2022-05-23,1.0,gbif
Ca Ngu,Thunnus,31.428889,130.196944,2022-05-18,1.0,gbif
Ca Ngu,Katsuwonus,13.346714,74.701211,2025-05-08T06:30:23,1.0,gbif
Ca Thu,Scomberomorus,13.338481,74.722904,2025-05-08T06:17:25,1.0,gbif
Ca Ngu,Auxis,12.145875,75.182517,2025-05-03T10:42:57,1.0,gbif
Ca Ngu,Katsuwonus,-5.318201,105.198376,2021-05-12,1.0,gbif
Ca Ngu,Euthynnus,18.90815,72.825638,2023-05-13T09:38:29,1.0,gbif
Ca Thu,Scomber,38.094917,138.460725,2025-05-11T19:43:04,1.0,gbif
Ca Thu,Acanthocybium,-9.746715,119.274451,2020-05-24T08:33:16,1.0,gbif
Ca Thu,Scomber,32.860278,131.983056,2022-05-25,1.0,gbif
Ca Thu,Scomber,32.860278,131.983056,2022-05-25,1.0,gbif
Ca Thu,Scomberomorus,11.879691,79.824194,2025-05-16T11:33,1.0,gbif
Ca Ngu,Euthynnus,12.932469,101.524017,2023-05-09T15:08:57,1.0,gbif
Ca Thu,Scomberomorus,12.728116,101.644611,2024-05-30T06:01:05,1.0,gbif
Ca Thu,Scomberomorus,12.948668,101.571174,2023-05-09T08:10:07,1.0,gbif
Ca Thu,Scomber,36.369907,120.67453,2025-05-14T12:15:26,1.0,gbif
Ca Ngu,Katsuwonus,23.082754,121.391218,2022-05-20T09:27,1.0,gbif
Ca Ngu,Thunnus,22.237795,120.669583,2024-05-05T09:09:06,1.0,gbif
Ca Thu,Scomber,29.807966,122.205857,2025-05-31T17:00:44,1.0,gbif
Ca Thu,Scomber,29.997786,122.225711,2025-05-31T16:55:19,1.0,gbif
Ca Thu,Scomber,29.815508,122.221712,2025-05-31T16:56:10,1.0,gbif
Ca Thu,Scomberomorus,29.948023,122.299887,2025-05-17T15:27:02,1.0,gbif
Ca Thu,Acanthocybium,-10.497402,105.532538,2023-06-21T09:39:21,1.0,gbif
Ca Ngu,Auxis,24.712133,120.784033,2020-06-11,1.0,gbif
Ca Ngu,Auxis,24.753183,120.827617,2020-06-11,1.0,gbif
Ca Thu,Scomber,38.3,128.27,2020-06-24,1.0,gbif
Ca Ngu,Katsuwonus,4.179908,73.5097,2021-06-11T08:18:42,1.0,gbif
Ca Thu,Scomber,38.3,128.27,2020-06-24,1.0,gbif
Ca Ngu,Thunnus,22.837538,121.189131,2020-06-04,1.0,gbif
Ca Ngu,Thunnus,4.180552,73.510147,2021-06-11T08:05:53,1.0,gbif
Ca Ngu,Thunnus,,,2022-06-15,1.0,gbif
Ca Ngu,Euthynnus,17.69613,83.300287,2022-06-25T17:05:50,1.0,gbif
Ca Thu,Scomberomorus,17.783372,83.347422,2022-06-25T17:10:58,1.0,gbif
Ca Thu,Scomberomorus,17.621183,83.207494,2022-06-25T17:05:38,1.0,gbif
Ca Ngu,Thunnus,17.696062,83.301117,2022-06-25T17:12,1.0,gbif
Ca Thu,Scomber,35.342107,129.225419,2024-06-26T19:30,1.0,gbif
Ca Ngu,Euthynnus,13.908872,123.670963,2024-06-11T17:42,1.0,gbif
Ca Ngu,Euthynnus,13.908905,123.671894,2024-06-11T17:41,1.0,gbif
Ca Ngu,Euthynnus,13.906053,123.679948,2023-06-18T16:33,1.0,gbif
Ca Thu,Scomberomorus,13.939959,123.656379,2024-06-11T17:41,1.0,gbif
Ca Ngu,Thunnus,13.676092,123.693876,2023-06-29T16:13,1.0,gbif
Ca Ngu,Thunnus,39.595024,26.19808,2025-06-06T19:22,1.0,gbif
Ca Thu,Scomber,25.777854,119.626597,2025-06-21T17:47:58,1.0,gbif
Ca Thu,Scomber,33.616111,130.155278,2022-06-12,1.0,gbif
Ca Thu,Scomber,36.826712,140.787105,2021-06-26T08:53,1.0,gbif
Ca Thu,Scomberomorus,33.236194,126.559472,2023-06-17,1.0,gbif
Ca Thu,Scomberomorus,36.65599,28.238995,2025-06-27T22:55:03,1.0,gbif
Ca Thu,Scomber,33.400278,129.810833,2021-06-26,1.0,gbif
Ca Thu,Scomber,33.400278,129.810833,2021-06-26,1.0,gbif
Ca Thu,Scomber,33.400278,129.810833,2021-06-26,1.0,gbif
Ca Ngu,Auxis,25.137883,121.84555,2025-06-13T20:47:51,1.0,gbif
Ca Ngu,Auxis,25.147164,121.852097,2025-06-13T20:39:21,1.0,gbif
Ca Thu,Scomber,25.15027,121.845353,2025-06-13T21:06:41,1.0,gbif
Ca Ngu,Euthynnus,7.885784,98.288079,2024-06-14T09:06,1.0,gbif
Ca Ngu,Thunnus,12.659685,101.467989,2023-06-25T06:06:11,1.0,gbif
Ca Ngu,Thunnus,-0.423315,119.83523,2025-06-21T14:43,1.0,gbif
Ca Thu,Scomberomorus,-5.273259,123.53426,2023-06-10T15:48,1.0,gbif
Ca Ngu,Katsuwonus,1.513511,124.890417,2025-06-25T18:24:35,1.0,gbif
Ca Thu,Acanthocybium,23.494194,121.506134,2023-06-24T16:26,1.0,gbif
Ca Thu,Acanthocybium,24.941111,121.901389,2021-06-26T22:00,1.0,gbif
Ca Ngu,Auxis,24.49733,121.84247,2024-06-11T16:24:02,1.0,gbif
Ca Ngu,Euthynnus,24.4622,121.820587,2020-06-05T08:42:28,1.0,gbif
Ca Ngu,Euthynnus,8.239381,77.168281,2025-06-21T09:01:14,1.0,gbif
Ca Ngu,Auxis,12.245347,102.510975,2024-06-28T07:23:13,1.0,gbif
Ca Ngu,Auxis,24.753183,120.827617,2022-07-01,1.0,gbif
Ca Ngu,Auxis,24.712133,120.784033,2021-07-10,1.0,gbif
Ca Ngu,Euthynnus,24.712133,120.784033,2021-07-10,1.0,gbif
Ca Ngu,Euthynnus,-10.424621,105.65802,2023-07-06T11:58,1.0,gbif
Ca Thu,Scomber,39.183843,26.49937,2022-07-31T21:34,1.0,gbif
Ca Ngu,Euthynnus,17.695763,83.301567,2024-07-07T06:27:23,1.0,gbif
Ca Ngu,Thunnus,13.678836,123.683576,2022-07-04T08:54,1.0,gbif
Ca Ngu,Euthynnus,12.619717,102.094189,2024-07-01T16:33:19,1.0,gbif
Ca Thu,Scomberomorus,12.686389,102.121346,2024-07-01T06:44:33,1.0,gbif
Ca Ngu,Auxis,34.986136,139.844691,2025-07-26T13:16:20,1.0,gbif
Ca Thu,Scomber,36.885173,126.195002,2023-07-28T11:37:15,1.0,gbif
Ca Thu,Scomber,39.566102,26.104022,2024-07-02T20:03:13,1.0,gbif
Ca Thu,Scomberomorus,1.302466,103.824817,2024-07-06T12:19,1.0,gbif
Ca Thu,Scomberomorus,1.297114,103.970123,2024-07-06T10:56,1.0,gbif
Ca Thu,Scomberomorus,1.382545,103.911901,2024-07-06T12:49,1.0,gbif
Ca Ngu,Euthynnus,7.202767,79.829078,2021-07-05T05:06:03,1.0,gbif
Ca Ngu,Katsuwonus,7.203172,79.829033,2021-07-05T05:18:25,1.0,gbif
Ca Ngu,Thunnus,7.20292,79.82872,2025-07-29T10:35,1.0,gbif
Ca Ngu,Thunnus,7.203433,79.828812,2021-07-05T05:24:29,1.0,gbif
Ca Ngu,Thunnus,7.203037,79.82895,2021-07-05T05:17:58,1.0,gbif
Ca Thu,Scomber,22.753078,114.336401,2025-07-30T08:41,1.0,gbif
Ca Thu,Scomberomorus,22.559574,114.020915,2025-07-27T11:36:54,1.0,gbif
Ca Thu,Scomber,35.878056,129.518889,2022-07-20,1.0,gbif
Ca Thu,Scomberomorus,22.200725,113.85483,2022-07-02,1.0,gbif
Ca Thu,Scomber,33.214955,126.251762,2025-07-15T21:23:02,1.0,gbif
Ca Ngu,Thunnus,3.16394,101.699252,2025-07-30T11:17,1.0,gbif
Ca Ngu,Euthynnus,-5.500121,104.620709,2020-07-19T07:00:10,1.0,gbif
Ca Ngu,Euthynnus,-5.499708,104.620798,2020-07-22T08:37:20,1.0,gbif
Ca Thu,Scomber,38.931034,121.606174,2024-07-28T15:10:56,1.0,gbif
Ca Thu,Scomberomorus,40.212337,122.042664,2025-07-08T17:43:38,1.0,gbif
Ca Thu,Scomberomorus,38.809586,121.620537,2024-07-20T09:54:01,1.0,gbif
Ca Thu,Scomber,37.305256,27.340836,2025-07-01T11:24:36,1.0,gbif
Ca Thu,Scomber,25.176009,121.418503,2022-07-04,1.0,gbif
Ca Thu,Scomberomorus,-9.765158,119.370323,2020-07-21T05:05:11,1.0,gbif
Ca Ngu,Thunnus,34.768828,32.409725,2025-07-29T13:09:10,1.0,gbif
Ca Thu,Scomber,43.073115,131.925268,2025-07-23,1.0,gbif
Ca Thu,Scomberomorus,12.801785,101.414342,2023-07-06T06:03:16,1.0,gbif
Ca Ngu,Thunnus,12.781194,101.654571,2023-07-24T01:00:12,1.0,gbif
Ca Ngu,Euthynnus,4.479391,118.611545,2023-07-13T20:13,1.0,gbif
Ca Thu,Scomberomorus,6.81132,116.863746,2024-07-22T10:43,1.0,gbif
Ca Ngu,Thunnus,4.244651,117.891186,2022-07-31T08:33,1.0,gbif
Ca Ngu,Euthynnus,1.429392,125.123712,2023-07-04T12:59,1.0,gbif
Ca Thu,Scomberomorus,-1.060741,100.583645,2024-07-09T16:30:46,1.0,gbif
Ca Ngu,Euthynnus,13.127498,80.296571,2021-07-04T05:53,1.0,gbif
Ca Ngu,Thunnus,13.125114,80.295542,2021-07-04,1.0,gbif
Ca Ngu,Thunnus,13.178997,80.224142,2021-07-04T06:33,1.0,gbif
Ca Thu,Scomber,29.914145,121.537172,2025-07-27T18:49:53,1.0,gbif
Ca Thu,Scomber,29.995451,122.224377,2025-07-12T17:38:52,1.0,gbif
Ca Thu,Scomber,29.938961,122.224659,2025-07-02T16:33:24,1.0,gbif
Ca Thu,Scomber,29.99626,122.268306,2025-07-03T17:53:44,1.0,gbif
Ca Thu,Scomber,29.844331,122.285444,2025-07-03T17:52:42,1.0,gbif
Ca Thu,Scomber,30.022962,122.052069,2024-07-21T17:41:46,1.0,gbif
Ca Thu,Scomber,29.820727,122.007925,2024-07-20T10:05:32,1.0,gbif
Ca Thu,Scomber,30.056973,122.147131,2024-07-07,1.0,gbif
Ca Thu,Scomberomorus,29.925391,122.278706,2025-07-03T17:53:44,1.0,gbif
Ca Thu,Scomberomorus,29.959881,122.139856,2024-07-25T10:12:14,1.0,gbif
Ca Thu,Scomberomorus,32.430366,34.869096,2025-08-23,1.0,gbif
Ca Thu,Scomberomorus,29.534205,34.942539,2024-08-17,1.0,gbif
Ca Ngu,Thunnus,5.103353,73.072449,2025-08-20T07:01:35,1.0,gbif
Ca Ngu,Thunnus,37.299019,26.736796,2022-08-06T16:09,1.0,gbif
Ca Ngu,Thunnus,36.676899,31.513351,2020-08-13T20:56,1.0,gbif
Ca Thu,Scomber,40.4284,27.6332,2020-08-10,1.0,gbif
Ca Thu,Scomberomorus,-6.033633,106.599275,2024-08-18T10:02:28,1.0,gbif
Ca Ngu,Thunnus,10.513333,99.42788,2025-08-02T13:14:09,1.0,gbif
Ca Thu,Scomberomorus,36.262105,126.543608,2021-08-17,1.0,gbif
Ca Thu,Scomberomorus,20.694118,70.983378,2024-08-31T17:34,1.0,gbif
Ca Thu,Scomberomorus,1.325532,103.812964,2024-08-27T16:03,1.0,gbif
Ca Thu,Scomberomorus,1.270023,103.840834,2024-08-04T19:16,1.0,gbif
Ca Thu,Scomber,37.280527,129.325469,2024-08-24T09:04,1.0,gbif
Ca Thu,Scomber,43.567043,145.223755,2025-08-24T10:27:52,1.0,gbif
Ca Thu,Scomber,34.640019,135.109581,2024-08-15T20:58,1.0,gbif
Ca Thu,Scomberomorus,33.530209,126.85759,2021-08-24T13:18:22,1.0,gbif
Ca Thu,Acanthocybium,29.683333,129.516667,2022-08-09,1.0,gbif
Ca Ngu,Katsuwonus,29.683333,129.516667,2022-08-09,1.0,gbif
Ca Ngu,Thunnus,11.438212,75.696328,2024-08-02T14:14:48,1.0,gbif
Ca Ngu,Euthynnus,12.336,109.204,2025-08-17,1.0,gbif
Ca Ngu,Euthynnus,12.336,109.204,2025-08-17,1.0,gbif
Ca Thu,Scomber,33.430278,133.409722,2021-08-04,1.0,gbif
Ca Thu,Scomber,38.448876,128.461861,2020-08-22,1.0,gbif
Ca Thu,Scomber,38.719169,121.139913,2023-08-25T21:29,1.0,gbif
Ca Thu,Scomber,39.040333,122.723312,2025-08-06T18:58:40,1.0,gbif
Ca Thu,Scomber,39.039383,122.722253,2025-08-06T10:44:52,1.0,gbif
Ca Ngu,Euthynnus,36.756408,27.981017,2024-08-06T16:17:16,1.0,gbif
Ca Thu,Scomber,34.655833,129.507778,2020-08-25,1.0,gbif
Ca Thu,Scomber,25.471841,122.108847,2020-08-29T12:28,1.0,gbif
Ca Ngu,Euthynnus,-8.495295,119.463056,2023-08-05T17:07,1.0,gbif
Ca Ngu,Katsuwonus,-8.555287,119.431291,2023-08-05T16:53,1.0,gbif
Ca Thu,Scomber,34.61568,135.401383,2023-08-27T15:31:13,1.0,gbif
Ca Ngu,Katsuwonus,13.088,109.309,2025-08-24,1.0,gbif
Ca Ngu,Katsuwonus,13.088,109.309,2025-08-24,1.0,gbif
Ca Thu,Scomber,13.088,109.309,2025-08-24,1.0,gbif
Ca Thu,Scomber,13.088,109.309,2025-08-24,1.0,gbif
Ca Thu,Scomber,42.969904,131.747022,2025-08-30T20:39,1.0,gbif
Ca Thu,Scomber,42.92196,131.734329,2024-08-03T16:57:31,1.0,gbif
Ca Ngu,Euthynnus,15.379354,109.095386,2024-08-30T05:57,1.0,gbif
Ca Ngu,Euthynnus,15.37934,109.095522,2024-08-30T05:58,1.0,gbif
Ca Ngu,Katsuwonus,15.379371,109.095413,2024-08-23T06:54,1.0,gbif
Ca Ngu,Katsuwonus,15.379307,109.095116,2024-08-30T05:50,1.0,gbif
Ca Ngu,Thunnus,15.379307,109.095116,2024-08-30T05:50,1.0,gbif
Ca Thu,Acanthocybium,4.480218,118.61349,2025-08-24T09:32:41,1.0,gbif
Ca Ngu,Euthynnus,5.980539,116.070833,2024-08-01T19:02,1.0,gbif
Ca Thu,Scomberomorus,5.874823,116.170789,2024-08-01T19:02,1.0,gbif
Ca Ngu,Thunnus,5.832787,116.172811,2024-08-01T19:02,1.0,gbif
Ca Ngu,Thunnus,5.958608,116.145082,2024-08-01T19:03,1.0,gbif
Ca Ngu,Thunnus,1.555025,110.321419,2024-08-03T10:13,1.0,gbif
Ca Thu,Scomberomorus,37.530492,121.435517,2025-08-06T18:32:18,1.0,gbif
Ca Ngu,Euthynnus,13.12512,80.295542,2022-08-21T07:04:55,1.0,gbif
Ca Ngu,Katsuwonus,13.12512,80.295542,2022-08-21,1.0,gbif
Ca Ngu,Thunnus,13.12512,80.295542,2022-08-21T06:44:20,1.0,gbif
Ca Thu,Scomber,30.323539,122.269655,2024-08-19T09:37:47,1.0,gbif
Ca Thu,Scomber,29.977723,122.164291,2024-08-06T19:22:20,1.0,gbif
Ca Ngu,Thunnus,22.836917,121.189351,2020-09-09,1.0,gbif
Ca Ngu,Thunnus,22.837538,121.189131,2021-09-07,1.0,gbif
Ca Ngu,Thunnus,2.14839,118.54718,2022-09-21,1.0,gbif
Ca Thu,Scomberomorus,1.306855,103.941702,2024-09-06T15:14,1.0,gbif
Ca Thu,Scomberomorus,23.519892,117.054545,2023-09-10T11:48:38,1.0,gbif
Ca Thu,Scomber,41.784092,140.701324,2023-09-23T08:11:12,1.0,gbif
Ca Thu,Scomber,43.984167,144.299722,2022-09-29,1.0,gbif
Ca Thu,Scomber,34.686244,125.444232,2023-09-29T10:49,1.0,gbif
Ca Thu,Scomberomorus,17.256843,42.409539,2024-09-11T17:22:09,1.0,gbif
Ca Thu,Scomberomorus,12.297999,109.365693,2025-09-05,1.0,gbif
Ca Thu,Scomberomorus,38.875572,121.571677,2025-09-04T15:32:34,1.0,gbif
Ca Ngu,Euthynnus,18.912,72.825856,2024-09-22T07:19:51,1.0,gbif
Ca Ngu,Euthynnus,18.911947,72.825858,2024-09-22T07:19:45,1.0,gbif
Ca Thu,Scomberomorus,19.458342,72.747683,2025-09-13T17:52:36,1.0,gbif
Ca Ngu,Thunnus,18.912,72.825856,2024-09-22T07:19:51,1.0,gbif
Ca Thu,Scomberomorus,-8.458524,125.816305,2021-09-12T04:17,1.0,gbif
Ca Ngu,Thunnus,9.304995,123.306092,2022-09-25T13:48:20,1.0,gbif
Ca Thu,Scomberomorus,-2.280179,130.545221,2022-09-16T09:58,1.0,gbif
Ca Thu,Scomber,43.033371,131.890198,2024-09-29T22:09:11,1.0,gbif
Ca Thu,Scomber,43.087581,131.879161,2024-09-08T05:58:14,1.0,gbif
Ca Thu,Acanthocybium,15.379288,109.095325,2024-09-05T05:37,1.0,gbif
Ca Ngu,Thunnus,15.379288,109.095325,2024-09-05T05:37,1.0,gbif
Ca Ngu,Euthynnus,12.774844,101.326619,2023-09-19T17:57:12,1.0,gbif
Ca Ngu,Thunnus,2.795728,101.441061,2025-09-01T10:08,1.0,gbif
Ca Ngu,Auxis,36.098642,120.530722,2025-09-14T10:41:37,1.0,gbif
Ca Ngu,Euthynnus,36.098636,120.530686,2025-09-14T10:28:39,1.0,gbif
Ca Thu,Scomber,36.367097,120.675822,2025-09-06T10:23:57,1.0,gbif
Ca Thu,Scomberomorus,36.180661,120.277364,2025-09-07T09:55:44,1.0,gbif
Ca Thu,Scomberomorus,36.180678,120.277144,2025-09-07T10:04:12,1.0,gbif
Ca Thu,Scomberomorus,36.180836,120.277325,2025-09-07T10:04:35,1.0,gbif
Ca Thu,Scomberomorus,36.180831,120.277181,2025-09-07T10:01:50,1.0,gbif
Ca Thu,Scomberomorus,36.180803,120.277097,2025-09-07T10:00:11,1.0,gbif
Ca Thu,Scomberomorus,36.181017,120.277344,2025-09-07T10:28:04,1.0,gbif
Ca Thu,Scomberomorus,36.181297,120.277217,2025-09-07T09:48:55,1.0,gbif
Ca Thu,Scomberomorus,36.180736,120.277081,2025-09-07T10:00:38,1.0,gbif
Ca Thu,Scomberomorus,36.098119,120.530828,2025-09-14T10:51:08,1.0,gbif
Ca Thu,Scomber,34.663062,138.941274,2025-09-18T12:27,1.0,gbif
Ca Ngu,Euthynnus,-1.392706,120.737869,2024-09-04T21:24,1.0,gbif
Ca Thu,Scomber,30.056931,122.172049,2024-09-17T11:52:44,1.0,gbif
Ca Thu,Scomberomorus,30.017612,122.065054,2024-09-16T17:00:55,1.0,gbif
Ca Thu,Scomberomorus,29.930015,122.341178,2024-09-09T07:26:26,1.0,gbif
Ca Ngu,Auxis,16.894708,112.309842,2024-10-24T22:42,1.0,gbif
Ca Ngu,Auxis,24.68075,120.7801,2021-10-02,1.0,gbif
Ca Ngu,Euthynnus,5.209615,73.082462,2024-10-22T08:44,1.0,gbif
Ca Ngu,Katsuwonus,3.48326,72.8028,2021-10-11T09:23Z,1.0,gbif
Ca Thu,Scomberomorus,32.161414,34.792251,2024-10-29,1.0,gbif
Ca Ngu,Thunnus,43.231423,140.296078,2024-10-01T15:53,1.0,gbif
Ca Ngu,Euthynnus,36.084705,28.091392,2023-10-08T07:16,1.0,gbif
Ca Ngu,Thunnus,17.694853,83.301908,2025-10-15,1.0,gbif
Ca Ngu,Auxis,36.152295,29.598119,2020-10-11T07:00,1.0,gbif
Ca Ngu,Euthynnus,36.149522,29.593441,2020-10-21T09:00,1.0,gbif
Ca Ngu,Euthynnus,36.144661,29.607367,2020-10-11T06:53:05,1.0,gbif
Ca Thu,Scomber,40.680932,141.437076,2023-10-18T00:54:01,1.0,gbif
Ca Thu,Scomberomorus,35.13256,129.147293,2025-10-31T13:33:16,1.0,gbif
Ca Ngu,Katsuwonus,13.691023,123.674362,2024-10-27T19:03,1.0,gbif
Ca Thu,Scomber,35.206451,139.621779,2025-10-01T14:28,1.0,gbif
Ca Thu,Scomberomorus,35.369532,139.797347,2025-10-01T16:43,1.0,gbif
Ca Ngu,Katsuwonus,25.026684,55.082694,2024-10-06T11:24:21,1.0,gbif
Ca Thu,Scomberomorus,1.305425,103.942135,2024-10-25T17:40,1.0,gbif
Ca Thu,Scomber,24.775902,118.774953,2024-10-16T18:18:31,1.0,gbif
Ca Thu,Acanthocybium,6.109787,80.372761,2024-10-06T09:55,1.0,gbif
Ca Ngu,Euthynnus,22.555775,114.529146,2024-10-02T11:26:46,1.0,gbif
Ca Thu,Scomber,35.779167,129.51,2023-10-12,1.0,gbif
Ca Thu,Scomberomorus,35.779167,129.51,2023-10-12,1.0,gbif
Ca Thu,Scomberomorus,33.143842,35.150474,2025-10-26T14:48,1.0,gbif
Ca Ngu,Auxis,18.238097,109.430598,2023-10-20T22:39,1.0,gbif
Ca Thu,Scomber,43.664213,145.133576,2024-10-05T09:29:34,1.0,gbif
Ca Thu,Scomberomorus,37.599742,126.312494,2021-10-24,1.0,gbif
Ca Thu,Scomberomorus,37.599742,126.312494,2021-10-24,1.0,gbif
Ca Thu,Scomberomorus,-7.699269,108.688539,2022-10-29T07:24,1.0,gbif
Ca Thu,Scomberomorus,-7.699615,108.688612,2022-10-29T07:23,1.0,gbif
Ca Thu,Scomber,34.378344,126.315089,2021-10-15,1.0,gbif
Ca Thu,Scomber,34.378344,126.315089,2021-10-15,1.0,gbif
Ca Ngu,Euthynnus,17.328322,42.435662,2024-10-05T13:42:35,1.0,gbif
Ca Ngu,Auxis,31.291389,131.116389,2021-10-12,1.0,gbif
Ca Ngu,Auxis,31.283333,131.066667,2021-10-12,1.0,gbif
Ca Ngu,Euthynnus,31.428889,130.196944,2021-10-11,1.0,gbif
Ca Ngu,Euthynnus,31.428889,130.173611,2021-10-11,1.0,gbif
Ca Ngu,Euthynnus,31.428889,130.173611,2021-10-11,1.0,gbif
Ca Ngu,Euthynnus,31.428889,130.173611,2021-10-11,1.0,gbif
Ca Ngu,Euthynnus,31.663056,129.667778,2020-10-17,1.0,gbif
Ca Thu,Scomber,30.833333,129.866667,2022-10-15,1.0,gbif
Ca Thu,Scomber,30.833333,129.866667,2022-10-15,1.0,gbif
Ca Thu,Scomber,30.833333,129.866667,2022-10-15,1.0,gbif
Ca Thu,Scomber,30.833333,129.866667,2022-10-15,1.0,gbif
Ca Thu,Scomber,30.833333,129.866667,2022-10-15,1.0,gbif
Ca Thu,Scomber,30.833333,129.866667,2022-10-15,1.0,gbif
Ca Ngu,Euthynnus,12.014319,75.205606,2024-10-27T13:25:31,1.0,gbif
Ca Ngu,Euthynnus,8.881639,76.575077,2021-10-28T12:59:11,1.0,gbif
Ca Thu,Scomberomorus,19.160544,72.888495,2021-10-17T08:58:19,1.0,gbif
Ca Thu,Scomberomorus,-8.574746,125.814585,2020-10-16T10:13,1.0,gbif
Ca Thu,Scomber,25.126932,121.844225,2024-10-23T11:21,1.0,gbif
Ca Thu,Scomberomorus,12.507724,99.876729,2023-10-26T15:03:47,1.0,gbif
Ca Thu,Scomber,43.031776,131.895215,2024-10-20T15:49:21,1.0,gbif
Ca Thu,Scomber,43.060279,131.903642,2024-10-13T18:31:23,1.0,gbif
Ca Thu,Scomber,43.031681,131.895813,2024-10-02T18:32:38,1.0,gbif
Ca Thu,Scomberomorus,12.69442,101.793774,2024-10-03T07:23:19,1.0,gbif
Ca Ngu,Thunnus,22.791774,121.193323,2025-10-10T08:13:17,1.0,gbif
Ca Thu,Scomber,30.304904,122.241335,2024-10-07T14:23:14,1.0,gbif
Ca Ngu,Euthynnus,32.245194,34.78035,2025-11-27,1.0,gbif
Ca Ngu,Euthynnus,32.047514,34.712389,2024-11-14,1.0,gbif
Ca Thu,Scomberomorus,32.603824,34.894168,2023-11-10,1.0,gbif
Ca Thu,Scomberomorus,32.106866,34.750308,2023-11-08,1.0,gbif
Ca Ngu,Thunnus,4.19901,72.86094,2021-11-14,1.0,gbif
Ca Ngu,Auxis,22.577074,59.528934,2023-11-14T10:20:38,1.0,gbif
Ca Thu,Scomberomorus,1.272853,103.8518,2020-11-27T08:09:45,1.0,gbif
Ca Thu,Scomberomorus,1.239375,103.851609,2024-11-23T16:07,1.0,gbif
Ca Thu,Scomber,33.615818,130.031237,2023-11-23T19:29,1.0,gbif
Ca Ngu,Thunnus,6.12608,80.266954,2024-11-22T10:05,1.0,gbif
Ca Ngu,Thunnus,-6.11095,106.79966,2021-11-30T11:00,1.0,gbif
Ca Thu,Acanthocybium,-6.270325,107.662817,2023-11-11T08:45:32,1.0,gbif
Ca Ngu,Euthynnus,-7.713057,108.500385,2024-11-17,1.0,gbif
Ca Ngu,Euthynnus,-7.713298,108.500195,2024-11-17T10:23,1.0,gbif
Ca Ngu,Euthynnus,-7.712935,108.500494,2024-11-17T07:53:21,1.0,gbif
Ca Ngu,Euthynnus,-7.711185,108.49827,2024-11-17T08:58:47,1.0,gbif
Ca Ngu,Euthynnus,-7.713302,108.500257,2024-11-17T09:39:08,1.0,gbif
Ca Thu,Scomberomorus,-6.307844,107.612364,2023-11-11T08:42:54,1.0,gbif
Ca Thu,Scomberomorus,-7.712943,108.500499,2024-11-17,1.0,gbif
Ca Ngu,Thunnus,-6.270325,107.662817,2023-11-11T08:42:49,1.0,gbif
Ca Thu,Scomber,31.804722,129.841944,2022-11-21,1.0,gbif
Ca Thu,Scomber,31.1743,130.735475,2023-11-07T09:48:17,1.0,gbif
Ca Ngu,Euthynnus,10.437947,76.12285,2021-11-05T16:47:41,1.0,gbif
Ca Ngu,Euthynnus,8.401818,76.971756,2023-11-21T11:25:03,1.0,gbif
Ca Ngu,Katsuwonus,7.099752,124.022381,2023-11-24T12:10:37,1.0,gbif
Ca Ngu,Katsuwonus,5.885442,80.566516,2023-11-13T10:19,1.0,gbif
Ca Ngu,Euthynnus,19.526249,85.257047,2021-11-27T08:36:51,1.0,gbif
Ca Thu,Scomberomorus,13.495985,120.972428,2025-11-06T10:53,1.0,gbif
Ca Thu,Scomberomorus,7.907094,98.598205,2024-11-28T07:53:11,1.0,gbif
Ca Thu,Scomberomorus,4.491464,118.900097,2024-11-15T10:32:17,1.0,gbif
Ca Ngu,Thunnus,4.478655,118.616883,2025-11-23T17:58:13,1.0,gbif
Ca Thu,Scomber,36.098542,120.530514,2025-11-20T15:06:41,1.0,gbif
Ca Thu,Scomber,36.098678,120.530683,2025-11-20T14:54:17,1.0,gbif
Ca Thu,Scomber,36.385671,120.870294,2024-11-23T18:46:55,1.0,gbif
Ca Thu,Scomber,36.047611,120.300588,2023-11-04T10:57:18,1.0,gbif
Ca Thu,Scomberomorus,36.070822,120.337134,2025-11-27T17:37,1.0,gbif
Ca Thu,Scomberomorus,37.169422,122.410136,2025-11-01T15:52:08,1.0,gbif
Ca Ngu,Auxis,-3.063309,118.933298,2024-11-04T20:30,1.0,gbif
Ca Ngu,Euthynnus,-3.398481,119.211072,2024-11-17T14:03,1.0,gbif
Ca Thu,Scomberomorus,24.299755,120.486428,2024-11-06T00:03:54,1.0,gbif
Ca Thu,Scomberomorus,24.662347,120.785116,2021-11-13T15:13,1.0,gbif
Ca Thu,Acanthocybium,10.274782,79.823046,2023-11-06T08:11:53,1.0,gbif
Ca Thu,Scomber,30.277614,122.281045,2024-11-30T14:27:56,1.0,gbif
Ca Thu,Scomber,30.228786,122.306352,2024-11-23T13:22:49,1.0,gbif
Ca Thu,Scomberomorus,30.024127,122.112602,2024-11-22T18:39:53,1.0,gbif
Ca Ngu,Euthynnus,32.836168,35.018519,2024-12-02,1.0,gbif
Ca Ngu,Euthynnus,32.835364,35.023914,2024-12-02,1.0,gbif
Ca Thu,Scomberomorus,32.219564,34.79881,2023-12-17,1.0,gbif
Ca Thu,Scomberomorus,24.44779,54.32323,2024-12-17T00:00Z,1.0,gbif
Ca Thu,Scomberomorus,24.40866,54.41551,2024-12-17T00:00Z,1.0,gbif
Ca Thu,Scomberomorus,24.40866,54.41551,2024-12-17T00:00Z,1.0,gbif
Ca Thu,Scomberomorus,24.40866,54.41551,2024-12-17T00:00Z,1.0,gbif
Ca Thu,Scomberomorus,24.44779,54.32323,2024-12-17T00:00Z,1.0,gbif
Ca Ngu,Thunnus,9.931233,76.267304,2023-12-03,1.0,gbif
Ca Ngu,Euthynnus,19.067463,84.702077,2025-12-28T16:28:11,1.0,gbif
Ca Ngu,Katsuwonus,-8.356305,115.715422,2025-12-12T07:37:01,1.0,gbif
Ca Thu,Scomber,-8.757178,115.168475,2023-12-28T11:37:31,1.0,gbif
Ca Thu,Scomberomorus,9.459136,123.951433,2024-12-15T10:16:08,1.0,gbif
Ca Thu,Scomberomorus,35.170481,129.124178,2022-12-17T10:42,1.0,gbif
Ca Ngu,Euthynnus,12.620728,102.004775,2025-12-22T14:28:50,1.0,gbif
Ca Thu,Scomberomorus,1.323123,103.877341,2023-12-26T11:07:44,1.0,gbif
Ca Thu,Scomber,24.548527,118.103213,2023-12-01T20:14:04,1.0,gbif
Ca Ngu,Thunnus,7.202829,79.828829,2023-12-21T06:19,1.0,gbif
Ca Thu,Scomberomorus,15.652478,73.713912,2024-12-23T23:33:41,1.0,gbif
Ca Thu,Scomber,21.382777,109.142921,2025-12-31T01:05,1.0,gbif
Ca Thu,Scomberomorus,21.428576,109.010995,2025-12-31T10:06,1.0,gbif
Ca Thu,Scomberomorus,21.439226,109.17485,2025-12-31T10:03,1.0,gbif
Ca Thu,Scomberomorus,21.445195,109.1287,2025-12-30T16:28,1.0,gbif
Ca Thu,Scomberomorus,27.963768,34.576363,2024-12-12T12:59,1.0,gbif
Ca Ngu,Euthynnus,-7.566055,110.815686,2024-12-17T19:59,1.0,gbif
Ca Ngu,Euthynnus,-8.316066,112.145388,2022-12-16T12:38:12,1.0,gbif
Ca Thu,Scomber,31.133333,130.516667,2021-12-03,1.0,gbif
Ca Thu,Acanthocybium,8.880547,76.58095,2024-12-21T16:07:09,1.0,gbif
Ca Ngu,Auxis,18.911945,72.824964,2022-12-02T09:20:55,1.0,gbif
Ca Thu,Scomberomorus,32.000278,131.49,2020-12-17,1.0,gbif
Ca Thu,Scomberomorus,23.657596,58.456314,2023-12-24T08:15,1.0,gbif
Ca Thu,Scomberomorus,23.686978,58.519453,2023-12-24T08:15,1.0,gbif
Ca Ngu,Thunnus,-8.500432,121.782242,2022-12-19T12:08,1.0,gbif
Ca Ngu,Euthynnus,24.326944,124.051111,2021-12-02,1.0,gbif
Ca Thu,Scomberomorus,-2.247157,130.424118,2024-12-19T08:34,1.0,gbif
Ca Thu,Scomber,43.981513,145.617478,2025-12-18T10:33,1.0,gbif
Ca Thu,Scomber,36.098522,120.530472,2025-12-14T14:39:14,1.0,gbif
Ca Thu,Scomber,36.098862,120.530609,2025-12-14T14:59:50,1.0,gbif
Ca Thu,Scomberomorus,36.098408,120.530739,2025-12-18T16:00:26,1.0,gbif
Ca Thu,Scomberomorus,36.098672,120.530656,2024-12-25T13:52:36,1.0,gbif
Ca Thu,Scomberomorus,36.099086,120.530658,2024-12-25T13:47:32,1.0,gbif
Ca Ngu,Katsuwonus,-1.392706,120.737869,2024-12-28T13:20,1.0,gbif
Ca Thu,Scomberomorus,1.763432,125.010991,2023-12-01T10:44,1.0,gbif
Ca Thu,Scomberomorus,23.189647,120.085839,2020-12-11T13:25,1.0,gbif
Ca Thu,Scomberomorus,23.189648,120.08585,2020-12-09T13:40,1.0,gbif
Ca Thu,Acanthocybium,21.925217,120.831978,2025-12-13T15:14:10,1.0,gbif
Ca Ngu,Katsuwonus,23.098756,121.380387,2023-12-29T13:54:18,1.0,gbif
Ca Thu,Scomberomorus,24.591871,121.892877,2025-12-18T16:16,1.0,gbif
Ca Thu,Scomberomorus,23.141636,121.240151,2023-12-29T13:48:49,1.0,gbif
Ca Thu,Scomberomorus,34.418056,131.269167,2022-12-30,1.0,gbif
Ca Thu,Scomber,30.284115,122.2294,2024-12-12T13:14:43,1.0,gbif
Ca Thu,Scomber,29.975365,122.312424,2024-12-07T12:01:35,1.0,gbif
Ca Thu,Scomberomorus,30.248884,122.397657,2024-12-07T10:28,1.0,gbif
